0.0826180512	0.0826144894	0.0826085531	0.0826002426	0.0825895581	0.08257649980000001	0.0825610682	-0.110955	0.027817500000000002	-0.0931466	0.0	-0.00139572	0.0	-0.0868087114	0.0026260963	0.0428744613	-0.1098809912	-0.0001138647	-0.0707020632	0.0
0.0826085531	0.08257649980000001	0.0825230869	0.0824483281	0.0823522428	0.0822348559	0.0820961977	-0.15071699999999996	0.020058799999999998	-0.096585	0.0	-0.00105364	-0.000408198	-0.0645541334	-0.0269817423	0.024991346400000003	-0.0711571558	-0.048064811	-0.0588751236	0.08847299999999997
0.0825895581	0.0825005382	0.0823522428	0.0821447785	0.0818782943	0.0815529816	0.0811690742	-0.156641	0.044269199999999995	-0.127788	0.00039652400000000004	-0.0015481099999999995	-0.00025623400000000004	-0.0280050855	-0.008285214	-0.021801774500000003	-0.112586574	0.0129163743	0.03785119	0.11348530000000001
0.0825610682	0.0823866395	0.0820961977	0.0816901521	0.0811690742	0.0805336979	0.079784918	-0.165219	0.0632146	-0.08215899999999997	0.000436649	-0.00157769	-0.000285582	-0.019438835	0.0017115736	0.0273673867	-0.0113320994	-0.0525227306	0.017013730300000002	0.07810505000000001
0.0825230869	0.0822348559	0.0817552165	0.0810852849	0.08022662059999999	0.0791812221	0.0779515227	-0.173315	0.028673200000000006	-0.135022	0.0004695980000000001	-0.00151611	-0.00055803	-0.0163358728	0.0063905301	-0.0066937752	-0.0335491043	0.0090197458	0.0490836137	0.11384925000000005
0.08247561839999999	0.0820452574	0.0813296518	0.0803312895	0.0790536414	0.0775011496	0.07567921150000001	-0.15103	0.0908025	-0.07632809999999997	0.0005226	-0.00173431	-0.00036003699999999995	-0.0276392067	0.0084615824	-0.06793031299999999	-0.0137823455	-0.0163358838	0.056470322300000014	0.16656795000000002
0.0824186682	0.0818179311	0.0808199441	0.0794295525	0.0776535072	0.0755004314	0.0729807789	-0.13139300000000004	0.0163997	-0.0975197	0.00029733	-0.0020567	0.0	-0.0315103538	0.0057876463	-0.0344281731	-0.0052407548	0.06746917969999999	-0.0016917292000000002	0.16061625
0.0823522428	0.0815529816	0.08022662059999999	0.0783817324	0.0760302412	0.07318734519999999	0.0698714189	-0.144874	0.0844513	-0.072283	6.8087199999999986e-06	-0.00194391	0.0	-0.06551768549999999	-0.0016329360999999998	-0.0198997116	0.04335591230000002	0.0149987156	0.0240494096	0.12693486399999998
0.08227635	0.0812505306	0.0795502952	0.0771897563	0.0741885076	0.0705714608	0.06636863900000001	-0.162055	0.00997242	-0.08141149999999997	0.000112812	-0.00178373	-0.000273483	-0.0507235341	0.016059779099999998	-0.024460619500000003	0.0271730517	-0.0157958726	-0.0403327993	0.12777169400000002
0.0821909983	0.0809107173	0.0787916676	0.0758558164	0.0721335987	0.06766360099999999	0.0624921622	-0.157606	0.10005	-0.074074	-0.000468292	-0.00190327	-0.000268877	-0.0530193234	-0.0029607376	-0.0176465711	0.0659085994	-0.07330089320000001	-0.0237387374	0.13712658000000005
0.0820961977	0.0805336979	0.0779515227	0.0743823661	0.0698714189	0.0644757965	0.0582638153	-0.13866900000000001	-0.00130714	-0.0810556	-8.589370000000001e-05	-0.0021791999999999996	0.0	-0.0636057975	-0.0197781002	-0.0260952168	0.0151470801	0.0246930536	-0.1165199452	0.173636005
0.081991959	0.0801196458	0.0770307297	0.07277211509999999	0.06740846860000001	0.0610212361	0.0537074066	-0.156127	0.06526120000000002	-0.0737685	-0.000715907	-0.00178878	-0.000434775	-0.08830184710000001	-0.0365967083	0.0661052709	0.0444209441	0.0390020679	-0.0049425438	0.164073855
0.0818782943	0.0796687514	0.0760302412	0.0710280251	0.06475182480000001	0.0573142124	0.048848591600000005	-0.176824	0.0226195	-0.0649618	-0.000253662	-0.00200249	-0.000376272	-0.0583827578	-0.0327256099	0.0990749658	0.0373562317	-0.0144431571	-0.0595336319	0.10886830000000004
0.0817552165	0.0791812221	0.0749510924	0.0691533037	0.0619091212	0.0533700625	0.0437147285	-0.190122	0.048641500000000004	-0.110509	-0.0008532989999999999	-0.00220104	-0.000434775	-0.0174056162	-0.0259702319	0.0181182024	-0.024967116400000003	-0.0035794658000000007	0.0355263519	0.1277017
0.08162273980000001	0.0786572819	0.0737943996	0.0671513987	0.0588885262	0.0492051046	0.0383347241	-0.1981	0.0486598	-0.11138599999999999	-0.000876495	-0.00193432	-0.000434775	0.0287925813	-0.030179568700000006	0.0468950559	-0.0038450352	-0.1067903064	0.013159963	0.023369099999999997
0.0814808795	0.0780971719	0.0725613598	0.0650259921	0.0556987191	0.0448365703	0.0327388711	-0.21167399999999997	0.0217005	-0.11237799999999999	-0.000812274	-0.00205032	-0.0006728330000000001	0.0200257661	0.0165657663	0.0246459983	-0.027407556	-0.0154951849	0.1171693014	0.062439250000000016
0.0813296518	0.0775011496	0.0712532484	0.0627809927	0.0523488658	0.0402825336	0.0269586778	-0.206116	0.08572830000000001	-0.0673129	-0.00183922	-0.0021100000000000003	-0.000603881	-0.0168767294	-0.0056177554000000005	0.023458856	0.0283477721	-0.0936554016	0.0205420354	0.17242979999999994
0.0811690742	0.076869489	0.0698714189	0.06042052940000001	0.048848591600000005	0.035561835800000004	0.0210266903	-0.193877	0.0303947	-0.11256	-0.000777766	-0.00215988	-0.00041918900000000004	-0.020932674	-0.0248428506	-0.0403856426	-0.0396015919	-0.040530926	0.0014068904000000002	0.177621
0.08099916509999999	0.0762024808	0.0684173009	0.0579489435	0.0452079546	0.030694008	0.0149763093	-0.16016	0.055246	-0.07582709999999998	-0.00108838	-0.00236977	-0.00010435	-0.0141369929	0.0029046036	-0.0146537778	-0.0331231012	-0.017468526499999998	0.0730761879	0.13706835
0.0808199441	0.0755004314	0.0668923989	0.0553707806	0.0414374156	0.0256991899	0.0088416023	-0.15393099999999998	0.027904400000000003	-0.0999477	-0.000828536	-0.0023783000000000003	0.000112988	-0.021900869	0.006549221	0.0310689511	-0.0110668984	0.0419164123	0.034553161400000004	0.08197679999999997
0.0806314317	0.0747636639	0.0652982905	0.0526907823	0.0375478092	0.0205980464	0.0026571115999999995	-0.16780799999999998	0.07068830000000001	-0.100384	0.000180042	-0.00271321	0.000112988	-0.0240349186	0.0301893959	0.0646567775	0.0754547526	0.0369273357	0.0840092947	0.12427160000000002
0.0804336496	0.07399251700000001	0.0636366248	0.0499138777	0.0335503118	0.0154116826	-0.0035423403000000007	-0.157176	0.042964499999999996	-0.06838960000000001	-0.0008437069999999999	-0.00263379	0.000112988	-0.0157867498	0.0078923495	0.05988010110000001	0.0586760654	-0.0453104538	0.008504360899999999	0.12550865000000005
0.08022662059999999	0.07318734519999999	0.0619091212	0.0470451738	0.0294564099	0.010161556	-0.0097218466	-0.157444	0.0656335	-0.114291	-0.000879505	-0.00280419	0.000112988	-0.0108364123	0.0020457861	0.0120319592	0.0304666257	-0.05741012	0.0586460229	0.07914829999999999
0.0800103684	0.07234851889999999	0.0601175669	0.044089946500000005	0.0252778672	0.004869388	-0.0158466129	-0.188111	0.245155	-0.155155	-4.72321e-05	-0.00280419	0.000112988	-0.0140003264	-0.0323915478	0.0886313819	0.0805589292	-0.0797801313	-0.0941714298	0.292666145
0.079784918	0.0714764238	0.0582638153	0.0410536312	0.0210266903	-0.0004429262	-0.0218821528	-0.183636	0.157361	-0.40631	0.000584754	-0.00305168	0.00078511	0.1380608847	-0.0715926876	0.0202998594	-0.06953770570000001	0.0438077629	-0.0254130658	0.4210039050000001
0.0795502952	0.0705714608	0.05634978440000001	0.0379418119	0.0167150947	-0.005753407800000001	-0.0277944824	-0.16164	-0.165404	-0.354122	0.00079652	-0.00330632	0.000902409	0.1085275798	0.011525711	-0.0053435275	-0.0664165467	0.0392225807	0.0312487626	0.42613425
0.079306527	0.06963404620000001	0.0543774543	0.0347602118	0.0123554694	-0.0110400859	-0.0335503118	-0.17122300000000001	-0.0625096	-0.322947	0.0011659900000000006	-0.00409255	0.000813406	0.0723345988	0.004075711	-0.0504156233	-0.0371902257	0.1049400764	0.0603033389	0.20588755
0.0790536414	0.068664611	0.0523488658	0.0315146823	0.0079603416	-0.0162810877	-0.0391172318	-0.192383	0.0213215	-0.265298	0.000511969	-0.00407483	0.000491342	0.058500232	0.027845583700000003	0.0091852467	-0.0018256927	0.0164929322	-0.0069437013	0.21233035000000008
0.0787916676	0.06766360099999999	0.0502661174	0.0282111925	0.0035423403000000007	-0.0214547298	-0.0444638974	-0.203955	0.0557201	-0.312775	0.00123815	-0.0039159	-0.00011269299999999999	0.0287739626	-0.021415041800000003	-0.046707063	-0.0217217941	0.128837537	0.0338502621	0.16790490000000002
0.0785206355	0.06663147650000001	0.0481313641	0.024855818	-0.0008858397	-0.0265396073	-0.0495602034	-0.22410500000000005	0.11220799999999999	-0.282227	0.0009953300000000002	-0.00397588	3.58492e-05	0.0774415395	0.024906916400000003	-0.0452015784	-0.0205643829	0.1040859198	0.0262367951	0.12975301000000006
0.0782405765	0.0655687121	0.0459468144	0.0214547298	-0.0053114742	-0.0315146823	-0.0543774543	-0.23336700000000002	0.16610999999999998	-0.305215	0.0014771299999999995	-0.00404005	0.00017163900000000001	0.1265321237	0.0865911899	-0.0277463019	0.1088325147	0.025755372400000004	0.1089136747	0.12023999
0.0779515227	0.0644757965	0.0437147285	0.018014183200000002	-0.0097218466	-0.0363593716	-0.0588885262	-0.2328800000000001	0.12376199999999996	-0.271048	0.001174	-0.00428728	0.000380233	0.0829602381	0.0936963117	-0.0639596887	0.1297167464	-0.0166598242	-0.0222211504	0.1149497
0.0776535072	0.0633532322	0.0414374156	0.0145405056	-0.014104284	-0.0410536312	-0.0630680188	-0.23829099999999998	0.101878	-0.295277	0.001424	-0.00456246	0.00032041599999999996	0.0788752878	0.06362011349999999	-0.0682429045	0.1389612509	-0.0125605282	-0.0419136884	0.08077385
0.0773465645	0.0622015356	0.0391172318	0.0110400859	-0.0184461937	-0.0455780395	-0.0668923989	-0.21930500000000008	0.06148240000000001	-0.241371	0.0009493189999999999	-0.00465718	0.000380233	0.031263744	0.043518182	-0.0378973992	0.1099322181	-0.0637756453	-0.1127870014	0.14474850000000006
0.0770307297	0.0610212361	0.0367565777	0.0075193617	-0.0227350996	-0.0499138777	-0.0703401329	-0.209252	0.00107101	-0.29499899999999996	0.0009239960000000001	-0.00465718	0.000380233	0.07024521809999999	0.0029793202	-0.0576469349	0.0107360132	0.0130945086	-0.1000114563	0.12535854
0.0767060391	0.0598128765	0.0343578954	0.0039848083	-0.0269586778	-0.0540432071	-0.073391808	-0.21917399999999998	0.0154173	-0.26857	0.000223935	-0.00482809	0.000380233	0.0356639668	-0.0044985775	-0.0241722857	0.00049988	-0.010005525	-0.0532860118	0.09424584000000004
0.0763725302	0.0585770125	0.0319236667	0.0004429262	-0.0311047922	-0.0579489435	-0.0760302412	-0.21609099999999998	-0.0285595	-0.30190700000000004	0.000867715	-0.00464486	0.000240322	0.0220449784	-0.0009373802	-0.0602389667	-0.06682152570000001	0.0373523637	-0.0214954177	0.12874285000000002
0.0760302412	0.0573142124	0.0294564099	-0.0030997705	-0.0351615291	-0.0616149276	-0.0782405765	-0.235684	0.030349900000000006	-0.275865	0.000498765	-0.00437377	0.000380233	0.0572975561	0.0391186546	-0.0865665224	-0.0351976543	0.079087198	0.0295379447	0.14354194999999995
0.07567921150000001	0.0560250569	0.0269586778	-0.0066367663	-0.0391172318	-0.0650259921	-0.0800103684	-0.22624	0.00249559	-0.287654	0.00020286599999999998	-0.00443787	0.000201383	0.0295641298	0.0096889691	-0.0561399136	0.0025527611	0.0990957117	-0.0815240877	0.07602976
0.0753194814	0.0547101387	0.0244330544	-0.010161556	-0.042960534	-0.06816802450000001	-0.0813296518	-0.233835	0.07521900000000001	-0.26508400000000004	0.00020286599999999998	-0.00437377	0.000210943	0.028337556200000006	0.0138567661	0.007908613	0.06454091519999999	0.0617649144	-0.010961734	0.10657141000000002
0.0749510924	0.0533700625	0.0218821528	-0.013667657	-0.0466803921	-0.0710280251	-0.0821909983	-0.237154	0.0453211	-0.24329099999999998	-1.93562e-05	-0.00437377	-3.0243200000000002e-05	0.0147535407	-0.0011588966	0.0288074192	0.0277253492	0.0472311385	-0.1113132066	0.07818031999999997
0.0745740866	0.0520054446	0.019308612	-0.017148621200000002	-0.0502661174	-0.0735941614	-0.0825895581	-0.23781799999999997	0.0764812	-0.272635	-0.000536833	-0.00474293	-3.0243200000000002e-05	0.0580136929	-6.26049e-05	0.0131855379	-0.0240275658	-0.0030853874	-0.0437303002	0.10549994000000004
0.0741885076	0.0506169125	0.0167150947	-0.0205980464	-0.0537074066	-0.0758558164	-0.0825230869	-0.237154	0.07570789999999998	-0.266989	-0.000104613	-0.00437377	-3.0243200000000002e-05	0.0788409512	0.0123578901	0.0289101428	-0.047430113200000006	-0.0151429369	-0.0112732456	0.047152300000000064
0.0737943996	0.0492051046	0.014104284	-0.0240095886	-0.056994371399999987	-0.077803633	-0.081991959	-0.24828499999999998	0.0767211	-0.28618000000000005	-0.0006718160000000001	-0.0047842	-3.0243200000000002e-05	0.07773015929999999	0.048015558	-0.0151194583	-0.0441583959	-0.013232796000000002	0.0472666986	0.08021685
0.073391808	0.0477706702	0.0114788812	-0.0273769736	-0.0601175669	-0.0794295525	-0.08099916509999999	-0.24468299999999998	0.06685039999999999	-0.256726	-0.0007307099999999998	-0.00473079	-3.0243200000000002e-05	0.0330017716	0.016619394	-0.0023882217	0.0100778325	-0.0693658234	-0.0489020733	0.048541899999999936
0.0729807789	0.0463142688	0.0088416023	-0.030694008	-0.0630680188	-0.080726848	-0.0795502952	-0.23845300000000005	0.00198689	-0.280021	-1.29977e-05	-0.00472378	-0.000110761	0.0546855618	0.0257950313	-0.0266904996	-0.0729597324	0.0012356178	-0.0258659198	0.13465051500000005
0.0725613598	0.0448365703	0.0061951761	-0.0339545915	-0.0658372492	-0.0816901521	-0.0776535072	-0.238275	0.0507093	-0.245784	-0.000301952	-0.00468296	-3.0243200000000002e-05	0.0045576571	0.0089611736	-0.0156847105	-0.0572203765	-0.0624233342	-0.0196150987	0.10365201500000004
0.0721335987	0.04333825400000002	0.0035423403000000007	-0.0371527273	-0.0684173009	-0.0823154793	-0.0753194814	-0.236639	0.00547632	-0.292547	0.000300821	-0.00504134	-3.0243200000000002e-05	0.0011668099	-0.011796353600000002	-0.0460525875	-0.080227435	0.0480638436	-0.0609452401	0.14168963
0.0716975448	0.0418200091	0.0008858397	-0.0402825336	-0.0708007604	-0.0826002426	-0.0725613598	-0.23600100000000002	0.0470885	-0.274542	-0.00020177099999999998	-0.00470285	-3.0243200000000002e-05	0.0391668707	0.025088884300000003	-0.0038871191	-0.0767892805	0.02178402	0.0397509526	0.10230928
0.0712532484	0.0402825336	-0.0017715775	-0.04333825400000002	-0.0729807789	-0.0825432638	-0.0693946722	-0.24508899999999997	0.00701551	-0.25916100000000003	-0.00020177099999999998	-0.00476785	-3.0243200000000002e-05	0.0243761449	0.0115017416	0.0222413085	-0.0353952782	0.0445552609	-0.0093664553	0.06779199000000005
0.0708007604	0.0387265345	-0.0044271617	-0.0463142688	-0.0749510924	-0.0821447785	-0.0658372492	-0.263469	0.0715857	-0.227194	-0.00116403	-0.00475644	-0.00020519400000000001	0.0213034633	0.0236768987	0.0750096703	0.0493094748	0.040123603	0.0675840936	0.17234817999999996
0.0703401329	0.0371527273	-0.0070781657	-0.0492051046	-0.0767060391	-0.0814064355	-0.0619091212	-0.239921	0.032062099999999996	-0.22180500000000009	-0.000627484	-0.00437378	-3.0243200000000002e-05	-0.0124472979	0.0124378451	0.0758533347	0.0243465579	-0.0051896546	-0.0965559673	0.12316844
0.0698714189	0.035561835800000004	-0.0097218466	-0.0520054446	-0.0782405765	-0.0803312895	-0.05763240610000001	-0.240802	0.07237710000000001	-0.28267800000000004	-0.000186719	-0.00497484	6.50083e-05	0.0413090605	0.0094583773	0.0126502642	-0.0454711233	-0.0325532815	0.0112157218	0.15892282499999996
0.0693946722	0.0339545915	-0.0123554694	-0.0547101387	-0.0795502952	-0.0789237887	-0.0530311845	-0.240411	0.0629753	-0.245773	-0.000496192	-0.00489842	0.00017131400000000002	0.0319352065	0.003466474	0.0399306298	-0.0048059539	-0.0480692205	-0.0365794563	0.07130773500000001
0.0689099476	0.0323317335	-0.0149763093	-0.0573142124	-0.0806314317	-0.0771897563	-0.0481313641	-0.228604	0.0299962	-0.24811799999999998	-0.000749753	-0.00493115	0.000348102	0.0051189019	-0.0072840872	-0.0270964344	-0.0531477833	0.0373540565	0.0403999328	0.07028505000000003
0.0684173009	0.030694008	-0.0175816548	-0.0598128765	-0.0814808795	-0.0751363666	-0.042960534	-0.236577	0.09300189999999996	-0.22980799999999998	-0.000627484	-0.00500738	0.00059601	0.012766829	0.0481398871	-0.0306610595	-0.0237043475	0.0044178266	0.0511900549	0.11160905
0.0679167887	0.0290421682	-0.0201688105	-0.0622015356	-0.0820961977	-0.07277211509999999	-0.0375478092	-0.23784899999999998	0.0933065	-0.11972000000000001	-0.000929052	-0.00497235	-5.33863e-05	-0.0373490189	-0.0522870818	-0.0606020971	0.014977916	0.0580414883	-0.0385758278	0.16096431499999994
0.06740846860000001	0.0273769736	-0.0227350996	-0.0644757965	-0.08247561839999999	-0.0701067834	-0.0319236667	-0.299718	0.324995	0.525378	0.000230067	-0.00315747	-0.00330505	-0.2004340389	-0.5250785890999999	-0.1336227586	0.267234434	-0.0586640566	0.2029758325	1.249938635
0.0668923989	0.0256991899	-0.0252778672	-0.06663147650000001	-0.0826180512	-0.0671513987	-0.0261197739	-0.314301	-0.06927700000000002	-0.00114226	-0.000139436	-0.00133227	-0.00181192	-0.1403451099	-0.0977631949	0.0645973541	0.0903965558	0.1523962287	0.0156049843	1.1197669099999998
0.06636863900000001	0.0240095886	-0.0277944824	-0.068664611	-0.0825230869	-0.0639181885	-0.0201688105	-0.329475	0.014347299999999999	-0.0477644	-9.50794e-05	-0.00214806	-0.0013623000000000005	-0.0153102145	-0.0371366706	0.06353994730000001	0.0072503234	-0.1077164408	0.022134194300000003	0.21090877
0.0658372492	0.022308946800000003	-0.0302823417	-0.0705714608	-0.0821909983	-0.06042052940000001	-0.014104284	-0.325071	-0.00978909	-0.110553	7.473130000000001e-05	-0.00341135	-0.00122606	-0.0432403016	-0.023367441800000003	0.0388012582	-0.0261075073	0.0047087092	0.0307992548	0.16979602500000002
0.0652982905	0.0205980464	-0.0327388711	-0.07234851889999999	-0.08162273980000001	-0.05667289230000001	-0.0079603416	-0.317157	0.09590800000000001	-0.106697	0.00020741900000000005	-0.00377911	-0.00125084	-0.007544750500000002	0.0058055104	0.0411823449	0.0202534203	0.0222747952	0.1413352385	0.14372847499999994
0.06475182480000001	0.0188776742	-0.0351615291	-0.07399251700000001	-0.0808199441	-0.0526907823	-0.0017715775	-0.317834	0.069175	-0.09242339999999999	1.2172399999999998e-06	-0.00421363	-0.00123982	-0.0732889432	-0.007690565	-0.002643053	0.0407648186	0.0228267213	0.0125761326	0.07427068799999999
0.064197915	0.017148621200000002	-0.0375478092	-0.0755004314	-0.079784918	-0.0484906747	0.0044271617	-0.32971500000000004	0.114022	-0.128048	-0.000220058	-0.0036594	-0.00142639	-0.0330947726	0.0272417244	0.0026194676	0.0978829507	-0.0701263142	0.0365495528	0.140456362
0.0636366248	0.0154116826	-0.0398952426	-0.076869489	-0.0785206355	-0.044089946500000005	0.0106009733	-0.298737	0.07078480000000001	-0.0944418	-0.000102337	-0.0034595999999999997	-0.0015255000000000002	-0.0647938957	-0.0310131288	0.0306109866	0.055264561600000005	-0.1325151473	-0.093725508	0.12865295
0.0630680188	0.013667657	-0.0422014006	-0.0780971719	-0.0770307297	-0.039506804900000005	0.0167150947	-0.417209	0.0482473	-0.147161	0.00125887	-0.00362931	-0.00302662	-0.0454504134	0.0107004572	0.035032628	-0.066154924	-0.1157119099	-0.0040401948	0.34533055
0.0624921622	0.0119173466	-0.0444638974	-0.0791812221	-0.0753194814	-0.0347602118	0.0227350996	-0.288138	0.108572	-0.183724	0.00185617	-0.00416019	-0.00160887	-0.0648439808	-0.0212445037	-0.016276878	-0.0718832492	-0.0426608389	-0.04698406	0.3532552
0.0619091212	0.010161556	-0.0466803921	-0.0801196458	-0.073391808	-0.0298698051	0.0286270917	-0.211483	0.0938654	-0.218495	0.00167203	-0.00428222	0.000129579	-0.0496671787	-0.0173025988	-0.0616182958	-0.0702768549	0.0331024631	-0.011613449	0.22836355
0.061318963	0.0084010927	-0.048848591600000005	-0.0809107173	-0.0712532484	-0.024855818	0.0343578954	-0.193457	0.08750089999999999	-0.179018	0.00167836	-0.00424142	0.000520236	-0.0636798636	0.0176237403	-0.0094787452	0.041055743	-0.0070972437	-0.0296160201	0.08575684999999998
0.0607217553	0.0066367663	-0.0509662528	-0.0815529816	-0.0689099476	-0.0197389949	0.0398952426	-0.183228	0.00155895	-0.16875199999999999	0.00158648	-0.00441874	0.00047247	-0.0866039993	-0.0016621192000000002	0.0389989319	-0.0221417543	-0.0089537634	-0.1109351403	0.12228524999999996
0.0601175669	0.004869388	-0.0530311845	-0.0820452574	-0.06636863900000001	-0.0145405056	0.0452079546	-0.183856	0.0219836	-0.206958	0.00106871	-0.00504126	0.000698073	-0.0221515666	0.0100570047	0.022994757	-0.0726605167	-0.0180524264	0.0129766444	0.12755329999999998
0.0595064671	0.0030997705	-0.0550412506	-0.0823866395	-0.0636366248	-0.0092818579	0.0502661174	-0.2025	0.0245541	-0.17486500000000002	0.000742093	-0.00484868	0.00045653199999999994	-0.0293119566	0.0021174124	0.07058087910000001	-0.0558680575	-0.0848752077	-0.0576707175	0.09134439999999999
0.0588885262	0.0013287276999999998	-0.056994371399999987	-0.08257649980000001	-0.0607217553	-0.0039848083	0.0550412506	-0.20863099999999998	-0.00521776	-0.209337	0.00177155	-0.00493312	0.000209074	0.0028468887	0.0412485575	0.046431162000000005	-0.0841126919	-0.0126082773	0.063264531	0.13844261
0.0582638153	-0.0004429262	-0.0588885262	-0.0826144894	-0.05763240610000001	0.0013287276999999998	0.0595064671	-0.202219	0.057856700000000004	-0.15933	0.00115729	-0.00464106	0.000455934	-0.0269619214	0.0152176263	-0.017988551999999998	-0.0632212814	-0.0231995129	0.0238266161	0.17715245999999998
0.05763240610000001	-0.0022143764	-0.0607217553	-0.0825005382	-0.0543774543	0.0066367663	0.0636366248	-0.197688	0.010379799999999998	-0.169939	0.000817604	-0.00478892	0.00019810599999999998	-0.0595118888	0.0092179639	-0.0099778758	-0.06544344769999999	0.07851717450000001	-0.0192885824	0.09988560000000002
0.056994371399999987	-0.0039848083	-0.0624921622	-0.0822348559	-0.0509662528	0.0119173466	0.06740846860000001	-0.187698	0.08053830000000001	-0.171558	0.00129074	-0.00489156	0.000173269	-0.0342152821	0.0477794131	0.046899703	0.0422479088	0.026013698	0.07843672559999999	0.11179814999999996
0.05634978440000001	-0.005753407800000001	-0.064197915	-0.0818179311	-0.0474086033	0.017148621200000002	0.0708007604	-0.203007	0.06943099999999999	-0.14910299999999999	0.00121678	-0.00472235	0.000304082	-0.084073698	0.0199961213	0.0525713905	0.0145451232	0.0048691806	-0.015734573999999998	0.06757044999999992
0.0556987191	-0.0075193617	-0.0658372492	-0.0812505306	-0.0437147285	0.022308946800000003	0.0737943996	-0.214115	0.0943035	-0.19783599999999998	0.00141558	-0.00505225	0.000191543	-0.0372590135	0.0360536224	0.0091781717	-0.0082430916	-0.0775985754	0.0399280927	0.11677545
0.0550412506	-0.0092818579	-0.06740846860000001	-0.0805336979	-0.0398952426	0.0273769736	0.0763725302	-0.184575	0.0877548	-0.169462	0.00116014	-0.00487141	0.00045818300000000003	-0.0395099128	0.008909858	0.0513478583	-0.0015773003	-0.1066034962	-0.0510969864	0.09960870000000006
0.0543774543	-0.0110400859	-0.0689099476	-0.0796687514	-0.0359611205	0.0323317335	0.0785206355	-0.199147	0.0374194	-0.200441	0.00134737	-0.00518657	0.00020004700000000002	-0.0172209143	0.0282348658	0.0206293931	-0.042223477800000006	-0.0091212634	0.0549602913	0.13391270000000002
0.0537074066	-0.0127932372	-0.0703401329	-0.0786572819	-0.0319236667	0.0371527273	0.08022662059999999	-0.17688299999999998	0.0764585	-0.157736	0.00139044	-0.00488879	0.000610858	-0.0670480016	0.0211041007	0.0546643713	0.0327225024	-0.0160616089	0.0194953656	0.14159115000000005
0.0530311845	-0.0145405056	-0.0716975448	-0.0775011496	-0.0277944824	0.0418200091	0.0814808795	-0.158664	0.026145099999999998	-0.170908	0.00146791	-0.00465928	0.000790192	-0.05270396980000002	0.0157628861	0.042592072300000006	-0.0212010345	-0.0151059716	-0.0229957234	0.1060201
0.0523488658	-0.0162810877	-0.0729807789	-0.0762024808	-0.0235854328	0.0463142688	0.08227635	-0.16503299999999999	0.042912099999999995	-0.184064	0.000975288	-0.00488999	0.0007391089999999997	-0.0212875187	0.049286271500000006	0.0060311594	-0.0714729669	-0.0025668802	0.0725485319	0.07501275000000003
0.0516605288	-0.018014183200000002	-0.0741885076	-0.0747636639	-0.019308612	0.0506169125	0.0826085531	-0.176627	0.042636	-0.16831199999999996	0.00113654	-0.0046391	0.0007186930000000001	-0.0216478601	0.0271951266	0.0466739024	-0.009882512	-0.061325308899999986	0.0276816294	0.04925000000000001
0.0509662528	-0.0197389949	-0.0753194814	-0.07318734519999999	-0.0149763093	0.0547101387	0.08247561839999999	-0.175324	0.0238957	-0.18998199999999998	0.00131089	-0.00491166	0.000833911	-0.0263494485	0.0413088174	0.0026753664000000003	-0.0246831793	-0.0205224222	0.0665831831	0.06981970000000003
0.0502661174	-0.0214547298	-0.0763725302	-0.0714764238	-0.0106009733	0.0585770125	0.0818782943	-0.178648	0.0864754	-0.17038499999999998	0.00145849	-0.00465193	0.0007873449999999997	-0.05868531690000001	0.0161302539	-0.0045808203	0.0282142106	-0.0201734128	-0.0072615813	0.10819549999999996
0.0495602034	-0.023160599	-0.0773465645	-0.06963404620000001	-0.0061951761	0.0622015356	0.0808199441	-0.185625	0.0487741	-0.200053	0.00153911	-0.00492678	0.000714589	-0.0729563819	0.0028008109	-0.0478892774	-0.0454617753	0.0239074501	-0.0149057281	0.0957576
0.048848591600000005	-0.024855818	-0.0782405765	-0.06766360099999999	-0.0017715775	0.0655687121	0.079306527	-0.18800799999999998	0.11043900000000001	-0.18648299999999998	0.00143112	-0.00477547	0.00101086	-0.0277491873	0.0164812685	0.0548006663	-0.0084965448	0.0137648293	0.0320102289	0.10539645
0.0481313641	-0.0265396073	-0.0790536414	-0.0655687121	0.0026571115999999995	0.068664611	0.0773465645	-0.246513	0.338482	-0.361377	0.00262662	-0.00425697	0.0009108769999999999	0.0213298814	-0.011348695	0.0687094679	-0.0454084972	-0.045103265700000006	0.0215301045	0.5521411500000001
0.0474086033	-0.0282111925	-0.079784918	-0.0633532322	0.0070781657	0.0714764238	0.0749510924	-0.254159	0.11953399999999999	-0.623197	0.00686517	-0.00652647	0.00228556	0.1645094789	-0.057314636900000014	-0.0438939927	-0.018547065	0.0905946436	-0.0349152723	0.88255065
0.0466803921	-0.0298698051	-0.0804336496	-0.0610212361	0.0114788812	0.07399251700000001	0.0721335987	-0.19686099999999998	-0.197545	-0.47623000000000004	0.00638101	-0.00708121	0.00228556	0.0898004543	-0.0465977045	-0.0122566639	-0.0488386993	0.1524773773	0.021467459	0.573289
0.0459468144	-0.0315146823	-0.08099916509999999	-0.0585770125	0.0158466129	0.0762024808	0.0689099476	-0.23525700000000002	-0.12241700000000001	-0.488708	0.00585476	-0.00679193	0.00228556	0.1440607057	0.001027774	-0.0883209573	0.042939822300000006	0.0198311962	0.0441453851	0.16677850000000002
0.0452079546	-0.0331450678	-0.0814808795	-0.0560250569	0.0201688105	0.0780971719	0.0652982905	-0.221191	0.017413999999999995	-0.35352	0.00536461	-0.00687232	0.00200742	0.0641941508	0.0269127503	-0.0532216039	0.0438504572	0.0130283883	-0.0668568313	0.33151899999999995
0.0444638974	-0.0347602118	-0.0818782943	-0.0533700625	0.0244330544	0.0796687514	0.061318963	-0.201249	0.0953392	-0.389933	0.00594692	-0.00705474	0.00196108	0.08572105949999999	0.0112178085	-0.0221628864	-0.0106026108	0.0725086988	0.0411491467	0.17483369999999998
0.0437147285	-0.0363593716	-0.0821909983	-0.0506169125	0.0286270917	0.0809107173	0.056994371399999987	-0.204248	0.124473	-0.35107	0.00529799	-0.00761797	0.00201047	0.07848558650000001	0.0487718181	-0.0175306083	0.013865268500000002	0.0525218892	0.047204807	0.13407329999999998
0.042960534	-0.0379418119	-0.0824186682	-0.0477706702	0.0327388711	0.0818179311	0.0523488658	-0.221635	0.181346	-0.352983	0.00435752	-0.007568059999999999	0.00188277	0.0696262644	0.0697819279	-0.0927450615	0.1009153924	0.0984222664	0.0869362364	0.13207699999999994
0.0422014006	-0.039506804900000005	-0.0825610682	-0.0448365703	0.0367565777	0.0823866395	0.0474086033	-0.220112	0.163734	-0.32710100000000003	0.00493981	-0.00707009	0.00220129	0.0515575594	0.108802221	-0.06316160009999999	0.187761033	-0.023410665	-0.0353073517	0.11495599999999999
0.0414374156	-0.0410536312	-0.0826180512	-0.0418200091	0.0406686668	0.0826144894	0.0422014006	-0.220106	0.0954941	-0.358385	0.00451743	-0.007164100000000001	0.00231493	0.0709427566	0.0679394581	-0.1001275409	0.1109379901	-0.0159607373	-0.044073985	0.13103140000000002
0.0406686668	-0.0425815792	-0.0825895581	-0.0387265345	0.0444638974	0.0825005382	0.0367565777	-0.23034899999999997	0.061014699999999984	-0.313346	0.0035528	-0.00711006	0.0018971	0.0735558667	0.06785069070000001	-0.0314021948	0.1054480132	-0.0681574614	-0.1025051148	0.1615864
0.0398952426	-0.044089946500000005	-0.08247561839999999	-0.035561835800000004	0.0481313641	0.0820452574	0.0311047922	-0.22844099999999998	-0.00124532	-0.369919	0.00416752	-0.00745826	0.00178718	0.08413635300000001	0.0221526328	-0.05939048440000001	-0.0346401283	-0.0125798817	-0.0418395667	0.17438302
0.0391172318	-0.0455780395	-0.08227635	-0.0323317335	0.0516605288	0.0812505306	0.0252778672	-0.23821799999999999	-0.00285145	-0.311607	0.00296624	-0.007341269999999999	0.00180734	0.0486299752	0.023207819700000003	-0.0236357051	0.0439620266	-0.0203036166	-0.0665845233	0.13661663
0.0383347241	-0.0470451738	-0.081991959	-0.0290421682	0.0550412506	0.0801196458	0.019308612	-0.248835	-0.0127064	-0.348622	0.00385281	-0.0073872	0.00166612	0.0160201105	-0.0048063193	-0.0494964712	-0.0130839449	0.0307479315	0.020447699	0.11117294999999996
0.0375478092	-0.0484906747	-0.08162273980000001	-0.0256991899	0.0582638153	0.0786572819	0.0132306372	-0.234188	0.054494100000000004	-0.301555	0.00277404	-0.0071522999999999995	0.00190924	0.0058208361	0.012622003799999998	-0.0441150858	0.0119029816	0.0302984973	-0.019129781	0.20675399999999994
0.0367565777	-0.0499138777	-0.0811690742	-0.022308946800000003	0.061318963	0.076869489	0.0070781657	-0.198512	-0.0466196	-0.303551	0.00308604	-0.00691861	0.00223819	0.015907593600000002	0.013012518600000002	-0.0103202323	-0.02380152	0.048692860199999986	-0.06988781620000001	0.1825177
0.0359611205	-0.0513141282	-0.0806314317	-0.0188776742	0.064197915	0.0747636639	0.0008858397	-0.130849	0.0478374	-0.21192399999999997	0.00150518	-0.00627251	0.00352378	-0.0033432323	0.0125734817	0.0070306164	-0.0319658986	0.0390709684	0.0071378532	0.4293745
0.0351615291	-0.0526907823	-0.0800103684	-0.0154116826	0.0668923989	0.07234851889999999	-0.0053114742	-0.21059099999999997	0.07106119999999999	-0.277414	0.00260963	-0.00688643	0.00235571	0.0208765607	-0.0066995986	-0.0325088842	-0.029900534	0.0783137845	-0.0778304382	0.3127778
0.0343578954	-0.0540432071	-0.079306527	-0.0119173466	0.0693946722	0.06963404620000001	-0.0114788812	-0.21969499999999997	0.17235999999999999	-0.32331	0.00353584	-0.00686082	0.00227336	0.0545969101	0.0051403497	0.0286005287	0.056925705	0.0562158874	0.0143537476	0.20800729999999998
0.0335503118	-0.0553707806	-0.0785206355	-0.0084010927	0.0716975448	0.06663147650000001	-0.0175816548	-0.228356	0.118157	-0.328599	0.00437415	-0.00724273	0.0017488	0.0453733183	0.0034935770000000003	0.0451312707	0.029556955	0.0497674341	-0.0496324193	0.155392
0.0327388711	-0.05667289230000001	-0.0776535072	-0.004869388	0.0737943996	0.0633532322	-0.0235854328	-0.252836	0.159816	-0.362184	0.00409311	-0.008054159999999998	0.00193345	0.0186251243	-0.0046577406	0.043712598600000006	0.0295749686	0.0150574685	0.0046855702	0.16358000000000006
0.0319236667	-0.0579489435	-0.0767060391	-0.0013287276999999998	0.07567921150000001	0.0598128765	-0.0294564099	-0.250217	0.0832143	-0.341177	0.00363349	-0.00772606	0.00187437	0.018611266	-0.010877803	0.0383830167	0.0125801316	0.0042373198	-0.127400875	0.14256769999999994
0.0311047922	-0.0591983473	-0.07567921150000001	0.0022143764	0.0773465645	0.0560250569	-0.0351615291	-0.24847199999999997	0.0498662	-0.348892	0.00333715	-0.0076324	0.00191653	0.0648004991	0.0138357317	0.0248699283	-0.0162066242	-0.0280633382	-0.010045005	0.06441609999999999
0.0302823417	-0.06042052940000001	-0.0745740866	0.005753407800000001	0.0787916676	0.0520054446	-0.0406686668	-0.259158	0.07647389999999997	-0.27181	0.00342005	-0.00738494	0.00162246	0.044691758	0.0020954367	0.0134141457	-0.0031046963	-0.079744722	-0.0447977583	0.14559719999999998
0.0294564099	-0.0616149276	-0.073391808	0.0092818579	0.0800103684	0.0477706702	-0.0459468144	-0.31572100000000003	0.13851500000000005	0.222198	0.00220204	-0.00538125	0.000499599	-0.2384169952	-0.2948767744	-0.35002449630000004	-0.101748783	-0.090985255	0.0781361165	0.82984015
0.0286270917	-0.0627809927	-0.0721335987	0.0127932372	0.08099916509999999	0.04333825400000002	-0.0509662528	-0.399991	0.0909108	0.06313049999999999	0.00177171	-0.0052317	-0.00048791599999999997	-0.1613320722	-0.1772572584	-0.0606285404	0.0164857251	-0.0388587507	0.1072395143	0.36931145
0.0277944824	-0.0639181885	-0.0708007604	0.0162810877	0.0817552165	0.0387265345	-0.0556987191	-0.373377	-0.11831100000000006	-0.201138	0.00210763	-0.00594862	0.000357826	0.0319498054	0.0303681275	0.0469213978	-0.0423604299	-0.0295894647	-0.0226736103	0.5950333999999999
0.0269586778	-0.0650259921	-0.0693946722	0.0197389949	0.08227635	0.0339545915	-0.0601175669	-0.34610100000000005	0.0323376	-0.25905900000000004	0.00241454	-0.00654658	0.000842486	0.0347674641	-0.0183228734	0.0600234162	-0.0188970144	-0.0520426463	-0.006302872199999999	0.30532209999999993
0.0261197739	-0.0661038941	-0.0679167887	0.023160599	0.0825610682	0.0290421682	-0.064197915	-0.367823	0.0175071	-0.293535	0.00337913	-0.00724344	0.000935675	0.0206008018	-0.0538504676	0.0769879011	-0.015830478000000002	0.0086964216	-0.0349778631	0.15876045000000005
0.0252778672	-0.0671513987	-0.06636863900000001	0.0265396073	0.0826085531	0.0240095886	-0.0679167887	-0.35620300000000005	0.15871	-0.287031	0.00371799	-0.00736175	0.00110799	0.0035225427000000007	-0.0635938087	0.0645384353	-0.0418374698	0.06039644440000001	0.0381701854	0.19080115
0.0244330544	-0.06816802450000001	-0.06475182480000001	0.0298698051	0.0824186682	0.0188776742	-0.0712532484	-0.35634499999999997	0.093984	-0.318387	0.00419389	-0.00744565	0.00118312	0.0128558311	-0.0364914734	0.0137226053	-0.006792550600000001	0.0270240433	-0.034990976	0.1279705
0.0235854328	-0.0691533037	-0.0630680188	0.0331450678	0.081991959	0.013667657	-0.0741885076	-0.357848	0.19742300000000002	-0.305885	0.00405254	-0.00737064	0.00147031	0.0228255519	0.0096251787	0.0491691752	0.0432672777	-0.0066823178	0.0217253265	0.14262149999999985
0.0227350996	-0.0701067834	-0.061318963	0.0363593716	0.0813296518	0.0084010927	-0.0767060391	-0.346288	0.11426099999999999	-0.270071	0.00296323	-0.007464379999999999	0.00147031	-0.0013315202	-0.0128560974	0.0567528147	0.0209652206	-0.0332157133	-0.1170976579	0.1896885
0.0218821528	-0.0710280251	-0.0595064671	0.039506804900000005	0.0804336496	0.0030997705	-0.0787916676	-0.36193400000000003	0.0982698	-0.25045100000000003	0.00229976	-0.00727356	0.00147031	-0.0030690567	-0.032742618	0.0455124598	-0.0842590716	-0.0398550749	-0.0286815294	0.09397169999999998
0.0210266903	-0.0719166052	-0.05763240610000001	0.0425815792	0.079306527	-0.0022143764	-0.0804336496	-0.345273	0.0888698	-0.241019	0.00227397	-0.007275679999999999	0.00175664	0.0120858079	-0.0081517745	0.0965576297	-0.0212976765	-0.0010298182	0.059234211399999986	0.05120499999999993
0.0201688105	-0.07277211509999999	-0.0556987191	0.0455780395	0.0779515227	-0.0075193617	-0.08162273980000001	-0.36488400000000004	0.08093849999999997	-0.20535	0.00201127	-0.00696156	0.00147031	-0.0061995535	-0.0142658897	0.045257844000000005	0.0196850587	0.005537421	0.0312138588	0.10636879999999996
0.019308612	-0.0735941614	-0.0537074066	0.0484906747	0.0763725302	-0.0127932372	-0.0823522428	-0.36700900000000003	-0.0332511	-0.241652	0.00356036	-0.00750376	0.0009159639999999999	-0.0032791693	0.0130144197	0.0374770756	0.0285505344	0.0650324657	0.0088073335	0.28489839999999994
0.0184461937	-0.0743823661	-0.0516605288	0.0513141282	0.0745740866	-0.018014183200000002	-0.0826180512	-0.391507	0.132179	-0.23292	0.00214861	-0.00726885	0.000966628	-0.0367795987	-0.0262302959	-0.0458153643	-0.0192335084	0.0290335042	0.0696070035	0.2835263
0.0175816548	-0.0751363666	-0.0495602034	0.0540432071	0.0725613598	-0.023160599	-0.0824186682	-0.391807	0.0247565	-0.263777	0.00270287	-0.00746192	0.000996992	-0.0429653389	-0.0078487096	-0.0306103708	-0.014748966	0.0308578812	-0.0723419967	0.17746420000000002
0.0167150947	-0.0758558164	-0.0474086033	0.05667289230000001	0.0703401329	-0.0282111925	-0.0817552165	-0.370933	0.109502	-0.29584499999999997	0.00305906	-0.007643149999999999	0.00147818	0.038893353	-0.0105515895	0.0538922771	-0.0300173986	0.0252282887	0.0257656367	0.1886179000000001
0.0158466129	-0.0765403846	-0.0452079546	0.0591983473	0.0679167887	-0.0331450678	-0.0806314317	-0.36028699999999997	0.054099	-0.277092	0.00327126	-0.00790288	0.00147818	0.0240843431	-0.0306309353	0.0795954312	0.0206171571	0.0140406221	-0.0725670626	0.10839849999999998
0.0149763093	-0.0771897563	-0.042960534	0.0616149276	0.0652982905	-0.0379418119	-0.0790536414	-0.365268	0.0598985	-0.308911	0.00389877	-0.00786754	0.00121465	0.0234074915	-0.0044273455	-0.0287325795	-0.0220321538	0.0257429779	0.07263632519999999	0.08891849999999996
0.014104284	-0.077803633	-0.0406686668	0.0639181885	0.0624921622	-0.0425815792	-0.0770307297	-0.370247	0.12673099999999998	-0.253271	0.00265832	-0.0073492	0.00147818	-0.0079952073	0.0029870346	-0.0056735368	0.0023195006	-0.0056327622	0.0515635944	0.22856749999999995
0.0132306372	-0.0783817324	-0.0383347241	0.0661038941	0.0595064671	-0.0470451738	-0.0745740866	-0.370539	0.057133500000000004	-0.276438	0.00332828	-0.007410349999999999	0.0013878	-0.0568513242	-0.0206494573	-0.007776122	-0.0044673840000000005	0.0239051619	-0.0662641202	0.13413099999999994
0.0123554694	-0.0789237887	-0.0359611205	0.06816802450000001	0.05634978440000001	-0.0513141282	-0.0716975448	-0.371312	0.124171	-0.308799	0.00395109	-0.007650439999999999	0.00124072	0.028765957	0.0086432481	0.0700721848	0.0156339949	-0.0278686077	0.047245778700000005	0.15067049999999998
0.0114788812	-0.0794295525	-0.0335503118	0.0701067834	0.0530311845	-0.0553707806	-0.0684173009	-0.371098	0.08705659999999997	-0.27729699999999996	0.00388588	-0.00762673	0.00128741	0.0034207091	0.0058527715	0.05021902	-0.0359144788	-0.048642421500000005	0.0290302905	0.07561089999999995
0.0106009733	-0.0798987914	-0.0311047922	0.0719166052	0.0495602034	-0.0591983473	-0.06475182480000001	-0.37159000000000003	0.07507919999999997	-0.32024400000000003	0.00378786	-0.00782207	0.00122411	0.038592295	0.0119359459	-0.0114919622	-0.0404911865	0.0206955305	0.0693229676	0.07324939999999995
0.0097218466	-0.0803312895	-0.0286270917	0.0735941614	0.0459468144	-0.0627809927	-0.0607217553	-0.374474	0.0957621	-0.270916	0.00359044	-0.00802628	0.00125669	0.0167489721	0.0326972143	-0.0347618662	0.0296931936	-0.0436838535	0.0495595386	0.09460539999999998
0.0088416023	-0.080726848	-0.0261197739	0.0751363666	0.0422014006	-0.0661038941	-0.05634978440000001	-0.34929899999999997	0.046183499999999995	-0.27029899999999996	0.00314035	-0.007983469999999998	0.00154361	0.0124695018	0.0515745213	-0.024571286	0.0195122258	-0.0030395325	0.0261827898	0.11436159999999998
0.0079603416	-0.0810852849	-0.0235854328	0.0765403846	0.0383347241	-0.0691533037	-0.0516605288	-0.379232	0.08687029999999997	-0.244561	0.00353336	-0.00776924	0.00106028	-0.0423844284	0.0187764751	-0.0309979385	-0.0005089061	-0.08784571529999999	0.0155619238	0.15088629999999995
0.0070781657	-0.0814064355	-0.0210266903	0.077803633	0.0343578954	-0.0719166052	-0.0466803921	-0.375372	0.049389999999999996	-0.28071999999999997	0.00346819	-0.008096219999999998	0.00110075	-0.0449378593	0.0087444832	-0.050256192000000005	-0.0183680131	-0.0064791796	-0.07664983110000001	0.0991303
0.0061951761	-0.0816901521	-0.0184461937	0.0789237887	0.0302823417	-0.0743823661	-0.0414374156	-0.391023	0.117958	-0.268635	0.00322092	-0.00826117	0.00105032	-0.013498113600000002	0.0331396666	0.0439098185	0.0005966819	-0.0183328121	0.0102743466	0.11943650000000006
0.0053114742	-0.0819363041	-0.0158466129	0.0798987914	0.0261197739	-0.0765403846	-0.0359611205	-0.37345	0.06651900000000001	-0.258832	0.00304584	-0.00813141	0.00105032	-0.0367526166	-0.0024090071	0.0554413144	0.035005606	0.0299801007	-0.0631819318	0.09405699999999996
0.0044271617	-0.0821447785	-0.0132306372	0.080726848	0.0218821528	-0.0783817324	-0.0302823417	-0.37503800000000004	0.12238299999999999	-0.17745999999999998	0.00229109	-0.00763864	0.000857398	-0.0749463653	0.0073206259999999985	0.0209187225	-0.0361882067	-0.0770780247	0.0797125684	0.21084610000000004
0.0035423403000000007	-0.0823154793	-0.0106009733	0.0814064355	0.0175816548	-0.0798987914	-0.0244330544	-0.426284	0.20690999999999998	-0.12269600000000006	0.0039204999999999995	-0.00733779	-0.00037255800000000016	-0.0546696023	-0.0108342291	0.041106249	0.0196650087	-0.1934378256	0.0805081812	0.3485478000000001
0.0026571115999999995	-0.0824483281	-0.0079603416	0.0819363041	0.0132306372	-0.0810852849	-0.0184461937	-0.404578	-0.045377999999999995	-0.179636	0.00312045	-0.00789107	4.80292e-05	-0.0646513298	0.0122055251	0.0530848198	-0.00032353810000000004	-0.144519637	-0.0039388266	0.41962986
0.0017715775	-0.0825432638	-0.0053114742	0.0823154793	0.0088416023	-0.0819363041	-0.0123554694	-0.42784399999999995	0.00277963	-0.33112800000000003	0.00247342	-0.008288679999999998	-0.000152275	-0.0252284206	0.006296945500000001	0.0801896838	-0.0675558681	0.075085178	-0.0310687574	0.28516284
0.0008858397	-0.0826002426	-0.0026571115999999995	0.0825432638	0.0044271617	-0.0824483281	-0.0061951761	-0.45554799999999995	0.0328999	-0.35851900000000003	0.00229581	-0.009034660000000002	0.000184265	0.0324335471	0.0124531174	-0.0212892454	-0.0500746708	0.0112039076	0.0771629638	0.14822177000000006
0.0	-0.0826192385	-0.0	0.0826192385	0.0	-0.0826192385	-0.0	-0.453509	0.0962035	-0.275377	0.00198456	-0.00803509	-0.000272107	-0.0231379452	0.0237036631	0.0131319353	-0.0379515565	0.0009103657	0.0559503093	0.2368442
-0.0008858397	-0.0826002426	0.0026571115999999995	0.0825432638	-0.0044271617	-0.0824483281	0.0061951761	-0.464714	0.0933168	-0.310103	0.00283612	-0.007979039999999998	-0.000646411	0.0067765643	0.048188784500000005	-0.0517155703	-0.0384388003	0.0568657777	0.0753783009	0.11291340000000008
-0.0017715775	-0.0825432638	0.0053114742	0.0823154793	-0.0088416023	-0.0819363041	0.0123554694	-0.7583979999999999	0.716421	-0.28126799999999996	0.012120299999999999	-0.012012100000000001	-0.00724649	-0.14695055810000002	-0.0614818414	-0.0349101448	0.1464161208	0.028126159700000004	0.0974778666	1.94148915
-0.0026571115999999995	-0.0824483281	0.0079603416	0.0819363041	-0.0132306372	-0.0810852849	0.0184461937	-0.621199	0.177802	-0.662886	0.013316999999999999	-0.0111087	-0.00490431	-0.0029721016	-0.0939725016	0.021318632200000003	0.1302494399	0.1165897494	-0.1171358324	1.27955
-0.0035423403000000007	-0.0823154793	0.0106009733	0.0814064355	-0.0175816548	-0.0798987914	0.0244330544	-0.438461	-0.184954	-0.49796899999999994	0.00780654	-0.00937834	-0.00169378	0.0824727859	-0.0021129128	-0.1147638462	-0.0658912496	-0.1355114349	0.0029987175	1.2329785
-0.0044271617	-0.0821447785	0.0132306372	0.080726848	-0.0218821528	-0.0783817324	0.0302823417	-0.395542	-0.0112685	-0.368869	0.00475357	-0.00866216	-0.000943927	-0.0296787778	0.0105764741	-0.0403849394	-0.0608676942	-0.0451732676	0.0186217246	0.5716546499999999
-0.0053114742	-0.0819363041	0.0158466129	0.0798987914	-0.0261197739	-0.0765403846	0.0359611205	-0.386171	0.0186335	-0.387297	0.00454539	-0.00862798	-0.000168605	0.0035125245	0.0337268175	-0.0020531105	-0.0350841632	0.0761282982	0.0218745567	0.10858510000000003
-0.0061951761	-0.0816901521	0.0184461937	0.0789237887	-0.0302823417	-0.0743823661	0.0414374156	-0.41493599999999997	0.0883391	-0.376658	0.00416027	-0.008845759999999998	-0.000533073	-0.0238377853	0.0492574811	-0.0361615286	-0.037975716	0.0378694665	0.0556519465	0.157478
-0.0070781657	-0.0814064355	0.0210266903	0.077803633	-0.0343578954	-0.0719166052	0.0466803921	-0.40371	0.0782992	-0.379343	0.00400374	-0.008947959999999998	-5.06112e-05	0.024202262	0.1057121084	-0.0903146142	0.052369761	0.0565974851	0.0355722792	0.06101048999999999
-0.0079603416	-0.0810852849	0.0235854328	0.0765403846	-0.0383347241	-0.0691533037	0.0516605288	-0.385349	0.0860055	-0.397512	0.00482063	-0.008680149999999998	0.00023615	-0.0339816999	0.0914020024	-0.0883267891	0.1404997828	-0.0098495399	0.0044136595	0.11280936
-0.0088416023	-0.080726848	0.0261197739	0.0751363666	-0.0422014006	-0.0661038941	0.05634978440000001	-0.37682	0.051685699999999994	-0.389226	0.00604861	-0.00807771	0.00074796	-0.0232707483	0.0992678523	-0.0598627546	0.0624261208	0.0239180526	-0.0999898833	0.1682462999999999
-0.0097218466	-0.0803312895	0.0286270917	0.0735941614	-0.0459468144	-0.0627809927	0.0607217553	-0.351587	0.0948117	-0.341504	0.00451523	-0.00961795	0.000268691	-0.0653202655	0.0715006715	0.0047270711	0.0183088117	0.0619623495	-0.0187228993	0.29372545000000005
-0.0106009733	-0.0798987914	0.0311047922	0.0719166052	-0.0495602034	-0.0591983473	0.06475182480000001	-0.38711599999999996	0.11306600000000006	-0.450104	0.00490101	-0.00990159	0.00022338799999999998	-0.0161892989	0.0805640687	-0.0370567172	-0.016108651	0.013796884	0.0235637187	0.19811945000000009
-0.0114788812	-0.0794295525	0.0335503118	0.0701067834	-0.0530311845	-0.0553707806	0.0684173009	-0.39861199999999997	0.13933199999999998	-0.422254	0.00408849	-0.00987582	0.000261093	-0.0318116268	0.0866995225	-0.090926111	0.0613314009	0.0141951127	-0.0128002618	0.10941175
-0.0123554694	-0.0789237887	0.0359611205	0.06816802450000001	-0.05634978440000001	-0.0513141282	0.0716975448	-0.370746	0.00689398	-0.46047899999999997	0.00531246	-0.0100846	0.00079102	-0.0716778711	0.0823109351	-0.101330952	0.0488863492	0.0524001226	-0.1470900422	0.29666287
-0.0132306372	-0.0783817324	0.0383347241	0.0661038941	-0.0595064671	-0.0470451738	0.0745740866	-0.389667	0.0339789	-0.499875	0.0059696	-0.010328200000000001	0.000427411	-0.042868896100000005	0.0250883581	0.0031803698	0.0269452966	-0.0002311359	-0.0534698787	0.14861936999999992
-0.014104284	-0.077803633	0.0406686668	0.0639181885	-0.0624921622	-0.0425815792	0.0770307297	-0.382065	-0.0233492	-0.524788	0.00645029	-0.01031	0.00039184	-0.0104728735	0.0065984039	0.098113366	-0.0255751164	-0.0349273541	-0.1065976615	0.11656614999999998
-0.0149763093	-0.0771897563	0.042960534	0.0616149276	-0.0652982905	-0.0379418119	0.0790536414	-0.36254899999999995	-0.11106400000000001	-0.523908	0.008074899999999998	-0.011846700000000005	-0.0007677279999999999	0.0040238641	0.0271048323	0.0474415051	-0.0791010999	0.0057355109	0.007120941400000001	0.3241547
-0.0158466129	-0.0765403846	0.0452079546	0.0591983473	-0.0679167887	-0.0331450678	0.0806314317	-0.416973	0.023659700000000002	-0.5446270000000001	0.00919256	-0.011153399999999999	-0.00171133	0.0017527304	0.0366662269	0.07471114549999999	-0.0134028045	-0.0228240526	-0.0027816293	0.3475947999999999
-0.0167150947	-0.0758558164	0.0474086033	0.05667289230000001	-0.0703401329	-0.0282111925	0.0817552165	-0.397305	0.09434600000000004	-0.614586	0.00955097	-0.0115995	-0.00039685800000000004	-0.0013640852	-0.0334115831	-0.0373055017	-0.0529154869	0.0113363784	0.0161184705	0.26626239999999995
-0.0175816548	-0.0751363666	0.0495602034	0.0540432071	-0.0725613598	-0.023160599	0.0824186682	-0.40865300000000004	0.22896100000000005	-0.552845	0.007484079999999999	-0.010652600000000002	1.59774e-05	0.025013627200000003	0.019456023500000003	-0.0416225355	-0.0371873592	-0.0025624902	0.0265396234	0.37903527
-0.0184461937	-0.0743823661	0.0516605288	0.0513141282	-0.0745740866	-0.018014183200000002	0.0826180512	-0.39521799999999996	0.121529	-0.563558	0.00778316	-0.0103502	8.640439999999998e-05	-0.0210199657	0.0472549581	-0.070838267	-0.0793800461	0.008755209	-0.0269384152	0.16517534999999992
-0.019308612	-0.0735941614	0.0537074066	0.0484906747	-0.0763725302	-0.0127932372	0.0823522428	-0.4567310000000001	-0.073337	-0.817126	0.012101100000000002	-0.0103932	-0.000139627	0.0595716474	-0.0619420278	0.0020603282	0.0111197129	-0.0139798179	0.0314108148	0.7392955699999999
-0.0201688105	-0.07277211509999999	0.0556987191	0.0455780395	-0.0779515227	-0.0075193617	0.08162273980000001	-0.38013600000000003	-0.12607100000000002	-1.04187	0.0118914	-0.00861039	0.00283145	0.07949829530000001	-0.17521625780000002	-0.0277147528	0.0566708589	0.058411297	-0.1254757514	0.6022523500000001
-0.0210266903	-0.0719166052	0.05763240610000001	0.0425815792	-0.079306527	-0.0022143764	0.0804336496	-0.42745299999999997	0.40315100000000004	-0.8299729999999998	0.010547399999999998	-0.00919582	0.00136066	0.07120934820000001	-0.1000583385	0.0925008706	0.0603257885	-0.0619077197	-0.0249063206	0.9584469999999999
-0.0218821528	-0.0710280251	0.0595064671	0.039506804900000005	-0.0804336496	0.0030997705	0.0787916676	-0.44856599999999996	0.050997100000000004	-0.797474	0.009106900000000001	-0.011070300000000002	0.000831355	0.0190342757	-0.0955140142	0.0313741634	0.0133606388	0.0158191089	-0.0938606266	0.5979801499999999
-0.0227350996	-0.0701067834	0.061318963	0.0363593716	-0.0813296518	0.0084010927	0.0767060391	-0.4497930000000001	0.08751389999999999	-0.785145	0.00980957	-0.0113191	0.000453081	0.0610855276	-0.08539801609999999	0.0694550344	-0.034569207000000005	0.0390463518	0.0421223809	0.11656000000000008
-0.0235854328	-0.0691533037	0.0630680188	0.0331450678	-0.081991959	0.013667657	0.0741885076	-0.451043	-0.0308003	-0.7363469999999999	0.00882183	-0.011938899999999999	0.000381337	0.0308127273	-0.066840383	0.0721676808	0.0177621585	0.035572709	-0.0002033684	0.2523264000000001
-0.0244330544	-0.06816802450000001	0.06475182480000001	0.0298698051	-0.0824186682	0.0188776742	0.0712532484	-0.456873	-0.00529257	-0.738055	0.00870693	-0.0119458	0.00021133	0.027160662	-0.0214815471	0.0401148662	0.0505995859	0.0441866262	0.1164611992	0.047636079999999886
-0.0252778672	-0.0671513987	0.06636863900000001	0.0265396073	-0.0826085531	0.0240095886	0.0679167887	-0.44968800000000003	0.00737363	-0.658144	0.00842382	-0.011326799999999998	0.000567048	-0.0001776842	0.0256284171	0.0231713408	0.0635150332	-0.0076029958999999986	-0.052427695	0.1626536
-0.0261197739	-0.0661038941	0.0679167887	0.023160599	-0.0825610682	0.0290421682	0.064197915	-0.43673599999999996	-0.0226443	-0.665098	0.00898951	-0.0108626	0.000715247	-0.0264181191	-0.0267187265	-0.0351225343	-0.0299796266	0.0645698651	-0.1359664988	0.1088283799999999
-0.0269586778	-0.0650259921	0.0693946722	0.0197389949	-0.08227635	0.0339545915	0.0601175669	-0.450093	0.0647657	-0.736211	0.00882991	-0.011646799999999999	0.000472973	0.0346196187	-0.0801093133	0.0273946361	-0.0590925918	-0.020276193	-0.0334517374	0.2311837
-0.0277944824	-0.0639181885	0.0708007604	0.0162810877	-0.0817552165	0.0387265345	0.0556987191	-0.430335	0.050237000000000004	-0.683733	0.007925929999999998	-0.0114814	0.000762457	0.052472503	-0.0149271828	0.0861918388	-0.0637381842	-0.0038620607	-0.0104940531	0.15470789999999998
-0.0286270917	-0.0627809927	0.0721335987	0.0127932372	-0.08099916509999999	0.04333825400000002	0.0509662528	-0.43818199999999996	0.115205	-0.712026	0.00747365	-0.0119716	0.000901185	0.0576621907	-0.0018811615	0.0332951777	-0.0426412059	-0.0415094072	0.0864487656	0.15516839999999998
-0.0294564099	-0.0616149276	0.073391808	0.0092818579	-0.0800103684	0.0477706702	0.0459468144	-0.44805900000000004	0.142618	-0.636911	0.00714996	-0.0119285	0.000753427	0.0192237142	0.014604770800000003	0.0180645684	0.018353839	-0.0404326496	-0.0206510455	0.13813240000000002
-0.0302823417	-0.06042052940000001	0.0745740866	0.005753407800000001	-0.0787916676	0.0520054446	0.0406686668	-0.435431	0.104994	-0.700665	0.00789008	-0.012038600000000002	0.000719409	0.0357443709	0.0091246359	-0.0054412575	-0.0374952868	-0.0196795508	0.032127781	0.15821789999999994
-0.0311047922	-0.0591983473	0.07567921150000001	0.0022143764	-0.0773465645	0.0560250569	0.0351615291	-0.43594499999999997	0.15223499999999998	-0.6188020000000001	0.00635483	-0.011871600000000001	0.0006907160000000001	-0.0037136333	0.0058881415	-0.0096718407	-0.05831817860000001	0.0079447077	0.0097612658	0.21616515000000008
-0.0319236667	-0.0579489435	0.0767060391	-0.0013287276999999998	-0.07567921150000001	0.0598128765	0.0294564099	-0.42779399999999995	0.0434164	-0.678298	0.007757789999999999	-0.0113041	0.0006910260000000001	0.0104538989	-0.051409732400000005	-0.0030854308	-0.0709346255	0.06815932599999999	-0.093912872	0.27500410000000003
-0.0327388711	-0.05667289230000001	0.0776535072	-0.004869388	-0.0737943996	0.0633532322	0.0235854328	-0.427551	0.100858	-0.723985	0.00858908	-0.011253	0.000769873	0.0050122622	-0.0016354686	0.0506589828	-0.018786567	0.0881360143	0.0878801241	0.15143345000000002
-0.0335503118	-0.0553707806	0.0785206355	-0.0084010927	-0.0716975448	0.06663147650000001	0.0175816548	-0.652135	0.009655500000000001	-1.12234	0.00609366	-0.0157492	-0.0024575	0.1625339042	-0.1646583558	0.1545282499	0.1904987376	-0.1318264907	0.0293564077	1.22509115
-0.0343578954	-0.0540432071	0.079306527	-0.0119173466	-0.0693946722	0.06963404620000001	0.0114788812	-0.530991	0.14070800000000006	-0.784755	0.011368000000000001	-0.01012	-0.0021620999999999997	0.1375431774	-0.024999321600000003	-0.1364281177	-0.12638165	-0.2648934403	0.0081382027	1.1497285
-0.0351615291	-0.0526907823	0.0800103684	-0.0154116826	-0.0668923989	0.07234851889999999	0.0053114742	-0.548742	0.12925999999999999	-0.620193	0.00868197	-0.0106454	-0.00195912	0.0386985765	0.0470262903	-0.06822583139999999	-0.1041432226	-0.1342350063	0.0556893132	0.3644815
-0.0359611205	-0.0513141282	0.0806314317	-0.0188776742	-0.064197915	0.0747636639	-0.0008858397	-0.5051939999999999	0.00401874	-0.685856	0.00926501	-0.0114007	-0.00122399	0.0156229857	-0.0337464699	0.0230437987	-0.0415041015	0.0456842501	-0.0219093614	0.33812575999999994
-0.0367565777	-0.0499138777	0.0811690742	-0.022308946800000003	-0.061318963	0.076869489	-0.0070781657	-0.5176029999999999	0.0907627	-0.638558	0.0068604	-0.012158	-0.00118086	-0.0322677118	0.001352229	0.0237470097	0.0077865199	0.0988655671	0.0836065986	0.3067029600000001
-0.0375478092	-0.0484906747	0.08162273980000001	-0.0256991899	-0.0582638153	0.0786572819	-0.0132306372	-0.514003	0.033167800000000004	-0.571492	0.00517676	-0.012222499999999999	-0.000990065	-0.008652513	0.0305702966	0.0564737992	0.014147594	0.0193094792	0.013080438	0.22520765
-0.0383347241	-0.0470451738	0.081991959	-0.0290421682	-0.0550412506	0.0801196458	-0.019308612	-0.506219	0.0383366	-0.607759	0.00550714	-0.0123652	-0.00125221	0.0136362632	0.0241799814	-0.0498803911	0.0275408799	0.0110008524	0.0225923229	0.08598105
-0.0391172318	-0.0455780395	0.08227635	-0.0323317335	-0.0516605288	0.0812505306	-0.0252778672	-0.519133	0.0386897	-0.596689	0.00645259	-0.0126125	-0.00140374	0.034318163	0.0242755248	-0.0112827433	0.088924949	-0.0370400204	-0.0710558109	0.09155110000000002
-0.0398952426	-0.044089946500000005	0.08247561839999999	-0.035561835800000004	-0.0481313641	0.0820452574	-0.0311047922	-0.514552	0.0994929	-0.573615	0.00639186	-0.0117222	-0.000987182	-0.0016231884	0.045174499400000005	-0.0507014349	-0.0380629468	-0.0721793992	0.0528295111	0.1568376
-0.0406686668	-0.0425815792	0.0825895581	-0.0387265345	-0.0444638974	0.0825005382	-0.0367565777	-0.6120869999999999	0.318481	-0.778632	0.008803109999999998	-0.0119069	-0.00161408	0.0480365124	-0.06235241320000001	-0.0153284606	0.0084303204	-0.0723136662	-0.0209943996	0.6826825000000001
-0.0414374156	-0.0410536312	0.0826180512	-0.0418200091	-0.0406686668	0.0826144894	-0.0422014006	-0.626157	-0.12812	-0.791779	0.00853997	-0.014121700000000001	-0.00258513	-0.011396965	-0.1123003995	0.034316404700000004	-0.08917166300000001	0.0772430353	-0.015119536	0.6462675
-0.0422014006	-0.039506804900000005	0.0825610682	-0.0448365703	-0.0367565777	0.0823866395	-0.0474086033	-0.591299	-0.206143	-0.651586	0.00871862	-0.012861500000000001	-0.00257156	-0.0300310642	-0.05340780480000002	0.0298372808	-0.0970877779	0.08899690060000001	0.0497827354	0.325695
-0.042960534	-0.0379418119	0.0824186682	-0.0477706702	-0.0327388711	0.0818179311	-0.0523488658	-0.594424	-0.096207	-0.537492	0.00725397	-0.013323	-0.00263945	-0.06158015610000001	0.0024251026	-0.028365488	-0.032310349	0.011822042	0.026724696800000003	0.32685699999999995
-0.0437147285	-0.0363593716	0.0821909983	-0.0506169125	-0.0286270917	0.0809107173	-0.056994371399999987	-0.574332	0.0137713	-0.490683	0.00551464	-0.013234000000000001	-0.0021684	-0.0276894523	0.0253663557	0.043820004800000006	0.0246944639	0.0314909856	0.0657552138	0.29184829999999995
-0.0444638974	-0.0347602118	0.0818782943	-0.0533700625	-0.0244330544	0.0796687514	-0.061318963	-0.5891109999999999	0.036524400000000005	-0.568121	0.00701288	-0.013472799999999998	-0.00265443	0.004677086	0.0247480895	0.0277245137	0.0121330295	0.0353665278	0.0915716389	0.2261236000000001
-0.0452079546	-0.0331450678	0.0814808795	-0.0560250569	-0.0201688105	0.0780971719	-0.0652982905	-0.582857	0.15995399999999999	-0.511347	0.00584759	-0.013519299999999998	-0.00240944	0.0284861904	0.0633903777	-0.0136946227	0.0672461973	0.06147923690000001	0.0846696824	0.25929660000000004
-0.0459468144	-0.0315146823	0.08099916509999999	-0.0585770125	-0.0158466129	0.0762024808	-0.0689099476	-0.556815	0.12147899999999999	-0.523857	0.00624098	-0.0129701	-0.00209332	-0.0045214833	0.0689919676	-0.0838055732	0.1501183325	0.045388356	0.0435685714	0.13996250000000002
-0.0466803921	-0.0298698051	0.0804336496	-0.0610212361	-0.0114788812	0.07399251700000001	-0.0721335987	-0.56733	0.15052000000000001	-0.516678	0.00701904	-0.0127892	-0.00219742	-0.0358601434	0.06395241480000001	-0.15486723130000002	0.1623444481	0.0321112623	-0.0443278388	0.09988800000000002
-0.0474086033	-0.0282111925	0.079784918	-0.0633532322	-0.0070781657	0.0714764238	-0.0749510924	-0.574679	0.0412999	-0.524512	0.00669316	-0.012673100000000001	-0.00233549	-0.0339977289	0.037382211	-0.1361451955	0.1159779642	0.0351663561	-0.0655524235	0.1534056000000001
-0.0481313641	-0.0265396073	0.0790536414	-0.0655687121	-0.0026571115999999995	0.068664611	-0.0773465645	-0.556722	0.04681969999999999	-0.461743	0.00584664	-0.0121337	-0.00207523	-0.0702479407	0.0502386354	-0.0788897407	0.1062820869	0.0292315186	-0.0990638477	0.16855479999999987
-0.048848591600000005	-0.024855818	0.0782405765	-0.06766360099999999	0.0017715775	0.0655687121	-0.079306527	-0.553384	-0.0648627	-0.510867	0.00652641	-0.012309	-0.00173445	-0.0408733519	0.0083222063	-0.055941849	0.0278195097	0.0268288129	-0.0903858722	0.22393690000000002
-0.0495602034	-0.023160599	0.0773465645	-0.06963404620000001	0.0061951761	0.0622015356	-0.0808199441	-0.553546	0.00319607	-0.503965	0.00669398	-0.0122785	-0.00178931	-0.0098867943	0.001568056	0.0571718454	0.049555696100000005	0.0267092595	0.0080705253	0.08776927000000001
-0.0502661174	-0.0214547298	0.0763725302	-0.0714764238	0.0106009733	0.0585770125	-0.0818782943	-0.550316	-0.0911125	-0.523292	0.007536809999999999	-0.012552500000000001	-0.00163659	-0.0281114768	0.0181503037	0.0601119092	0.0307815575	0.0663667596	-0.0324192911	0.18034306999999988
-0.0509662528	-0.0197389949	0.0753194814	-0.07318734519999999	0.0149763093	0.0547101387	-0.08247561839999999	-0.5372939999999999	-0.00675578	-0.538805	0.00723878	-0.0130875	-0.00157876	-0.018397495	-0.024348534100000003	0.012951974	0.0062391073	0.0596351415	0.035397634	0.15743471999999994
-0.0516605288	-0.018014183200000002	0.0741885076	-0.0747636639	0.019308612	0.0506169125	-0.0826085531	-0.504504	-0.05564790000000002	-0.557603	0.00654361	-0.0143125	-0.000489486	-0.015366133200000003	-0.0232008645	-0.0116994606	0.0370372108	-0.0142511611	0.0182863298	0.2509523200000001
-0.0523488658	-0.0162810877	0.0729807789	-0.0762024808	0.0235854328	0.0463142688	-0.08227635	-0.5041869999999999	0.07675089999999997	-0.308846	0.00194231	-0.011971700000000002	-0.0006770589999999999	-0.1025194339	0.028012916	0.0273590048	0.0260779729	-0.0040308964	0.047951854800000006	0.7379564499999999
-0.0530311845	-0.0145405056	0.0716975448	-0.0775011496	0.0277944824	0.0418200091	-0.0814808795	-0.532561	0.046912300000000004	-0.357371	0.00446614	-0.0110879	-0.00145038	-0.08071092740000001	0.026555928	0.0534731305	-0.0127965216	-0.000842372	-0.1088378194	0.31578515
-0.0537074066	-0.0127932372	0.0703401329	-0.0786572819	0.0319236667	0.0371527273	-0.08022662059999999	-0.523508	0.07086190000000002	-0.379569	0.00355473	-0.0114425	-0.00134686	-0.0074497969999999985	0.012428808799999998	0.0055366715000000006	-0.0679664188	-0.0476311609	0.0152264028	0.1236771
-0.0543774543	-0.0110400859	0.0689099476	-0.0796687514	0.0359611205	0.0323317335	-0.0785206355	-0.550122	0.0879905	-0.401401	0.00455935	-0.0115839	-0.00149276	-0.0036445178	0.0348626207	0.0275122637	-0.0363835736	-0.08027902940000001	-0.0143703739	0.13017060000000005
-0.0550412506	-0.0092818579	0.06740846860000001	-0.0805336979	0.0398952426	0.0273769736	-0.0763725302	-0.541501	0.0519418	-0.403946	0.00401981	-0.0111954	-0.00139514	-0.0082332213	0.0396158914	0.0016029604999999998	-0.0494204591	-0.0336668092	0.0960593474	0.0984977
-0.0556987191	-0.0075193617	0.0658372492	-0.0812505306	0.0437147285	0.022308946800000003	-0.0737943996	-0.576414	0.0719518	-0.346542	0.00363235	-0.011303299999999999	-0.00232566	-0.0248985979	0.0418434735	-0.0173740725	-0.0363043362	-0.0930088295	0.0317600977	0.18362100000000006
-0.05634978440000001	-0.005753407800000001	0.064197915	-0.0818179311	0.0474086033	0.017148621200000002	-0.0708007604	-0.574151	-0.0199724	-0.373714	0.00391782	-0.011381299999999999	-0.00216768	-0.06292138929999999	0.0045867133	-0.0275421352	-0.0490280494	0.0391251978	-0.0918033447	0.14743169999999994
-0.056994371399999987	-0.0039848083	0.0624921622	-0.0822348559	0.0509662528	0.0119173466	-0.06740846860000001	-0.582437	0.0199245	-0.403992	0.00454374	-0.011669200000000001	-0.00200603	-0.031796945800000004	-0.014354089	0.0614388199	-0.0273736574	0.040383766	0.0270366386	0.13223440000000006
-0.05763240610000001	-0.0022143764	0.0607217553	-0.0825005382	0.0543774543	0.0066367663	-0.0636366248	-0.5869479999999999	0.019835400000000003	-0.36744099999999996	0.00454396	-0.0117636	-0.00205938	-0.0527986196	-0.00559035	0.0532097012	-0.0188928539	-0.0327593149	-0.0028241042	0.048549600000000095
-0.0582638153	-0.0004429262	0.0588885262	-0.0826144894	0.05763240610000001	0.0013287276999999998	-0.0595064671	-0.579737	-0.00988009	-0.409915	0.00449435	-0.012024300000000005	-0.00201141	-0.0125773774	-0.0161452731	-0.0847002779	-0.0991872354	0.0362972853	0.0353572104	0.09731448999999992
-0.0588885262	0.0013287276999999998	0.056994371399999987	-0.08257649980000001	0.0607217553	-0.0039848083	-0.0550412506	-0.583196	0.051044	-0.354378	0.00411536	-0.0112647	-0.00206578	-0.0273589124	0.0073380621	-0.0065491336	0.007660789	-0.0036784018	0.0218298437	0.17956809
-0.0595064671	0.0030997705	0.0550412506	-0.0823866395	0.0636366248	-0.0092818579	-0.0502661174	-0.574712	0.0209784	-0.321062	0.00385762	-0.0117933	-0.00188165	-0.0202786967	0.0357234726	0.0378280033	-0.005427488	0.0385138563	-0.0408875343	0.12038910000000001
-0.0601175669	0.004869388	0.0530311845	-0.0820452574	0.06636863900000001	-0.0145405056	-0.0452079546	-0.5785359999999999	0.0543904	-0.359697	0.00361884	-0.011521700000000001	-0.00204101	0.0008513861999999999	0.0088305893	0.03098379	0.0112867363	-0.0597978701	0.0342695701	0.109358
-0.0607217553	0.0066367663	0.0509662528	-0.0815529816	0.0689099476	-0.0197389949	-0.0398952426	-0.62353	0.05139830000000002	-0.322548	0.00296727	-0.012249500000000005	-0.00234746	0.0011668316	0.0147742329	0.0450198763	-0.0013273314	-0.0754026991	-0.039622462	0.1694261
-0.061318963	0.0084010927	0.048848591600000005	-0.0809107173	0.0712532484	-0.024855818	-0.0343578954	-0.605434	0.0301858	-0.358662	0.00361884	-0.0120949	-0.00217019	0.0025083491	0.0132850557	-0.0139000994	-0.026122312	-0.043272198	0.0054759514	0.12459449999999996
-0.0619091212	0.010161556	0.0466803921	-0.0801196458	0.073391808	-0.0298698051	-0.0286270917	-0.604629	0.0955518	-0.328372	0.00344855	-0.011835300000000005	-0.0019901	-0.0430964058	0.0026955367	0.0263934755	0.0008160953999999999	-0.0779601147	-0.0203345326	0.12696000000000007
-0.0624921622	0.0119173466	0.0444638974	-0.0791812221	0.0753194814	-0.0347602118	-0.0227350996	-0.48901999999999995	0.025543299999999998	-0.352649	0.00276699	-0.010572499999999999	-0.00121246	-0.0095962637	-0.0233365643	0.026082383	-0.0939597792	0.0220595884	-0.08929903410000001	0.3459944999999999
-0.0630680188	0.013667657	0.0422014006	-0.0780971719	0.0770307297	-0.039506804900000005	-0.0167150947	-0.594113	0.101988	-0.31958400000000003	0.00311369	-0.0110759	-0.00291157	0.0302194114	0.0012671843	0.0529276258	-0.0538909165	-0.0505907381	0.0947246503	0.3420632
-0.0636366248	0.0154116826	0.0398952426	-0.076869489	0.0785206355	-0.044089946500000005	-0.0106009733	-0.602601	0.030829099999999998	-0.304477	0.00336806	-0.0116849	-0.00229007	-0.0071765063	0.013317896	0.0621534783	0.0137379721	-0.0205520722	0.0328108177	0.1689974
-0.064197915	0.017148621200000002	0.0375478092	-0.0755004314	0.079784918	-0.0484906747	-0.0044271617	-0.62362	0.0497904	-0.320336	0.00337713	-0.0114015	-0.00265042	0.0217973865	0.0030013255	0.0258187783	0.0325955834	0.0074153188	0.1065959186	0.08848029999999987
-0.06475182480000001	0.0188776742	0.0351615291	-0.07399251700000001	0.0808199441	-0.0526907823	0.0017715775	-0.6240899999999999	0.061799099999999996	-0.320499	0.00372621	-0.0116563	-0.00273752	-0.0062192524	0.0351901428	0.0036652158	0.0446560929	-0.076567156	0.0070283115	0.047190700000000016
-0.0652982905	0.0205980464	0.0327388711	-0.07234851889999999	0.08162273980000001	-0.05667289230000001	0.0079603416	-0.612811	-0.0125536	-0.368213	0.00424429	-0.011677	-0.00274943	0.004312273	0.0050804382	-0.1012755285	0.0137464181	0.0128314185	-0.0837707249	0.1608802000000001
-0.0658372492	0.022308946800000003	0.0302823417	-0.0705714608	0.0821909983	-0.06042052940000001	0.014104284	-0.627255	0.06544209999999999	-0.320358	0.00358924	-0.012104299999999998	-0.00272907	-0.008972238	-0.0151859723	-0.0298471353	-0.0147401807	-0.0951421201	-0.0701755268	0.19543020000000008
-0.06636863900000001	0.0240095886	0.0277944824	-0.068664611	0.0825230869	-0.0639181885	0.0201688105	-0.618494	0.00542599	-0.348545	0.00395692	-0.0119633	-0.00278434	0.0123813657	-0.0380909457	-0.0337485294	-0.1049731196	0.0629848388	-0.0458208685	0.1251616100000001
-0.0668923989	0.0256991899	0.0252778672	-0.06663147650000001	0.0826180512	-0.0671513987	0.0261197739	-0.628316	0.08518769999999999	-0.31655	0.00296596	-0.0118119	-0.00314115	0.0323545301	0.0154913806	-0.0122519115	-0.0394349494	0.0447661125	0.0794760221	0.19653721
-0.06740846860000001	0.0273769736	0.0227350996	-0.0644757965	0.08247561839999999	-0.0701067834	0.0319236667	-0.617376	0.0301875	-0.324443	0.00326095	-0.0116325	-0.00257111	0.0035861992	-0.0043360263	-0.0198659656	0.0118780747	0.0678325071	-0.051049234000000006	0.1260546999999999
-0.0679167887	0.0290421682	0.0201688105	-0.0622015356	0.0820961977	-0.07277211509999999	0.0375478092	-0.6371439999999999	0.0677757	-0.37031	0.00367997	-0.0119902	-0.00297585	0.0597736861	0.0236396544	0.0257416241	0.06556827030000001	-0.0261257992	0.0529874144	0.16229619999999992
-0.0684173009	0.030694008	0.0175816548	-0.0598128765	0.0814808795	-0.0751363666	0.042960534	-0.641334	0.06509880000000001	-0.32261	0.00337329	-0.0119914	-0.00299928	0.0297447261	0.0101340633	0.0454392506	0.009829949	-0.0785656144	-0.0157548569	0.07113239999999986
-0.0689099476	0.0323317335	0.0149763093	-0.0573142124	0.0806314317	-0.0771897563	0.0481313641	-0.626491	0.0176757	-0.371929	0.00392366	-0.011833	-0.00286754	0.0617132545	-0.0271480163	-0.0473738088	-0.0707309336	0.0098411148	-0.0216367326	0.1536105999999999
-0.0693946722	0.0339545915	0.0123554694	-0.0547101387	0.0795502952	-0.0789237887	0.0530311845	-0.621304	0.0316407	-0.33353299999999997	0.00400531	-0.0115994	-0.00295873	0.007441800799999999	-0.0285354819	-0.0182263947	-0.0419427502	-0.0012250936	-0.002949202	0.07787000000000006
-0.0698714189	0.035561835800000004	0.0097218466	-0.0520054446	0.0782405765	-0.0803312895	0.05763240610000001	-0.637868	0.0997435	-0.356003	0.0039902	-0.012337799999999998	-0.00342983	0.059957376	-0.0345042587	0.0188713067	-0.0181047567	0.0122604866	0.0018950088	0.16836729999999994
-0.0703401329	0.0371527273	0.0070781657	-0.0492051046	0.0767060391	-0.0814064355	0.0619091212	-0.645317	0.0141591	-0.349073	0.0046837	-0.012623200000000001	-0.00343726	0.0206430225	-0.0328289228	0.0955039407	0.0329666481	0.008833546	-0.0261017671	0.14927990000000002
-0.0708007604	0.0387265345	0.0044271617	-0.0463142688	0.0749510924	-0.0821447785	0.0658372492	-0.681198	0.0482425	-0.39255500000000004	0.00395079	-0.012977899999999999	-0.00393019	0.075825863	-0.0203383299	0.0041330699	0.0130038117	0.0357497771	0.094881987	0.1924734
-0.0712532484	0.0402825336	0.0017715775	-0.04333825400000002	0.0729807789	-0.0825432638	0.0693946722	-0.692068	0.0352286	-0.30801100000000003	0.00323863	-0.0129541	-0.00367303	-0.0023361719	0.0047505199	-0.0034307428000000004	0.046191412	-0.0311839513	-0.0474787035	0.15808390000000014
-0.0716975448	0.0418200091	-0.0008858397	-0.0402825336	0.0708007604	-0.0826002426	0.0725613598	-0.680006	-0.014034	-0.350075	0.00387351	-0.0127507	-0.00377893	0.0250429836	0.0014819995	-0.0653174973	-0.0241225187	0.0075765977	-0.058256228499999986	0.1505976
-0.0721335987	0.04333825400000002	-0.0035423403000000007	-0.0371527273	0.0684173009	-0.0823154793	0.0753194814	-0.668702	0.0859343	-0.32302600000000004	0.00365702	-0.0130077	-0.00327192	-0.0075407728	-0.0291195861	-0.005601784300000001	-0.0003641767	-0.0112534654	-0.020604292	0.1873463
-0.0725613598	0.0448365703	-0.0061951761	-0.0339545915	0.0658372492	-0.0816901521	0.0776535072	-0.657855	0.00384328	-0.352455	0.00372948	-0.0128063	-0.00327192	-0.00015408729999999998	-0.0407148282	-0.0362018531	-0.0804280628	0.0813551869	-0.0491315564	0.13606002000000014
-0.0729807789	0.0463142688	-0.0088416023	-0.030694008	0.0630680188	-0.080726848	0.0795502952	-0.6753859999999999	0.07788739999999998	-0.324935	0.00355656	-0.012788500000000001	-0.00378423	0.007365803499999999	-0.0090661587	0.0180336376	0.0233286885	0.064668875	0.0489415521	0.15424662000000008
-0.073391808	0.0477706702	-0.0114788812	-0.0273769736	0.0601175669	-0.0794295525	0.08099916509999999	-0.676361	0.0454735	-0.32444	0.00383494	-0.0127457	-0.00368805	-0.0081474101	-0.0139986413	0.0276323441	0.031553162200000005	0.026639841400000003	-0.0593957696	0.05475189999999987
-0.0737943996	0.0492051046	-0.014104284	-0.0240095886	0.056994371399999987	-0.077803633	0.081991959	-0.665519	0.054044100000000005	-0.353038	0.0040383	-0.012395200000000002	-0.00327192	0.0364693569	0.0034593902	0.0022003977	0.0278156436	0.003732222	-0.0043895396	0.09651010000000004
-0.0741885076	0.0506169125	-0.0167150947	-0.0205980464	0.0537074066	-0.0758558164	0.0825230869	-0.661592	0.0650612	-0.312648	0.00341602	-0.0125672	-0.00338705	0.0143984676	-0.011967425	0.0254087995	0.0086838462	-0.0398979055	-0.0296051272	0.10080460000000004
-0.0745740866	0.0520054446	-0.019308612	-0.017148621200000002	0.0502661174	-0.0735941614	0.0825895581	-0.6754899999999999	0.020403900000000003	-0.381364	0.00451648	-0.0130279	-0.0038361999999999997	0.0231298743	-0.02858356	-0.0675701459	-0.0550301133	0.0045341664	-0.0195861367	0.22778680000000004
-0.0749510924	0.0533700625	-0.0218821528	-0.013667657	0.0466803921	-0.0710280251	0.0821909983	-0.695763	0.07840839999999999	-0.323798	0.00341243	-0.0128279	-0.00429246	0.023829059	0.0095621149	-0.0562952763	-0.0009014404	0.0214698459	0.0290893358	0.223859
-0.0753194814	0.0547101387	-0.0244330544	-0.010161556	0.042960534	-0.06816802450000001	0.0813296518	-0.70173	0.14835799999999996	-0.135215	0.00369657	-0.011795299999999998	-0.0045152000000000005	-0.1134083614	0.0050455497	-0.1013122531	-0.0204348305	0.0394373776	-0.0861829174	0.34147359999999993
-0.07567921150000001	0.0560250569	-0.0269586778	-0.0066367663	0.0391172318	-0.0650259921	0.0800103684	-0.730696	0.0304086	-0.21764299999999998	0.0040819	-0.011902	-0.00494526	-0.0521271874	0.0057321277	-0.00678466	0.0071507169	-0.0044710219	-0.0453857968	0.2754479
-0.0760302412	0.0573142124	-0.0294564099	-0.0030997705	0.0351615291	-0.0616149276	0.0782405765	-0.7299109999999999	0.052099400000000004	-0.185003	0.00256986	-0.0114566	-0.00469121	-0.0705212311	-0.0170229768	0.0670988117	0.0355652881	-0.0144305893	-0.0291025546	0.16569029999999998
-0.0763725302	0.0585770125	-0.0319236667	0.0004429262	0.0311047922	-0.0579489435	0.0760302412	-0.7356829999999999	-0.00396529	-0.209326	0.00343518	-0.011714299999999999	-0.00506297	-0.1048310249	-0.0391177971	0.0549864296	-0.0188225061	0.0833317598	-0.0719017034	0.16089868999999998
-0.0767060391	0.0598128765	-0.0343578954	0.0039848083	0.0269586778	-0.0540432071	0.073391808	-0.7401339999999998	0.08812749999999997	-0.264374	0.00274473	-0.0124242	-0.00461043	-0.0224198968	-0.0012439573	0.08032031120000001	0.0182274167	0.104080422	0.0307003055	0.24423628999999994
-0.0770307297	0.0610212361	-0.0367565777	0.0075193617	0.0227350996	-0.0499138777	0.0703401329	-0.717631	0.07628129999999997	-0.182265	0.00299359	-0.0120613	-0.00440136	-0.0260214791	0.0084236184	0.1146440805	0.0442843351	-0.0326131696	5.50319e-05	0.15749969999999994
-0.0773465645	0.0622015356	-0.0391172318	0.0110400859	0.0184461937	-0.0455780395	0.0668923989	-0.712982	0.07386269999999999	-0.29897399999999996	0.00297152	-0.012170299999999998	-0.0045493	0.0363828174	0.0200865889	0.0690188502	0.0160732242	-0.0931056586	0.0935635783	0.13772710000000002
-0.0776535072	0.0633532322	-0.0414374156	0.0145405056	0.014104284	-0.0410536312	0.0630680188	-0.8282049999999999	0.0935943	-0.663768	0.00542792	-0.014048099999999999	-0.00682398	0.2132635845	-0.07729534519999999	0.0768766455	0.0425209115	-0.0280058304	0.0040268022	0.8301926
-0.0779515227	0.0644757965	-0.0437147285	0.018014183200000002	0.0097218466	-0.0363593716	0.0588885262	-0.941634	0.32321300000000003	-0.8573079999999998	0.00752991	-0.0154314	-0.00801595	0.2309827033	-0.2179669251	0.031405032400000005	0.0926639775	0.0161732025	0.0344516114	0.7704506999999999
-0.0782405765	0.0655687121	-0.0459468144	0.0214547298	0.0053114742	-0.0315146823	0.0543774543	-0.8097419999999999	-0.06707560000000001	-0.510016	0.00481219	-0.014054100000000005	-0.00687112	0.0399966821	-0.1056380002	0.0217817808	-0.017248076	0.1988256618	0.0292021712	1.1314650999999998
-0.0785206355	0.06663147650000001	-0.0481313641	0.024855818	0.0008858397	-0.0265396073	0.0495602034	-0.722896	-0.0540156	-0.39316100000000004	0.00425507	-0.0119062	-0.00552294	0.02309016	-0.0010572917	0.0047397753	0.0273090219	0.1234803735	0.031607053	0.419421
-0.0787916676	0.06766360099999999	-0.0502661174	0.0282111925	-0.0035423403000000007	-0.0214547298	0.0444638974	-0.736012	0.100343	-0.13756400000000002	0.00263681	-0.0115883	-0.0058398	-0.0631592584	0.0150714702	-0.0519579649	0.0505985149	-0.008653385	-0.0365206354	0.5357225999999999
-0.0790536414	0.068664611	-0.0523488658	0.0315146823	-0.0079603416	-0.0162810877	0.0391172318	-0.78493	0.028048400000000005	-0.316151	0.00175975	-0.012635500000000001	-0.00604898	0.1051438267	0.0251545454	-0.3169429425	-0.1154841612	-0.1693429386	0.0076323124	0.4064716
-0.079306527	0.06963404620000001	-0.0543774543	0.0347602118	-0.0123554694	-0.0110400859	0.0335503118	-0.7671359999999999	0.123136	-0.177323	0.00181714	-0.0113229	-0.00615268	0.0061231196	0.0184054472	-0.08868831099999999	-0.1056844972	-0.0228354215	0.051439480700000005	0.3253941
-0.0795502952	0.0705714608	-0.05634978440000001	0.0379418119	-0.0167150947	-0.005753407800000001	0.0277944824	-0.755033	0.129886	-0.23569400000000001	0.00254797	-0.012085799999999999	-0.00578317	0.0382098576	0.0646935006	-0.0155579991	0.0286691594	0.0177321205	0.1147124493	0.17038600000000007
-0.079784918	0.0714764238	-0.0582638153	0.0410536312	-0.0210266903	-0.0004429262	0.0218821528	-0.754317	0.09951950000000001	-0.188848	0.00195455	-0.011843200000000005	-0.00565696	-0.0094705872	0.1076796726	-0.057010226	0.1227647074	-0.0086167992	0.1367327388	0.12604
-0.0800103684	0.07234851889999999	-0.0601175669	0.044089946500000005	-0.0252778672	0.004869388	0.0158466129	-0.754371	0.10243800000000004	-0.184508	0.00170924	-0.0115601	-0.00560029	-0.0162602829	0.0961599293	-0.046792530599999986	0.15749079470000002	-0.0271057165	0.0544530872	0.03656649999999997
-0.08022662059999999	0.07318734519999999	-0.0619091212	0.0470451738	-0.0294564099	0.010161556	0.0097218466	-0.753402	0.061474	-0.172974	0.00140775	-0.0112926	-0.005564	-0.021561116	0.112152646	-0.0542583881	0.13435522800000002	-0.055287511	0.008522141	0.08373100000000001
-0.0804336496	0.07399251700000001	-0.0636366248	0.0499138777	-0.0335503118	0.0154116826	0.0035423403000000007	-0.75438	0.061566199999999995	-0.193882	0.00117956	-0.0113779	-0.00553888	-0.0219583076	0.0770076698	0.0083477278	0.07481150889999999	-0.0567520384	0.0033242104	0.03890870000000003
-0.0806314317	0.0747636639	-0.0652982905	0.0526907823	-0.0375478092	0.0205980464	-0.0026571115999999995	-0.761953	0.00146401	-0.200324	0.000673248	-0.0119307	-0.00613563	-0.0237154255	0.0212315069	0.0435937874	0.0588866532	-0.0657178405	-0.0753040968	0.15691029
-0.0808199441	0.0755004314	-0.0668923989	0.0553707806	-0.0414374156	0.0256991899	-0.0088416023	-0.768881	0.0423103	-0.24188600000000002	0.00123863	-0.012083100000000001	-0.00554148	-0.016708094099999998	0.0226808835	0.0589930537	0.0005502372	-0.0433608511	0.069892913	0.15493288999999996
-0.08099916509999999	0.0762024808	-0.0684173009	0.0579489435	-0.0452079546	0.030694008	-0.0149763093	-0.7706109999999999	0.04099269999999999	-0.187844	0.00118459	-0.011723899999999999	-0.00582516	-0.047172725	0.0317542292	0.0035657839	0.0018287739	-0.05929830000000001	0.0228509225	0.09193559999999998
-0.0811690742	0.076869489	-0.0698714189	0.06042052940000001	-0.048848591600000005	0.035561835800000004	-0.0210266903	-0.759297	0.014091299999999998	-0.232037	0.00148829	-0.0116394	-0.00538842	-0.0648731998	0.0134583971	-0.047877796900000005	-0.0596861886	0.0639799888	0.0332500229	0.1236554000000001
-0.0813296518	0.0775011496	-0.0712532484	0.0627809927	-0.0523488658	0.0402825336	-0.0269586778	-0.7591489999999999	0.104887	-0.20569899999999997	0.0017741	-0.011569	-0.00531559	-0.0168240825	0.056259796	-0.0719007299	-0.0134209021	0.0518962586	0.0706279062	0.13873370000000002
-0.0814808795	0.0780971719	-0.0725613598	0.0650259921	-0.0556987191	0.0448365703	-0.0327388711	-0.676891	0.0448394	-0.17290899999999998	0.00159793	-0.0108327	-0.0048324	-0.0988281134	0.0155562131	-0.0594149762	-0.0015204297	0.06609084400000001	-0.0674871346	0.24487859999999986
-0.08162273980000001	0.0786572819	-0.0737943996	0.0671513987	-0.0588885262	0.0492051046	-0.0383347241	-0.6952149999999999	0.114621	-0.26212399999999997	0.00267236	-0.0113515	-0.00494247	-0.0304977085	0.0048088672	0.0160974794	-0.0381407911	-0.0460020705	-0.0278066182	0.2624856
-0.0817552165	0.0791812221	-0.0749510924	0.0691533037	-0.0619091212	0.0533700625	-0.0437147285	-0.668408	-0.017215599999999998	-0.291029	0.00357869	-0.010887799999999998	-0.00436625	-0.034063164900000005	0.0101987581	0.111605607	-0.0558860727	-0.0319541027	-0.08510367349999999	0.28486110000000003
-0.0818782943	0.0796687514	-0.0760302412	0.0710280251	-0.06475182480000001	0.0573142124	-0.048848591600000005	-0.678129	0.0778212	-0.291126	0.00361891	-0.0108579	-0.00457503	-0.0485652758	-0.0106784395	0.08981211300000001	-0.049945803	0.0847428213	0.04496812360000002	0.11879979999999993
-0.081991959	0.0801196458	-0.0770307297	0.07277211509999999	-0.06740846860000001	0.0610212361	-0.0537074066	-0.6834180000000001	0.0279849	-0.293027	0.00446623	-0.0109238	-0.00456902	-0.0343473288	0.0389458073	0.0634839536	-0.0071329359	0.044402146	0.014765408	0.1029877999999999
-0.0820961977	0.0805336979	-0.0779515227	0.0743823661	-0.0698714189	0.0644757965	-0.0582638153	-0.6825140000000001	0.0498808	-0.257456	0.00309896	-0.011102500000000001	-0.00458798	-0.0552467867	0.0340065906	0.0250694664	-0.0214444273	0.0253591371	0.069619948	0.13661740000000006
-0.0821909983	0.0809107173	-0.0787916676	0.0758558164	-0.0721335987	0.06766360099999999	-0.0624921622	-0.709782	0.0526239	-0.244127	0.00332617	-0.011046799999999999	-0.00469154	-0.0474739949	0.0487572647	0.0282460107	-0.0180326306	-0.0630000147	0.0003542215	0.06266360000000001
-0.08227635	0.0812505306	-0.0795502952	0.0771897563	-0.0741885076	0.0705714608	-0.06636863900000001	-0.7076859999999999	0.036873500000000003	-0.282173	0.00298594	-0.0114871	-0.00465141	-0.015860780300000002	0.0682310033	-0.0193446054	-0.0364211892	-0.0350620846	0.0224612309	0.09692539999999998
-0.0823522428	0.0815529816	-0.08022662059999999	0.0783817324	-0.0760302412	0.07318734519999999	-0.0698714189	-0.7000270000000001	0.0707844	-0.219194	0.00269857	-0.0106759	-0.00461027	-0.084482498	0.048399384	0.0069310558	-0.0451963703	-0.0434771611	-0.0234367767	0.16153440000000002
-0.0824186682	0.0818179311	-0.0808199441	0.0794295525	-0.0776535072	0.0755004314	-0.0729807789	-0.6963699999999999	0.0139518	-0.263167	0.00408016	-0.010971799999999999	-0.0044832	-0.07166114559999999	0.0221061386	0.0036685297	-0.0581594738	0.08554439539999999	-0.08574884740000001	0.1946906
-0.08247561839999999	0.0820452574	-0.0813296518	0.0803312895	-0.0790536414	0.0775011496	-0.07567921150000001	-0.705464	0.08209579999999997	-0.291428	0.0045335	-0.0112193	-0.00456248	-0.0452130984	0.034372758	0.06703154360000001	0.0253593694	0.0757276447	0.0723000615	0.1445049999999999
-0.0825230869	0.0822348559	-0.0817552165	0.0810852849	-0.08022662059999999	0.0791812221	-0.0779515227	-0.698426	0.031112900000000002	-0.270356	0.00469254	-0.0110202	-0.00418352	-0.0613822322	0.040517607	0.0901507589	-0.033096141	-0.0115500313	0.0261806714	0.1159479
-0.0825610682	0.0823866395	-0.0820961977	0.0816901521	-0.0811690742	0.0805336979	-0.079784918	-0.54069	0.42800900000000003	-0.8915699999999999	0.018500799999999998	-0.012178	-0.00343465	0.1553615894	-0.1377118027	-0.0859468259	-0.0436670134	0.0327325629	-0.0483482725	1.9615926
-0.0825895581	0.0825005382	-0.0823522428	0.0821447785	-0.0818782943	0.0815529816	-0.0811690742	-0.562552	0.500625	-1.0976299999999999	0.0222965	-0.0121038	-0.00370415	0.2315162628	-0.2299119714	-0.057882149	0.0622681372	-0.05376185730000002	-0.0772199024	0.5075080000000001
-0.0826085531	0.08257649980000001	-0.0825230869	0.0824483281	-0.0823522428	0.0822348559	-0.0820961977	-0.603635	0.199234	-0.562699	0.013152200000000005	-0.011475200000000001	-0.00320852	0.023075718	-0.0860097592	-0.0011407483	-0.0419937265	-0.0558922815	-0.1187503715	1.3908315000000002
-0.0826180512	0.0826144894	-0.0826085531	0.0826002426	-0.0825895581	0.08257649980000001	-0.0825610682	-0.647633	0.243802	-0.552415	0.0138065	-0.0120616	-0.00407325	0.0589322362	-0.0815692049	-0.0054738633	-0.011917918700000002	-0.0551879584	-0.05078239440000002	0.2041215
