0.0942786066	0.094271714	0.0942602268	0.0942441455	0.0942234708	-0.0193315	0.0893386	0.10940699999999999	-0.00125179	-0.000301799	0.000351591	-0.0177941679	0.028321977400000007	-0.0264849526	0.016276518400000002	-0.1859288665	0.2058484949	0.0
0.0942602268	0.0941982038	0.0940948623	0.0939502478	0.0937644235	-0.0198447	0.0565427	0.149897	-0.000744808	-0.00049211	0.000229657	0.1865956277	-0.0444870462	-0.043685899900000005	0.1089967293	-0.0683526614	0.08463748869999999	0.11476045
0.0942234708	0.0940512406	0.0937644235	0.0933633689	0.0928485654	-0.012808400000000001	0.0914962	0.186674	-0.00138536	-0.0007917529999999999	0.000303008	0.2306891841	0.0417351122	0.0240245741	-0.0252467517	-0.1222911008	-0.0923319149	0.12944409999999998
0.0941683457	0.0938309391	0.09326949	0.092485339	0.0914803584	-0.0169608	0.116698	0.221063	-0.0009187910000000001	-0.0007956419999999999	0.00025	0.2291603585	0.034833387599999995	-0.0410728022	0.0110655499	0.0168869131	-0.0563250233	0.08991649999999997
0.0940948623	0.0935374711	0.0926109301	0.0913188962	0.0896664683	-0.0187045	0.07901329999999998	0.230307	-0.0012052	-0.00076647	0.000279438	0.1361111844	-0.0035634121	-0.0629796033	-0.0308366325	-0.1107013358	-0.08888527980000001	0.06592335000000002
0.094003035	0.0931710653	0.0917898992	0.089867678	0.0874157321	-0.016596200000000002	0.0644453	0.187156	-0.0006030219999999999	-0.00124004	7.47802e-05	0.08796479970000001	0.0275974955	0.0047595504	0.1029833923	0.0298436143	-0.007600288	0.12384759
0.0938928815	0.0927320076	0.0908078376	0.08813621	0.08473911529999999	-0.017225299999999995	0.140281	0.235593	-0.00164812	-0.0008617910000000001	0.000252078	0.0234198111	-0.0671494877	0.0118596957	-0.0710776566	-0.0224498948	-0.057266944000000014	0.20493404
0.0937644235	0.0922206402	0.0896664683	0.0861298917	0.0816496581	-0.020075700000000002	0.08719339999999999	0.276092	-0.00156248	-0.00108204	0.00011635	-0.0457859662	0.0535688901	-0.0769993266	0.0196716537	-0.0243463357	0.0092218999	0.11851785
0.0936176859	0.0916373619	0.0883677934	0.0838549798	0.0781624119	0.00822199	0.0427935	0.242153	-0.00024166400000000002	-0.0012858800000000005	-0.0008237810000000001	-0.0359507899	-0.0970379631	0.0332853046	0.0862469352	0.1060483711	-0.0088257727	0.22987594
0.0934526974	0.0909826276	0.0869140914	0.0813185686	0.0742943663	-0.00485565	0.127665	0.27005	-0.00113907	-0.00102514	-0.000491496	-0.0704954519	0.0180838118	0.0973527252	-0.0552317592	-0.0104215112	-0.0199864941	0.20036769
0.09326949	0.0902569478	0.0853079126	0.0785285677	0.0700643661	-0.00863404	0.0925707	0.266656	-0.0013865	-0.0011981400000000005	-0.000500307	-0.0638859313	0.0478004428	-0.0673200474	-0.0121551979	0.14200541349999998	0.043647727699999986	0.06372874
0.0930680996	0.0894608883	0.08355207469999999	0.0754936776	0.0654930192	-0.0264803	0.0093536	0.26011300000000004	-0.00014122	-0.0015843	-0.000254012	-0.0910739993	-0.1283533891	-0.0101205545	0.022654308	-0.0043986767	-0.0034906721000000003	0.20149311
0.0928485654	0.0885950699	0.0816496581	0.0722233627	0.060602597	-0.0165083	0.086791	0.213773	-0.0009378530000000002	-0.00192901	-0.000430162	-0.1030027364	0.0719540633	0.1243007553	-0.0236959106	0.0231078931	0.0024988348	0.19962405
0.0926109301	0.0876601678	0.0796040002	0.0687278213	0.055416925	-0.021806700000000002	0.119703	0.312633	-0.00119534	-0.00202839	-0.0005637390000000001	-0.083889176	0.0214594533	-0.0447589884	-0.0097922153	0.1529715533	0.08413858689999999	0.1615926
0.0923552402	0.0866569108	0.0774186899	0.0650179541	0.0499612674	-0.0366897	0.039323500000000004	0.288499	-0.00037371800000000004	-0.00214686	-0.000202627	-0.0637936646	-0.1313636249	0.0062956966	0.0405897152	0.0128359943	0.0366914347	0.1844567
0.0920815455	0.08558608150000001	0.0750975609	0.0611053303	0.0442622034	-0.029569099999999997	0.146893	0.265335	-0.000980375	-0.00212055	-0.000364546	-0.0480212194	0.0419502928	0.1172610959	-0.0545893909	-0.0223872745	0.0031225263	0.17759839999999996
0.0917898992	0.08444851460000001	0.07264468519999999	0.0570021512	0.0383474985	-0.0289349	0.0842327	0.314471	-0.00119534	-0.00162061	-0.000299809	-0.0346183126	0.0620275282	-0.0452387546	0.0001806856	0.0932109648	0.05643576650000001	0.1514126
0.0914803584	0.0832450974	0.0700643661	0.0527212125	0.0322459684	-0.046368900000000005	0.0412959	0.250146	-0.000557022	-0.00222718	-0.000276581	-0.023779985	-0.121856395	0.0125809411	0.07297604490000001	0.0835274686	0.0413136873	0.18810160000000006
0.0911529832	0.0819767681	0.0673611302	0.0482758643	0.025987339100000003	-0.0405291	0.150108	0.277919	-0.0014144400000000005	-0.00195677	-0.000205375	-0.0526586178	-0.017507778600000003	0.0448770184	-0.0959564621	-0.0328800629	-0.01032756	0.2023766
0.0908078376	0.0806445158	0.0645397201	0.0436799691	0.0196021022	-0.019411	0.061941099999999985	0.347979	-0.00110904	-0.00207487	-0.000286098	-0.0763423428	0.0758030904	-0.0603914766	-0.004809546	-0.0447446369	0.0107603976	0.20455615
0.0904449889	0.0792493794	0.0616050853	0.0389478592	0.0131213658	-0.0285224	0.0161617	0.296279	-0.000205409	-0.00205483	-0.000379964	-0.0687439867	0.0250892007	0.0440346413	0.1553398818	0.0926776332	0.0440510649	0.15746765
0.09006450769999999	0.0777924467	0.0585623743	0.034094291400000004	0.0065767034	-0.013393500000000001	0.158651	0.310716	-0.00176708	-0.0025605	-0.000886225	-0.0328423728	-0.0811328987	0.0184780329	-0.0893025824	0.06848539440000001	0.0052503585	0.3007353
0.0896664683	0.0762748537	0.055416925	0.0291344016	0.0	-0.034001199999999995	0.0468682	0.331791	-0.0008657769999999998	-0.00251007	-0.000476774	-0.0137447363	-0.06898046299999999	-0.08111265200000001	-0.0567472829	-0.051998072400000005	-0.043695652300000005	0.22152470000000002
0.0892509482	0.0746977839	0.0521742556	0.024083657	-0.0065767034	-0.0387535	0.059533400000000014	0.23236300000000001	-0.00104599	-0.00238365	-0.00010819300000000004	-0.0432931429	-0.043775757	0.1169360108	-0.0055033551	-0.021447817200000004	-0.0505331035	0.15060620000000002
0.0888180284	0.0730624671	0.048840054800000005	0.0189578082	-0.0131213658	-0.030248400000000005	0.133907	0.310449	-0.00225942	-0.00241597	-7.35661e-05	-0.0820916832	0.0847239501	0.0087965622	-0.0506728352	-0.0117123015	0.0756279115	0.224983545
0.0883677934	0.0713701783	0.045420172	0.01377284	-0.0196021022	-0.0348938	0.0545275	0.277007	-0.000988805	-0.00222356	-0.000128684	-0.0704016084	0.0651461507	-0.0209166966	0.0838696513	-0.0361215555	0.0152249132	0.193374045
0.0879003309	0.06962223719999999	0.0419206067	0.0085449216	-0.025987339100000003	-0.0400914	0.123522	0.22261	-0.00134759	-0.00270524	-0.000335257	0.016967116100000002	-0.0048894967	0.0728029534	-0.0482649227	0.1394030191	-0.0046599881	0.18094100000000002
0.0874157321	0.0678200068	0.0383474985	0.0032903561	-0.0322459684	-0.0383555	0.109589	0.264396	-0.00161063	-0.00257905	-0.000506595	0.0095028394	-0.0460570427	-0.072470666	-0.08944191859999999	0.0742403443	0.0460275872	0.08548330000000001
0.0869140914	0.06596489230000001	0.0347071157	-0.0019744703	-0.0383474985	-0.046413	0.046274699999999995	0.25353600000000004	-0.0008886039999999998	-0.00243015	-2.15002e-05	-0.0020772912	-0.1044968523	-0.0456309921	0.003787923	-0.0838625501	-0.033926841	0.15003284000000006
0.0863955067	0.0640583405	0.0310058448	-0.007233139300000002	-0.0442622034	-0.050806800000000006	0.109382	0.211903	-0.00170954	-0.00277073	-1.73883e-05	-0.0203243504	0.0610554335	0.1064701779	-0.0470223468	-0.0510571676	-0.0105374672	0.16741549499999994
0.08586007890000001	0.0621018379	0.0272501791	-0.0124692521	-0.0499612674	-0.0415505	0.11849100000000005	0.238693	-0.00222398	-0.00266131	-0.000145779	-0.0642719195	0.1054378472	-0.0472054018	-0.0226015796	0.0181317732	0.0971091578	0.08276783499999997
0.0853079126	0.0600969101	0.023446707400000003	-0.0176664798	-0.055416925	-0.0462091	-0.000328636	0.207852	-1.81203e-05	-0.00249219	1.99154e-05	-0.0299183513	0.009113697	-0.0015667826	0.1247174833	0.0316176388	0.0314954833	0.281352941
0.08473911529999999	0.0580451205	0.0196021022	-0.0228086151	-0.060602597	-0.0633919	0.11214600000000001	0.178235	-0.00167159	-0.00268791	0.000133017	0.0016768754	-0.0408947157	-0.0129400296	-0.1060050226	0.0736884196	0.0078516146	0.25738900099999995
0.084153798	0.0559480692	0.015723108200000002	-0.0278796223	-0.0654930192	-0.048081900000000004	0.0627342	0.23089	-0.00116263	-0.00247828	-3.8144899999999995e-05	0.0129054379	-0.0197593359	-0.0610816212	-0.0461539952	-0.0346578471	-0.030486034900000007	0.161864395
0.08355207469999999	0.0538073912	0.0118165306	-0.0328636878	-0.0700643661	-0.0436628	0.0558496	0.16379100000000002	-0.00101199	-0.00240276	-1.63199e-05	0.0206376263	0.008033539499999999	0.0963383862	0.0024063172	-0.059574738899999986	-0.0347402577	0.09080195
0.0829340628	0.0516247558	0.0078892227	-0.0377452688	-0.0742943663	-0.017776799999999995	0.146626	0.269273	-0.00236215	-0.00247947	-0.000669274	-0.0021706602	0.0835324546	0.0226614091	-0.0389398858	-0.0441596993	0.0410737435	0.32613560500000005
0.0822998827	0.049401865	0.0039480745	-0.0425091422	-0.0781624119	-0.0223946	0.083771	0.27949	-0.00163365	-0.00247315	-0.000669274	-0.0179841557	0.061026138	-0.0436952941	0.0790631124	-0.0993150808	-0.0106747383	0.11443080000000005
0.0816496581	0.0471404521	-0.0	-0.0471404521	-0.0816496581	-0.0318154	0.12871400000000002	0.21658899999999998	-0.00174247	-0.00242458	-0.0008343160000000001	0.0534056827	0.0325799406	0.0973207174	0.0002992029	0.1111239916	-0.0098559554	0.13338640000000002
0.08098351570000001	0.0448422805	-0.0039480745	-0.0516247558	-0.08473911529999999	-0.0314466	0.101589	0.253098	-0.00153596	-0.00278678	-0.000915766	0.0497938096	-0.0549044731	-0.087601076	-0.0479393167	-0.012706556	0.0507854702	0.09651080000000001
0.0803015854	0.0425091422	-0.0078892227	-0.0559480692	-0.0874157321	-0.022393599999999996	0.0502057	0.27831	-0.00106926	-0.00211936	-0.000719692	0.0101100301	-0.0465649754	-0.018357437	0.0364309073	-0.1277321277	-0.0561488403	0.152158
0.0796040002	0.0401428566	-0.0118165306	-0.0600969101	-0.0896664683	0.00715671	0.33966999999999997	0.27913899999999997	-0.008915829999999998	-0.00141011	-0.000669274	0.0056631288	0.1197269405	-0.1190128729	-0.0176411252	-0.0411442963	-0.12839363480000002	0.75015551
0.078890896	0.0377452688	-0.015723108200000002	-0.0640583405	-0.0914803584	-0.042102	0.07027749999999999	0.0765133	-0.0014445599999999995	-0.00127159	-1.12679e-05	-0.024782417	-0.0429379852	-0.1130841453	-0.0019783242	-0.0400618944	-0.0163133229	0.9346667150000002
0.0781624119	0.0353182483	-0.0196021022	-0.0678200068	-0.0928485654	-0.020903099999999997	0.08083229999999997	0.287111	-0.00255612	-0.00196179	-0.000669274	-0.1161661222	0.0354675906	0.0365844995	-0.0751929174	-0.0075849464	-0.1365474164	0.3653397050000001
0.0774186899	0.0328636878	-0.023446707400000003	-0.0713701783	-0.0937644235	-0.00341331	0.142486	0.227134	-0.00301292	-0.00189797	-0.0009753889999999999	-0.008086889	0.07881704	0.0782033138	0.0455371962	0.042837798	-0.1025770264	0.18045724
0.07665987490000001	0.0303835011	-0.0272501791	-0.0746977839	-0.0942234708	-0.00412858	0.194688	0.319764	-0.00365794	-0.0024031999999999994	-0.00131547	0.0606116545	-0.0220360726	-0.0561886696	-0.1084785555	0.0515371456	-0.045157835	0.22006382
0.075886115	0.0278796223	-0.0310058448	-0.0777924467	-0.0942234708	-0.00409322	0.110269	0.317234	-0.00245866	-0.00255887	-0.00118181	0.0885006326	-0.0416563365	-0.0665559622	-0.0048235224	-0.1446376843	-0.1424107217	0.16141485999999994
0.0750975609	0.0253540038	-0.0347071157	-0.0806445158	-0.0937644235	-0.000566368	0.192386	0.256814	-0.00335546	-0.00233498	-0.00115933	0.0996551276	0.0963543892	0.111180192	-0.0327113727	-0.0493493252	-0.1216962321	0.203222352
0.0742943663	0.0228086151	-0.0383474985	-0.0832450974	-0.0928485654	0.00294925	0.174292	0.334311	-0.0036934	-0.00223109	-0.00134538	0.07399690269999999	0.1035969361	-0.0773764237	0.0265098969	0.08669225289999999	-0.0377608091	0.130500618
0.073476688	0.0202454408	-0.0419206067	-0.08558608150000001	-0.0914803584	0.00219822	0.14769300000000002	0.314379	-0.00307282	-0.00273308	-0.0014152000000000001	0.0630421779	-0.1128168935	-0.0312345859	0.1031355912	0.0586044074	-0.0616273375	0.10690153
0.07264468519999999	0.0176664798	-0.045420172	-0.0876601678	-0.0896664683	0.00217376	0.140335	0.30448000000000003	-0.002771	-0.00264436	-0.00164014	0.0254267354	-0.0061990840000000005	0.0788758743	-0.0296213991	-0.0584963271	-0.0855897742	0.04805546000000005
0.0717985202	0.0150737429	-0.048840054800000005	-0.0894608883	-0.0874157321	0.00263478	0.168739	0.360007	-0.00348202	-0.00245579	-0.00133341	0.0022815487	0.1080246002	-0.0148793274	-0.0215499532	0.0533256886	-0.0235014958	0.14470802000000008
0.0709383579	0.0124692521	-0.0521742556	-0.0909826276	-0.08473911529999999	0.00211005	0.06475800000000001	0.332558	-0.00179826	-0.00291939	-0.00123356	0.023654498	-0.0285997103	-0.0870547923	0.0128126762	0.0376252396	-0.0477348545	0.24431523
0.0700643661	0.009855038	-0.055416925	-0.0922206402	-0.0816496581	0.00297544	0.0825283	0.26077	-0.0017259	-0.00258459	-0.000996671	0.0374170295	-0.1085539006	0.0430903897	0.0170503191	0.0301374916	-0.0576357883	0.12262614000000002
0.069176715	0.007233139300000002	-0.0585623743	-0.0931710653	-0.0781624119	0.00254868	0.148323	0.37195300000000003	-0.00288027	-0.00265485	-0.00129653	-0.0363252797	0.0236981003	-0.008164997	-0.0582344088	-0.04247911	-0.0190561124	0.25362891
0.0682755779	0.0046056005	-0.0616050853	-0.0938309391	-0.0742943663	0.020311000000000003	0.060338	0.408746	-0.0007158080000000001	-0.00347291	-0.00159241	-0.009868719	0.0532384018	-0.0672032057	0.08991081599999999	-0.028193714100000006	-0.005113872	0.3064604200000001
0.0673611302	0.0019744703	-0.0645397201	-0.0941982038	-0.0700643661	0.007239439999999998	0.0595997	0.33247600000000005	-9.875059999999999e-05	-0.00378456	-0.00175884	0.0399580375	-0.1224220857	0.0723317563	0.07902404730000001	0.0619501488	0.061681420999999986	0.14483673000000002
0.0664335504	-0.0006581995	-0.0673611302	-0.094271714	-0.0654930192	0.00698196	0.15046400000000001	0.440906	-0.00169286	-0.00414866	-0.00160607	0.0034201208000000003	-0.0256391845	-0.0158590874	-0.0525929159	-0.0691609735	0.0456961944	0.30510075000000003
0.0654930192	-0.0032903561	-0.0700643661	-0.0940512406	-0.060602597	0.00894225	0.056183699999999996	0.407006	-0.00112053	-0.00317477	-0.0009088610000000001	-0.0175867645	0.0238583263	-0.0009706015	0.05841311110000001	-0.1050720532	0.0002079833	0.24231204
0.0645397201	-0.005919946999999999	-0.07264468519999999	-0.0935374711	-0.055416925	0.00801226	0.161777	0.369759	-0.0021753	-0.00345811	-0.00146774	0.0135080746	0.0538191027	0.0721253349	0.0023799163000000003	0.100856383	0.0244130096	0.23861974
0.0635738388	-0.0085449216	-0.0750975609	-0.0927320076	-0.0499612674	0.015267300000000001	0.08718610000000003	0.46013999999999994	-0.00129423	-0.00396926	-0.00166492	0.034980963500000004	-0.0537447804	-0.0419741935	0.0018767898	0.0143128305	0.0284449516	0.25169694
0.0625955636	-0.0111632332	-0.0774186899	-0.0916373619	-0.0442622034	0.015391499999999999	0.097985	0.407032	-0.00105053	-0.00390561	-0.00162407	0.0319208642	-0.0535945755	0.0970130132	0.0482617079	-0.0805028172	0.0052885358	0.08144109999999997
0.0616050853	-0.01377284	-0.0796040002	-0.0902569478	-0.0383474985	0.00558542	0.12742	0.389228	-0.00183875	-0.00389361	-0.0013555100000000005	0.0180494423	0.1194402603	0.0901542161	-0.0194848616	-0.0045022109	0.0399274412	0.11048407999999996
0.060602597	-0.0163717072	-0.0816496581	-0.0885950699	-0.0322459684	0.006802600000000001	0.097201	0.439067	-0.00130542	-0.00402891	-0.00120478	-0.0135191459	0.0458199657	-0.0302483298	0.0268301044	0.114977027	0.0556168945	0.12224318
0.0595882941	-0.0189578082	-0.08355207469999999	-0.0866569108	-0.025987339100000003	0.00248274	0.0639753	0.417897	-0.00105342	-0.00415892	-0.00129622	-0.0235616336	-0.1301232681	-0.0118835097	0.0585342436	0.0119973683	0.048600844	0.08238805999999997
0.0585623743	-0.0215291265	-0.0853079126	-0.08444851460000001	-0.0196021022	0.00248483	0.12717	0.43111099999999997	-0.00200728	-0.00408757	-0.00139999	-0.0245469261	0.0365439197	0.1217041503	-0.028223727	-0.0609759501	-0.0049695948	0.13285979000000006
0.0575250377	-0.024083657	-0.0869140914	-0.0819767681	-0.0131213658	0.0101961	0.11090699999999999	0.44599099999999997	-0.00182996	-0.00396013	-0.00137217	0.0005398296	0.0985265908	-0.0705699696	0.008094969399999999	0.0239448067	0.0660592102	0.05548326999999999
0.05647648650000001	-0.0266194078	-0.0883677934	-0.0792493794	-0.0065767034	0.000266423	0.0596429	0.403212	-0.000703285	-0.00457872	-0.00136283	-0.0066629972	-0.0979561368	0.0419462949	0.1148665499	0.071527823	0.0374834552	0.191703027
0.055416925	-0.0291344016	-0.0896664683	-0.0762748537	-0.0	0.014818000000000001	0.190725	0.494598	-0.00270852	-0.00446325	-0.00165934	-0.0492472042	-0.0525269322	-0.0272939635	-0.06951846519999999	-0.0381929866	0.0343539136	0.35788042699999995
0.05434656	-0.0316266773	-0.0908078376	-0.0730624671	0.0065767034	0.0120179	0.052587699999999994	0.475026	-0.000981575	-0.00423356	-0.000923287	-0.0470179433	0.0195294973	-0.0288267788	0.0383690541	-0.0864032599	-0.0260373232	0.2951438
0.0532655999	-0.034094291400000004	-0.0917898992	-0.06962223719999999	0.0131213658	0.013680200000000002	0.154278	0.42484700000000003	-0.00201461	-0.00438913	-0.00147844	0.0184727852	0.0750712296	0.0914575949	-0.0023116771	0.08000949480000001	0.0181368865	0.2407195000000001
0.0521742556	-0.0365353199	-0.0926109301	-0.06596489230000001	0.0196021022	0.0125399	0.10684600000000001	0.537165	-0.00118315	-0.00462099	-0.00157052	0.0495939422	0.002001759	-0.0652020131	-0.0026589702	0.1186120174	0.0445317683	0.21866030000000009
0.0510727399	-0.0389478592	-0.09326949	-0.0621018379	0.025987339100000003	0.008679219999999998	0.05186759999999999	0.423275	-0.000293048	-0.0045955	-0.00137527	0.002891465	-0.1249645224	0.0237063453	0.0912936918	0.0699055227	0.0716517603	0.22827118
0.0499612674	-0.0413300281	-0.0937644235	-0.0580451205	0.0322459684	0.0106734	0.205104	0.4663390000000001	-0.00132795	-0.00467869	-0.00148639	-0.0421270391	-0.0055013083	-0.0225280751	-0.0365494965	-0.0586088147	0.0962338095	0.25975518
0.048840054800000005	-0.0436799691	-0.0940948623	-0.0538073912	0.0383474985	0.00837503	0.0861852	0.452082	-0.00153983	-0.00434868	-0.00131357	-0.0079404967	0.0542162112	-0.0531650307	0.0605463858	-0.0381389642	0.0416846212	0.17120967000000006
0.0477093208	-0.0459958498	-0.0942602268	-0.049401865	0.0442622034	0.00558331	0.106387	0.39159	-0.00129544	-0.00456089	-0.00125803	0.0051946503	-0.103269453	0.0453624808	-0.0120375503	0.0829306529	0.0220597172	0.10909251999999996
0.0465692858	-0.0482758643	-0.0942602268	-0.0448422805	0.0499612674	0.013683100000000002	0.12058900000000004	0.47453100000000004	-0.0020605999999999997	-0.00463538	-0.00147946	-0.0449559948	-0.0244536348	-0.0519067117	-0.0988238476	-0.07005613969999999	0.0403186293	0.15829678999999994
0.045420172	-0.0505182347	-0.0940948623	-0.0401428566	0.055416925	0.0168267	0.058596900000000014	0.523409	-0.00121582	-0.00441674	-0.00149869	-0.0409439654	0.0454433554	-0.0032392128000000003	0.0524533136	-0.0708645724	0.033212129	0.16814620000000002
0.0442622034	-0.0527212125	-0.0937644235	-0.0353182483	0.060602597	0.00773756	0.0958329	0.449024	-0.00105118	-0.00460056	-0.00150924	0.041477619	-0.0136265602	0.0561497866	-0.008734086	0.1089310674	0.0379053019	0.13866064000000006
0.0430956059	-0.05488308	-0.09326949	-0.0303835011	0.0654930192	0.00751575	0.11749000000000001	0.494562	-0.00151484	-0.00487654	-0.00148537	0.010614001299999998	-0.0482338438	-0.0273350168	-0.0678238734	-0.0331758128	0.0341040399	0.10559241000000004
0.0419206067	-0.0570021512	-0.0926109301	-0.0253540038	0.0700643661	0.014097299999999997	0.0757044	0.494462	-0.0013159	-0.00443605	-0.0013681	-0.0104704172	0.0638416391	-0.0143901516	0.0404772445	-0.098268815	0.0094089882	0.08630215
0.0407374351	-0.0590767739	-0.0917898992	-0.0202454408	0.0742943663	0.00835601	0.147062	0.43660699999999997	-0.00157221	-0.00435508	-0.00130718	0.019219406100000003	0.0313708449	0.0869999019	0.0171821921	0.1011977163	0.0617652979	0.15486389
0.0395463216	-0.0611053303	-0.0908078376	-0.0150737429	0.0781624119	0.00708677	0.12775700000000004	0.469876	-0.00190688	-0.00506678	-0.00167866	0.0158198003	-0.0134171403	-0.0992613233	-0.0309326653	0.0001164164	0.0388685947	0.12473573999999996
0.0383474985	-0.0630862386	-0.0896664683	-0.009855038	0.0816496581	0.0179673	0.0440585	0.43687299999999996	-0.000533068	-0.00447883	-0.00125516	-0.033010021800000004	-0.0976879081	0.0241530527	0.0635741606	-0.0833453654	-0.0287099694	0.24684513
0.0371411994	-0.0650179541	-0.0883677934	-0.0046056005	0.08473911529999999	0.029263799999999996	0.335065	0.42840900000000004	-0.00343646	-0.00351184	-0.000857425	-0.0566785865	0.0511728708	-0.0099031243	-0.1152243517	-0.0003691966	0.0595242909	0.5241728499999999
0.0359276596	-0.0668989706	-0.0869140914	0.0006581995	0.0874157321	0.0155137	0.1049	0.379591	-0.00215561	-0.00418056	-0.00063983	-0.1314143134	-0.013555584	-0.025997844300000003	0.0023212526	0.044107931	0.0248996865	0.40109135
0.0347071157	-0.0687278213	-0.0853079126	0.005919946999999999	0.0896664683	0.0137875	0.24632199999999999	0.46096800000000004	-0.00474624	-0.00459529	-0.00102352	-0.1449462622	-0.0005630789	-0.0240626296	-0.0901266522	-0.0012799079	-0.0002962829	0.3939777
0.0334798055	-0.0705030801	-0.08355207469999999	0.0111632332	0.0914803584	0.00325617	0.10403399999999999	0.4826470000000001	-0.00260306	-0.00423755	-0.0007834939999999999	-0.038880893	0.0434646229	-0.0673084282	0.0118316316	-0.1096943332	-0.0312315239	0.3115456300000001
0.0322459684	-0.0722233627	-0.0816496581	0.0163717072	0.0928485654	0.014859	0.19028699999999998	0.470426	-0.00285981	-0.00460256	-0.00118217	0.0637529983	0.022501453	0.0793071333	-0.0343300816	0.1081622056	-0.0629383217	0.16109863000000002
0.0310058448	-0.07388732769999999	-0.0796040002	0.0215291265	0.0937644235	0.0295006	0.177325	0.580276	-0.00271003	-0.00461552	-0.00175562	0.0911451124	-0.0196986593	-0.1007870295	-0.0736219939	0.0674171666	-0.0175930865	0.17426309999999992
0.0297596766	-0.0754936776	-0.0774186899	0.0266194078	0.0942234708	0.025260499999999998	0.115277	0.577059	-0.00158628	-0.00434495	-0.00163891	0.042011318099999986	-0.081662716	-0.0304754137	0.0656904074	0.0482550412	-0.0089321166	0.1450566
0.0285077067	-0.07704115980000001	-0.0750975609	0.0316266773	0.0942234708	0.0253914	0.13259300000000002	0.524139	-0.00162402	-0.0045833	-0.0014476999999999995	0.016488665700000002	-0.083043775	0.0603330148	-0.0167876995	0.08848131199999999	0.0405696367	0.09373189999999998
0.0272501791	-0.0785285677	-0.07264468519999999	0.0365353199	0.0937644235	0.0199405	0.136068	0.537307	-0.00172784	-0.00469315	-0.00148144	-0.0326948629	-0.0622971709	-0.0600879735	-0.0825100193	0.0341242717	0.0988068186	0.034464399999999965
0.025987339100000003	-0.07995474129999999	-0.0700643661	0.0413300281	0.0928485654	0.0237257	0.0978965	0.557172	-0.000908344	-0.00463661	-0.00163891	-0.0146300405	-0.07639484889999999	-0.0160860782	0.0099843231	-0.1565076684	0.0052782062	0.113497
0.0247194328	-0.0813185686	-0.0673611302	0.0459958498	0.0914803584	0.0283107	0.155844	0.499663	-0.0011577	-0.00414986	-0.00155629	0.0249389882	0.0976701449	0.1311730189	-0.0331849267	-0.0541065492	-0.0008259223	0.16097779999999998
0.023446707400000003	-0.0826189861	-0.0645397201	0.0505182347	0.0896664683	0.034739099999999995	0.15224000000000001	0.567728	-0.00202777	-0.00413148	-0.00163891	-0.0019876724	0.0762796083	-0.0235683757	0.0025143715	-0.0569111751	0.054773787699999986	0.1266509
0.022169411	-0.0838549798	-0.0616050853	0.05488308	0.0874157321	0.034275400000000004	0.06880950000000001	0.487295	-0.0007574169999999999	-0.00398216	-0.00125467	-0.0376647515	0.0890491844	0.047613307	0.1147874791	-0.024773071400000003	0.06630133839999999	0.25452285
0.0208877927	-0.085025586	-0.0585623743	0.0590767739	0.08473911529999999	0.022437400000000003	0.385992	0.650259	-0.00137258	-0.00302247	-0.0008859459999999998	0.013663908	-0.0565820541	-0.0184035679	-0.0530836471	0.0809840121	-0.0100019483	0.5891633500000001
0.0196021022	-0.0861298917	-0.055416925	0.0630862386	0.0816496581	0.025448099999999998	0.459268	0.48428000000000004	-0.00460265	-0.00110073	-0.00042006199999999996	0.0252726132	0.0090834347	-0.0158543732	-0.0529571099	0.0540291868	-0.0259780305	0.5231504000000001
0.0183125903	-0.08716703599999999	-0.0521742556	0.0668989706	0.0781624119	0.0491717	-0.00190392	0.42229399999999995	-0.00181348	-0.00284673	-0.00173721	-0.13541752740000002	-0.0141216683	-0.0930564459	0.0397342858	0.0083649544	0.0226741761	0.83949742
0.017019508200000002	-0.08813621	-0.048840054800000005	0.0705030801	0.0742943663	0.0482641	0.00290754	0.592975	-0.00117	-0.00347696	-0.00185823	-0.1212716496	-0.0691909949	0.0569976775	0.0033500866	-0.08631219890000001	-0.0598859778	0.24613656
0.015723108200000002	-0.0890366581	-0.045420172	0.07388732769999999	0.0700643661	0.048521800000000004	0.145811	0.613671	-0.00221188	-0.00338743	-0.00171977	-0.0255409326	0.049561899900000005	0.0410410191	-0.0099954398	0.0307679665	-0.0564164526	0.22735065999999995
0.014423643	-0.089867678	-0.0419206067	0.07704115980000001	0.0654930192	0.0477478	0.145511	0.651323	-0.00174696	-0.00375186	-0.00184311	0.0357259104	-0.0295360854	0.0138790133	-0.0421880787	0.0037167318	-0.0380456757	0.0863605
0.0131213658	-0.0906286218	-0.0383474985	0.07995474129999999	0.060602597	0.06312630000000001	0.271527	0.676182	0.00037739	-0.00329711	-0.0022913	0.1161189462	0.0510420971	0.0409884217	0.0403495178	-0.0912863956	-0.032995298199999995	0.317618
0.0118165306	-0.0913188962	-0.0347071157	0.0826189861	0.055416925	0.0754868	0.32787	0.646369	0.00125332	-0.00357572	-0.00235763	0.2053472773	0.07370369639999999	0.0876525632	0.0332474671	0.015506896200000004	0.0204633098	0.15955999999999998
0.0105093917	-0.0919379628	-0.0310058448	0.085025586	0.0499612674	0.07876810000000001	0.33136	0.681707	0.00177305	-0.00372276	-0.00268322	0.1992219062	-0.0661821783	-0.0303278792	-0.0364522392	0.0021602701	-0.0163036095	0.09172729999999996
0.009200204	-0.092485339	-0.0272501791	0.08716703599999999	0.0442622034	0.0669347	0.163681	0.419075	-0.000577444	-0.00339433	-0.00248908	0.1706939289	0.0014014498000000002	0.0915021559	-0.1610100193	-0.1332887396	-0.0417003122	0.5857975999999999
0.0078892227	-0.0929605979	-0.023446707400000003	0.0890366581	0.0383474985	0.060693399999999995	0.150774	0.29272	-0.00176626	0.000745778	-0.000730418	0.14830111070000002	0.1066369539	-0.0411535579	-0.0087703137	-0.0483628654	-0.0277326084	0.4998826
0.0065767034	-0.0933633689	-0.0196021022	0.0906286218	0.0322459684	0.0724418	0.145242	0.549357	-0.00022135	-0.0031845	-0.00314286	0.1624434917	-0.0297035129	-0.0717736343	0.021797099700000003	0.0154254725	0.021558594	0.6682988999999999
0.005262902	-0.0936933379	-0.015723108200000002	0.0919379628	0.025987339100000003	0.0766663	0.052206100000000005	0.678672	0.000598318	-0.00341992	-0.00306846	0.0288816038	-0.1180317699	-0.0124005012	0.0321225073	-0.1023318517	-0.0022118199	0.2830498000000001
0.0039480745	-0.0939502478	-0.0118165306	0.0929605979	0.0196021022	0.0482046	0.043984800000000004	0.566022	0.000112264	-0.00376251	-0.00233313	-0.011903786	0.0351493934	0.0841590216	-0.0340139687	-0.0612417493	0.0164808331	0.2275317000000001
0.0026324773	-0.094133898	-0.0078892227	0.0936933379	0.0131213658	0.06427630000000001	0.15493499999999996	0.9995750000000002	-0.00570622	-0.00182906	-0.00164573	-0.041700341200000005	0.06948212549999999	-0.1953306186	0.021955561	0.0195193014	-0.0760297443	0.9825415999999999
0.001316367	-0.0942441455	-0.0039480745	0.094133898	0.0065767034	0.0482635	0.16024000000000002	0.7632689999999999	-0.0030151	-0.00308835	-0.00224209	-0.0820067961	-0.0025662705	-0.0124610554	0.0904236928	0.0488494693	-0.0992512106	0.48496229999999996
0.0	-0.0942809042	-0.0	0.0942809042	0.0	0.05734830000000001	0.0982192	0.910414	-0.0016813	-0.00441526	-0.00245633	-0.1189975613	-0.0353188912	-0.0210934229	-0.0154511465	0.0847396063	-0.0599286404	0.3619981
-0.001316367	-0.0942441455	0.0039480745	0.094133898	-0.0065767034	0.0576349	0.199452	0.800158	-0.0008140969999999997	-0.00298088	-0.00278698	-0.0727159799	-0.0320852707	0.0878067868	0.006066215799999999	-0.0284951555	-0.0930335694	0.34338704999999986
-0.0026324773	-0.094133898	0.0078892227	0.0936933379	-0.0131213658	0.07946269999999997	0.225719	0.974882	-0.00212457	-0.00404024	-0.0033156999999999996	-0.0615551247	0.110895095	-0.0464340949	0.0068984237	0.0518427003	0.0028740551	0.36774645
-0.0039480745	-0.0939502478	0.0118165306	0.0929605979	-0.0196021022	0.0734468	0.145307	0.9228170000000002	0.0008606679999999997	-0.00452035	-0.0033156999999999996	-0.0748695281	0.0072849657	-0.007573521800000002	0.1513279038	-0.0103060506	-0.0192164291	0.31176030000000005
-0.005262902	-0.0936933379	0.015723108200000002	0.0919379628	-0.025987339100000003	0.09125950000000001	0.29028400000000004	1.0050700000000001	-0.000454497	-0.00438796	-0.00371644	-0.08472984199999999	0.0784632934	0.008022184	-0.0029982555	0.0840813434	-0.0024628257	0.33745744999999994
-0.0065767034	-0.0933633689	0.0196021022	0.0906286218	-0.0322459684	0.07311339999999998	0.13905399999999998	0.9543510000000001	0.000152444	-0.00469337	-0.0033156999999999996	-0.0578268475	-0.0330184754	-0.0892498865	-0.0192941586	-0.0209723817	-0.021126847	0.28574965
-0.0078892227	-0.0929605979	0.023446707400000003	0.0890366581	-0.0383474985	0.0734863	0.169015	0.835558	4.42538e-05	-0.00468437	-0.00309566	-0.0105864006	0.0256297826	0.1013555592	0.0387512749	-0.0757292753	-0.061136083	0.16598840999999984
-0.009200204	-0.092485339	0.0272501791	0.08716703599999999	-0.0442622034	0.07310769999999997	0.221754	1.03532	-0.000919529	-0.00477185	-0.0033156999999999996	-0.0209227824	0.0925053238	-0.07745978769999999	-0.0088554052	-0.007264329	-0.0139307189	0.31644474
-0.0105093917	-0.0919379628	0.0310058448	0.085025586	-0.0499612674	0.07368739999999999	0.073479	0.861391	0.0012077600000000006	-0.00444706	-0.00314945	-0.0623542807	0.0054322099	0.0227737759	0.12628141939999998	-0.0826490799	-0.07016275429999999	0.45370015
-0.0118165306	-0.0913188962	0.0347071157	0.0826189861	-0.055416925	0.07312689999999998	0.18108	0.8845129999999999	-0.0008918939999999998	-0.004830600000000001	-0.0033156999999999996	-0.049761209	0.113081862	0.0595362394	-0.0061530173	0.0439812938	0.0142714421	0.26375570000000004
-0.0131213658	-0.0906286218	0.0383474985	0.07995474129999999	-0.060602597	0.0821071	0.0553878	1.01785	0.000858169	-0.00475616	-0.0033156999999999996	-0.0532166832	0.0376458815	-0.0900274867	0.0408515851	0.0122490636	-0.0807445932	0.35923454999999993
-0.014423643	-0.089867678	0.0419206067	0.07704115980000001	-0.0654930192	0.08018029999999997	0.150096	0.8989010000000001	0.00173124	-0.00480672	-0.0033156999999999996	-0.0090804583	-0.0571224601	0.0776552938	-0.0284970605	0.1023096123	-0.0562654756	0.26176555
-0.015723108200000002	-0.0890366581	0.045420172	0.07388732769999999	-0.0700643661	0.0695052	0.189305	0.946642	-0.00232958	-0.00435134	-0.00290249	-0.0305991544	-0.0183156294	-0.1304948162	-0.038846137200000005	0.0554129799	-0.07144564190000001	0.34409559999999995
-0.017019508200000002	-0.08813621	0.048840054800000005	0.0705030801	-0.0742943663	0.0464561	0.256754	0.558441	0.00176725	-0.00307392	-0.00206208	-0.015089422	-0.039350769300000005	0.0199536561	0.1439291764	0.0394660674	-0.0678169189	0.7894320999999999
-0.0183125903	-0.08716703599999999	0.0521742556	0.0668989706	-0.0781624119	0.07478989999999999	0.16559300000000002	0.92143	-0.00124607	-0.00486172	-0.00179168	-0.1082835545	-0.0266562745	0.0274464104	0.0331595095	-0.0091124472	-0.0998234816	0.7360597999999999
-0.0196021022	-0.0861298917	0.055416925	0.0630862386	-0.0816496581	0.0689429	0.266266	0.7363349999999999	0.00084377	-0.00365772	-0.00195742	-0.045075156100000006	0.0287319694	0.1396076587	0.0489139572	0.0021164199	-0.0092350993	0.46459399999999995
-0.0208877927	-0.085025586	0.0585623743	0.0590767739	-0.08473911529999999	0.0871153	0.24071199999999998	0.923802	0.00123998	-0.00476473	-0.00230219	0.0507077549	0.06686352570000001	-0.0481896044	-0.0141283128	0.082380052	0.0359330516	0.3235929
-0.022169411	-0.0838549798	0.0616050853	0.05488308	-0.0874157321	0.09120539999999999	0.19448800000000002	0.7887429999999999	0.00166184	-0.00448751	-0.00195326	0.0907791941	-0.082384533	0.0162044928	0.0927303635	0.0265928942	-0.044068839500000005	0.2377736000000001
-0.023446707400000003	-0.0826189861	0.0645397201	0.0505182347	-0.0896664683	0.07469239999999999	0.347727	0.90409	0.0009250139999999999	-0.00475992	-0.00200553	0.113267869	0.0012629776	-0.007890200600000001	-0.1079946375	0.08614320800000001	-0.0687257212	0.3381742999999999
-0.0247194328	-0.0813185686	0.0673611302	0.0459958498	-0.0914803584	0.0745739	0.144432	0.888415	0.00244773	-0.0047737	-0.00200798	0.0562251189	-0.05747806730000001	-0.0690299786	0.0024503224	0.0261966826	-0.07529093719999999	0.29603579999999996
-0.025987339100000003	-0.07995474129999999	0.0700643661	0.0413300281	-0.0928485654	0.07574639999999999	0.203934	0.736271	0.00325874	-0.0038058999999999996	-0.00198483	0.0205055683	-0.0932730056	0.1258311831	-0.0244969316	0.0680577827	0.0101640754	0.3029165
-0.0272501791	-0.0785285677	0.07264468519999999	0.0365353199	-0.0937644235	0.0745717	0.21015799999999998	0.855881	0.00270561	-0.00481241	-0.00218639	-0.021475488900000003	-0.0420091442	-0.0540485206	-0.1405574686	0.0535359665	0.0414854675	0.2150687
-0.0285077067	-0.07704115980000001	0.0750975609	0.0316266773	-0.0942234708	0.0707383	0.11208299999999999	0.8307339999999999	0.00463398	-0.00413259	-0.00251926	-0.0319371465	-0.1250038916	-0.0485343659	-0.0195650954	-0.06124917940000001	0.0547457405	0.27410840000000003
-0.0297596766	-0.0754936776	0.0774186899	0.0266194078	-0.0942234708	0.0658985	0.17657	0.756204	0.00572435	-0.00408314	-0.0022911999999999997	-0.0170920045	-0.0713699708	0.1309146001	-0.0606418224	-0.0671526155	0.0451714273	0.2122508
-0.0310058448	-0.07388732769999999	0.0796040002	0.0215291265	-0.0937644235	0.07372399999999997	0.225498	0.950191	0.0049155	-0.00446927	-0.00251926	-0.0101654159	0.1248014519	-0.028929409	-0.0622971524	-0.0302709724	0.0792330367	0.3218925
-0.0322459684	-0.0722233627	0.0816496581	0.0163717072	-0.0928485654	0.07906399999999998	0.12176300000000001	0.919643	0.00650885	-0.00445171	-0.00251926	-0.001612806	0.0601087416	-0.0293506703	0.0984128061	-0.0495891877	0.0525050232	0.2201685
-0.0334798055	-0.0705030801	0.08355207469999999	0.0111632332	-0.0914803584	0.08248739999999999	0.28357899999999997	0.909178	0.00678067	-0.00478518	-0.00251926	0.0543184508	0.024426223	0.0698619888	-0.0693773642	0.0990143427	0.0231071225	0.2059689
-0.0347071157	-0.0687278213	0.0853079126	0.005919946999999999	-0.0896664683	0.0840313	0.205792	0.9344180000000001	0.00564185	-0.004278499999999999	-0.00251926	0.0226386506	-0.0037906036	-0.08897731800000001	-0.0627064061	0.0488229188	0.0759330243	0.18684589999999995
-0.0359276596	-0.0668989706	0.0869140914	0.0006581995	-0.0874157321	0.0746001	0.154524	0.8080549999999999	0.00638063	-0.00453295	-0.00251926	-0.0070781034999999985	-0.1129360747	0.0211003287	0.0450157099	0.0205864462	0.1076930281	0.2367237
-0.0371411994	-0.0650179541	0.0883677934	-0.0046056005	-0.08473911529999999	0.07175830000000001	0.28916	0.798756	0.00566531	-0.00440306	-0.00251926	-0.005685204300000001	-0.0183583231	0.022807789	-0.1220167243	-0.0689669647	0.0790716333	0.1890373
-0.0383474985	-0.0630862386	0.0896664683	-0.009855038	-0.0816496581	0.07639279999999997	0.15787699999999996	0.9005059999999999	0.00624109	-0.00475155	-0.0024027	0.033983280299999995	0.1042258973	-0.017629574	-0.0186894926	-0.0952004379	0.0265966259	0.289709
-0.0395463216	-0.0611053303	0.0908078376	-0.0150737429	-0.0781624119	0.0764938	0.18315499999999998	0.7469439999999999	0.00502796	-0.00462039	-0.00209169	0.0068438839	0.0607330349	0.1193288131	0.0215561451	-0.016061701799999998	0.0604884805	0.26170600000000005
-0.0407374351	-0.0590767739	0.0917898992	-0.0202454408	-0.0742943663	0.093564	0.18116	0.909643	0.00625986	-0.00453292	-0.00251926	-0.0331342423	0.1248330765	-0.0304782021	0.0070026903	0.038252859	0.1186133491	0.26911119999999994
-0.0419206067	-0.0570021512	0.0926109301	-0.0253540038	-0.0700643661	0.0777903	0.107222	0.827052	0.00665873	-0.0046903	-0.00229187	0.0146547936	-0.0616704478	0.0109767233	0.0937389343	0.0369277553	0.1108725233	0.21148470000000005
-0.0430956059	-0.05488308	0.09326949	-0.0303835011	-0.0654930192	0.0794551	0.253958	0.8728610000000001	0.00623852	-0.00459619	-0.00251926	0.0354745436	-0.058606588	0.0008713223	-0.1079104596	-0.0185072526	0.0586758536	0.2312953
-0.0442622034	-0.0527212125	0.0937644235	-0.0353182483	-0.060602597	0.08411989999999997	0.11515299999999999	0.871801	0.0066814	-0.00467574	-0.00251926	0.0333241608	-0.0483356912	-0.0414826674	-0.054628061	-0.13983018460000002	0.0217874775	0.17065129999999998
-0.045420172	-0.0505182347	0.0940948623	-0.0401428566	-0.055416925	0.08386499999999998	0.236479	0.850937	0.007376889999999999	-0.00477267	-0.00251926	0.0317604954	0.0937610592	0.1233922594	-0.0069044845	-0.0535683533	0.0062342388	0.1820659
-0.0465692858	-0.0482758643	0.0942602268	-0.0448422805	-0.0499612674	0.0794919	0.227714	0.9007569999999999	0.00669611	-0.00468603	-0.00251926	0.0245789958	0.1265818324	-0.054615907000000005	0.0105482382	0.0061332422	0.1294539368	0.10132909999999992
-0.0477093208	-0.0459958498	0.0942602268	-0.049401865	-0.0442622034	0.0907827	0.15898099999999998	0.8633119999999999	0.00760715	-0.00469553	-0.00251926	0.0152502584	0.0396111779	-0.0116661776	0.1162464589	-0.0145674751	0.05831040000000001	0.16349580000000002
-0.048840054800000005	-0.0436799691	0.0940948623	-0.0538073912	-0.0383474985	0.0821338	0.313458	0.935499	0.0063938	-0.00457608	-0.00251926	0.0244716834	0.058305229000000014	-0.0125330792	-0.0159700687	0.0561323174	0.0791217671	0.3019529
-0.0499612674	-0.0413300281	0.0937644235	-0.0580451205	-0.0322459684	0.0870143	0.172438	0.9774299999999999	0.00691449	-0.00465263	-0.00251926	-0.0137577501	0.0295847241	-0.06966644129999999	0.0268429919	0.0013370168	0.0094793813	0.21769349999999998
-0.0510727399	-0.0389478592	0.09326949	-0.0621018379	-0.025987339100000003	0.0657415	0.211339	0.800185	0.0078921	-0.00455887	-0.00239052	0.022694549100000003	-0.0850046479	0.0647998486	-0.0624686403	0.0583382897	0.0667423635	0.29742430000000003
-0.0521742556	-0.0365353199	0.0926109301	-0.06596489230000001	-0.0196021022	0.0778061	0.166535	0.971613	0.00284961	-0.00541521	-0.00277683	-0.0147124234	-0.0370733484	-0.06378061230000001	-0.0643340391	-0.0241029526	-0.0692914977	0.5425536
-0.0532655999	-0.034094291400000004	0.0917898992	-0.06962223719999999	-0.0131213658	0.0576707	0.054012	0.8249719999999999	0.00440634	-0.00491313	-0.00225516	-0.0035126439	-0.0653700524	-0.0646702572	-0.0283570799	-0.0199991747	-0.065335667	0.40832339999999984
-0.05434656	-0.0316266773	0.0908078376	-0.0730624671	-0.0065767034	0.0278928	0.293218	0.717236	-0.00021275900000000005	-0.00118238	-0.00075113	-0.0376028222	-0.0652897998	-0.0574917537	0.0372463399	0.0266826871	0.0224643794	0.86941385
-0.055416925	-0.0291344016	0.0896664683	-0.0762748537	-0.0	0.0465095	0.191599	0.693555	0.000162745	-0.00211044	-0.000551746	-0.1267320414	-0.07015226179999999	0.0241504544	0.1306436216	0.0188357661	-0.0169120425	0.2190641
-0.05647648650000001	-0.0266194078	0.0883677934	-0.0792493794	0.0065767034	0.035129099999999996	0.402888	0.755653	-0.000475446	-0.00211802	-0.00104861	-0.0441447279	-0.0490466768	0.0001622235	-0.0980570651	0.0596659619	-0.0253942336	0.34189915000000004
-0.0575250377	-0.024083657	0.0869140914	-0.0819767681	0.0131213658	0.0444299	0.168541	0.745017	0.0007557329999999998	-0.00240308	-0.0010508300000000002	0.0083258693	-0.1069420205	-0.08128002919999999	-0.0112974049	-0.0675363098	-0.0792034764	0.33020675000000005
-0.0585623743	-0.0215291265	0.0853079126	-0.08444851460000001	0.0196021022	0.0561393	0.296153	0.711317	0.00136326	-0.00246436	-0.00104142	0.0467218195	-0.1023126867	0.1193960411	-0.0533650063	-0.0427277557	-0.0957214162	0.20693225000000007
-0.0595882941	-0.0189578082	0.08355207469999999	-0.0866569108	0.025987339100000003	0.0754153	0.22566599999999998	0.8685469999999998	0.00147396	-0.00344209	-0.00180962	0.0089705505	0.0069855765	-0.108279423	-0.056918447	-0.0496103083	-0.0329004104	0.3398245
-0.060602597	-0.0163717072	0.0816496581	-0.0885950699	0.0322459684	0.0554826	0.13558	0.7030350000000001	0.00224841	-0.00264685	-0.00155962	-0.020987689	-0.1101562353	0.0432063749	0.1145978769	-0.1091101902	-0.0196881897	0.3665152
-0.0616050853	-0.01377284	0.0796040002	-0.0902569478	0.0383474985	0.0588779	0.272914	0.7319799999999999	0.00211164	-0.00289032	-0.00142611	-0.0064964367	0.011594062	0.036853462	-0.0410012111	-0.0653445555	0.023526313	0.1953618
-0.0625955636	-0.0111632332	0.0774186899	-0.0916373619	0.0442622034	0.0634883	0.11035299999999999	0.788205	0.0026201	-0.00339413	-0.00155962	-0.0269643523	0.0072946335	-0.0024820898	-0.029458014	-0.1234374117	-0.0694413284	0.28068540000000003
-0.0635738388	-0.0085449216	0.0750975609	-0.0927320076	0.0499612674	0.0586953	0.198878	0.709029	0.00320028	-0.00320186	-0.00155962	0.0118540016	0.1053366085	0.1596527057	0.0441112748	-0.0330742453	-0.0139369096	0.21111649999999998
-0.0645397201	-0.005919946999999999	0.07264468519999999	-0.0935374711	0.055416925	0.0766369	0.232424	0.8225529999999999	0.00352069	-0.00329305	-0.00205295	0.0557760569	0.0740452513	-0.0568098546	0.06245477360000001	0.049161796	0.058214323	0.2102581
-0.0654930192	-0.0032903561	0.0700643661	-0.0940512406	0.060602597	0.0765695	0.135371	0.700216	0.00411419	-0.00379075	-0.00190492	0.0769344875	-0.0717909872	-0.0130594225	0.1238116259	0.0595299379	0.056728175599999986	0.2814189
-0.0664335504	-0.0006581995	0.0673611302	-0.094271714	0.0654930192	0.08125609999999997	0.273696	0.849392	0.00431444	-0.00356324	-0.00232249	0.0369848364	-0.0340331584	-0.0412175184	-0.0290021298	0.0915572449	0.0372956755	0.33445410000000003
-0.0673611302	0.0019744703	0.0645397201	-0.0941982038	0.0700643661	0.0809157	0.151908	0.805142	0.00572788	-0.0039174	-0.00237275	0.0052206063	-0.1271380217	-0.1203661993	0.0465018093	-0.0139568787	0.0712828505	0.25727140000000004
-0.0682755779	0.0046056005	0.0616050853	-0.0938309391	0.0742943663	0.07608889999999999	0.22724699999999998	0.7431439999999999	0.00574852	-0.00414762	-0.00208149	0.0015678759	-0.0728804779	0.0976181277	-0.0106411206	-0.0838005965	0.0638443626	0.1692698
-0.069176715	0.007233139300000002	0.0585623743	-0.0931710653	0.0781624119	0.0902655	0.21126799999999998	0.798049	0.00499377	-0.00397364	-0.00224824	0.0238500627	0.121381096	-0.0521895433	-0.0086330533	-0.0239755497	0.1047861441	0.1398346
-0.0700643661	0.009855038	0.055416925	-0.0922206402	0.0816496581	0.0907511	0.136275	0.741363	0.0060275	-0.00410276	-0.00215043	0.014907103	0.016150756699999998	0.0376778105	0.16291599369999998	-0.016746691100000002	0.0885945569	0.1951976
-0.0709383579	0.0124692521	0.0521742556	-0.0909826276	0.08473911529999999	0.08514449999999997	0.276563	0.7814299999999998	0.00415724	-0.00478064	-0.00226178	0.0242519975	0.07253528	0.0252323234	-0.0929114511	0.08428283060000001	0.0215767692	0.31893609999999994
-0.0717985202	0.0150737429	0.048840054800000005	-0.0894608883	0.0874157321	0.07583099999999998	0.17888199999999999	1.07592	0.00317684	-0.00454915	-0.00170094	-0.0620286997	0.0284087322	-0.076811036	0.0394077533	0.0120702644	-0.096749701	0.49012100000000003
-0.07264468519999999	0.0176664798	0.045420172	-0.0876601678	0.0896664683	0.059681399999999996	0.37901399999999996	0.593437	0.0017542000000000002	-0.00273652	-0.00161514	-0.0579550774	-0.0248062516	0.146464925	-0.0691244187	0.0693638542	-0.1367867894	0.8648180999999999
-0.073476688	0.0202454408	0.0419206067	-0.08558608150000001	0.0914803584	0.0494717	0.0160596	0.707829	-0.00010854	-0.0030978	-0.00116206	-0.1226789017	-0.0056220071	0.0209130177	-0.0551404188	0.0428385554	-0.0247381131	0.6214111
-0.0742943663	0.0228086151	0.0383474985	-0.0832450974	0.0928485654	0.0834877	0.204911	0.904214	-0.00147404	-0.00546874	-0.00268829	-0.1217000551	0.0015855712	-0.0472139752	-0.057627103099999986	-0.030866793	-0.1088530135	0.6823858999999999
-0.0750975609	0.0253540038	0.0347071157	-0.0806445158	0.0937644235	0.0837836	0.09934639999999999	0.9075470000000002	0.00295561	-0.00551854	-0.00254294	0.0254049952	0.0650976883	-0.0341592726	0.0729111637	-0.0992693244	-0.0665488096	0.3404335000000001
-0.075886115	0.0278796223	0.0310058448	-0.0777924467	0.0942234708	0.0967836	0.273771	0.9861629999999999	0.00384976	-0.00577968	-0.00318928	0.1008003732	0.110823792	0.0154063074	0.0338428862	0.037275324500000005	-0.084372109	0.35612209999999994
-0.07665987490000001	0.0303835011	0.0272501791	-0.0746977839	0.0942234708	0.102146	0.19764500000000002	1.0392299999999999	0.00407044	-0.00567429	-0.00318928	0.1185854191	0.067771588	-0.1239016587	0.0294978682	0.032421786	-0.08943809050000001	0.15085890000000007
-0.0774186899	0.0328636878	0.023446707400000003	-0.0713701783	0.0937644235	0.09931749999999999	0.196851	0.9185479999999999	0.00479244	-0.00525824	-0.00318928	0.0807346422	-0.0069222558	0.0215298955	0.1348274985	0.0731832884	-0.021199924900000004	0.18120700000000006
-0.0781624119	0.0353182483	0.0196021022	-0.0678200068	0.0928485654	0.0924073	0.291041	0.972858	0.00511289	-0.00544594	-0.00318928	0.0456485337	0.0237141813	-0.0521000126	-0.0412862084	0.0895634331	0.0190399463	0.18081770000000005
-0.078890896	0.0377452688	0.015723108200000002	-0.0640583405	0.0914803584	0.0871486	0.202542	0.957842	0.00483071	-0.00568768	-0.00318928	0.0128896924	-0.0696734851	-0.0963665137	-0.0253701625	0.0349563723	0.0017813793	0.1349697
-0.0796040002	0.0401428566	0.0118165306	-0.0600969101	0.0896664683	0.091436	0.232393	0.8650100000000001	0.00562805	-0.0053967	-0.00318928	0.0159536941	-0.07426717440000001	0.057207833	0.0194775846	-0.0448640805	0.0087863252	0.1813864
-0.0803015854	0.0425091422	0.0078892227	-0.0559480692	0.0874157321	0.08545319999999999	0.24632300000000001	0.9187299999999999	0.00411773	-0.00608307	-0.00318928	0.0122583553	0.1031961017	0.0154197666	-0.0077106771	-0.0092412772	0.020739908	0.18346730000000008
-0.08098351570000001	0.0448422805	0.0039480745	-0.0516247558	0.08473911529999999	0.0919039	0.139472	1.01265	0.00406229	-0.00553388	-0.00318928	-0.0149774578	0.0824305913	-0.0546188781	0.0579713766	-0.0002183118	-0.0213933557	0.2374532
-0.0816496581	0.0471404521	0.0	-0.0471404521	0.0816496581	0.08730309999999998	0.16912	0.940018	0.0030098000000000004	-0.00587977	-0.0033204999999999997	-0.0534697475	0.0460142928	0.0469727846	0.088029155	0.05874398860000001	-0.0755621242	0.1833608
-0.0822998827	0.049401865	-0.0039480745	-0.0425091422	0.0781624119	0.0789051	0.08800489999999997	0.704793	0.00996231	-0.0049188	-0.00251139	-0.1035870482	0.0352564921	0.1294940429	-0.0004263112	0.06550625139999999	-0.0264125619	0.7608676
-0.0829340628	0.0516247558	-0.0078892227	-0.0377452688	0.0742943663	0.109111	0.252353	0.811243	2.25175e-05	-0.00458465	-0.000773496	-0.1597724466	0.0147948749	0.0233101382	-0.1960077233	0.0909048902	-0.0327827118	0.901595825
-0.08355207469999999	0.0538073912	-0.0118165306	-0.0328636878	0.0700643661	0.08094039999999998	0.09098160000000001	0.8395469999999999	0.0015841	-0.00550084	-0.00204232	-0.1284049984	0.0119990096	-0.007702574399999999	-0.0690432819	-0.0351165939	-0.123349565	0.405175825
-0.084153798	0.0559480692	-0.015723108200000002	-0.0278796223	0.0654930192	0.091133	0.306822	0.870793	0.00145299	-0.00581757	-0.00217919	0.0079514604	0.07749998820000001	0.092132744	-0.0214861143	0.0124365994	-0.0934901512	0.2865145
-0.08473911529999999	0.0580451205	-0.0196021022	-0.0228086151	0.060602597	0.10718299999999999	0.17799500000000001	0.9297129999999999	0.00245641	-0.00557995	-0.00240919	0.0730930355	0.1037377792	-0.0662003334	0.0349708574	0.0214223283	-0.0654518472	0.277349
-0.0853079126	0.0600969101	-0.023446707400000003	-0.0176664798	0.055416925	0.101225	0.247094	0.774397	0.00329059	-0.00482129	-0.00206902	0.0792051505	-0.0386209816	0.1001232998	0.0816940662	0.0840280164	-0.0590076735	0.3270235
-0.08586007890000001	0.0621018379	-0.0272501791	-0.0124692521	0.0499612674	0.101029	0.339758	0.935557	0.00327486	-0.0058517	-0.00266614	0.0364377613	-0.00028315240000000003	-0.0782514978	-0.0699851829	0.09571281460000004	0.026080627400000004	0.33618299999999984
-0.0863955067	0.0640583405	-0.0310058448	-0.007233139300000002	0.0442622034	0.08818439999999997	0.166389	0.8052559999999999	0.0045551	-0.00554254	-0.00233929	-0.0160686695	-0.1119350141	-0.0127290734	0.0395959793	0.0168123396	0.0054898661	0.41232709999999995
-0.0869140914	0.06596489230000001	-0.0347071157	-0.0019744703	0.0383474985	0.0919527	0.29073699999999997	0.8524669999999999	0.00270154	-0.00549503	-0.00249586	-0.0085337535	-0.0531131185	-0.0543194414	-0.0983609117	-0.0329455924	0.0514730163	0.27820930000000005
-0.0874157321	0.0678200068	-0.0383474985	0.0032903561	0.0322459684	0.0936837	0.0984428	0.830341	0.00300108	-0.00541112	-0.0021599	-0.0021890926	-0.0665462704	-0.0386493699	0.024902014700000003	-0.1277520723	-0.0325851549	0.25212169999999995
-0.0879003309	0.06962223719999999	-0.0419206067	0.0085449216	0.025987339100000003	0.0955505	0.245054	0.7884760000000001	0.00317893	-0.00529258	-0.00237091	0.0086716249	0.039960496	0.0795051641	-0.0283139026	-0.0911796149	-0.0089491647	0.215713
-0.0883677934	0.0713701783	-0.045420172	0.01377284	0.0196021022	0.0976813	0.147598	0.849095	0.00145911	-0.0059257	-0.00215368	-0.0259723288	0.0833765331	-0.0381606593	0.0323724371	-0.0828053606	-0.0617489032	0.28871430000000003
-0.0888180284	0.0730624671	-0.048840054800000005	0.0189578082	0.0131213658	0.0973228	0.226404	0.795338	0.00315494	-0.00500493	-0.00249586	-0.0569182271	-0.0569573112	0.0854153775	0.1064284646	0.0100163171	0.0020547998	0.2808605
-0.0892509482	0.0746977839	-0.0521742556	0.024083657	0.0065767034	0.0957722	0.199881	0.924949	0.00224417	-0.005771899999999999	-0.00289433	-0.1036866354	0.0638601989	-0.0509934982	-0.0305747387	-0.0189629866	0.0571172805	0.2614951
-0.0896664683	0.0762748537	-0.055416925	0.0291344016	0.0	0.0905297	0.13551	0.817994	0.0027451	-0.00541019	-0.00271313	-0.0403342391	0.0369460908	0.009249796	0.130716664	-0.0332314556	0.008943694	0.2287605000000001
-0.09006450769999999	0.0777924467	-0.0585623743	0.034094291400000004	-0.0065767034	0.09684989999999999	0.29578699999999997	0.9109370000000002	0.00263573	-0.0062442	-0.00291836	0.05929071690000001	-0.0071136835	-0.0419701918	-0.0845273455	0.0573970938	-0.0326697883	0.31697070000000005
-0.0904449889	0.0792493794	-0.0616050853	0.0389478592	-0.0131213658	0.059347199999999996	0.112659	0.612915	0.00258992	-0.00160497	-0.0011833900000000005	0.0560189289	-0.1065890205	0.0491196252	-0.08241892519999999	-0.0852032737	-0.0363313194	0.8396532000000001
-0.0908078376	0.0806445158	-0.0645397201	0.0436799691	-0.0196021022	0.026472000000000002	0.193537	0.493245	0.00304913	-0.00193181	-0.00185158	0.0601202417	-0.0798378071	0.1582865071	-0.2040897185	0.0037679678	-0.046430013	0.30613519999999994
-0.0911529832	0.0819767681	-0.0673611302	0.0482758643	-0.025987339100000003	0.032801199999999996	0.175825	0.7083729999999999	0.00295595	-0.00328477	-0.00304909	-0.0338103782	-0.04556556	-0.0669074628	-0.1348951475	-0.0456673432	0.0321701728	0.3713517
-0.0914803584	0.0832450974	-0.0700643661	0.0527212125	-0.0322459684	0.029347900000000007	0.0768668	0.576519	0.00694529	-0.00299393	-0.00226088	0.0017203889	-0.0073865639	-0.0224609014	-0.1521510213	-0.0098172011	0.0758415999	0.48768500000000004
-0.0917898992	0.08444851460000001	-0.07264468519999999	0.0570021512	-0.0383474985	0.0511952	0.13738399999999998	0.639939	0.00416012	-0.00268843	-0.00178362	-0.0103342857	-0.0542401832	-0.0196972027	0.0255822683	-0.0945513124	0.2385274834	0.32418100000000005
-0.0920815455	0.08558608150000001	-0.0750975609	0.0611053303	-0.0442622034	0.050261	0.312312	0.711684	0.0040909	-0.00352009	-0.0020573	0.004996237299999999	0.0389750466	0.051334139400000006	-0.0303860856	-0.0496310076	0.1135306327	0.30633520000000003
-0.0923552402	0.0866569108	-0.0774186899	0.0650179541	-0.0499612674	0.0553413	0.16884000000000002	0.7849589999999999	0.00521564	-0.00401376	-0.00217059	0.057001081	0.0831201263	-0.0392371994	-0.011071199	-0.0438324013	0.0609536936	0.30841230000000003
-0.0926109301	0.0876601678	-0.0796040002	0.0687278213	-0.055416925	0.061073199999999994	0.24787199999999998	0.886426	0.00583375	-0.00460967	-0.00217059	0.1383094222	-0.0033374029	0.0418004385	0.061005397300000014	0.044354747	-0.000841473	0.24693190000000004
-0.0928485654	0.0885950699	-0.0816496581	0.0722233627	-0.060602597	0.06686929999999999	0.25945100000000004	0.9596690000000002	0.0067643	-0.00483611	-0.00239001	0.1426216025	0.0264512302	-0.0243496491	-0.0083990803	0.08535969300000001	0.0214025121	0.15943859999999993
-0.0930680996	0.0894608883	-0.08355207469999999	0.0754936776	-0.0654930192	0.0649927	0.143898	0.7537739999999999	0.007355989999999998	-0.0044846	-0.00232505	0.0745217685	-0.073618533	0.05739562700000001	0.1070285188	0.0582074734	0.1077189299	0.37373259999999997
-0.09326949	0.0902569478	-0.0853079126	0.0785285677	-0.0700643661	0.06738560000000003	0.2324320000000001	0.7953479999999999	0.00587116	-0.00461503	-0.00213612	0.0245819936	-0.0366628877	0.0093155105	-0.085386768	0.0788795068	0.0958575395	0.22271039999999998
-0.0934526974	0.0909826276	-0.0869140914	0.0813185686	-0.0742943663	0.0690221	0.16875	0.9636889999999999	0.00607406	-0.00459033	-0.00229796	-0.0255615411	-0.1065774384	-0.0908065887	0.0217612826	-0.0716766025	0.0791372132	0.25313149999999995
-0.0936176859	0.0916373619	-0.0883677934	0.0838549798	-0.0781624119	0.06646820000000002	0.256268	0.7927809999999998	0.006263800000000001	-0.00450527	-0.00231534	0.0108170506	-0.0576303547	0.097593397	-0.0039982291	-0.0454755015	0.0731211449	0.2755889
-0.0937644235	0.0922206402	-0.0896664683	0.0861298917	-0.0816496581	0.0749486	0.224045	1.01924	0.00663666	-0.00449849	-0.00277814	-0.0124156038	-0.0028372797	-0.0323749959	-0.0454354171	-0.053593934	0.0856107313	0.3092844
-0.0938928815	0.0927320076	-0.0908078376	0.08813621	-0.08473911529999999	0.07301789999999997	0.20316700000000001	1.0241200000000001	0.00831725	-0.00472683	-0.00265033	-0.0211355156	0.0229286871	0.046146516	0.0859142651	-0.049788191	0.05645143900000001	0.12952570000000002
-0.094003035	0.0931710653	-0.0917898992	0.089867678	-0.0874157321	0.06997289999999999	0.294322	0.9798620000000001	0.00850422	-0.00435756	-0.002897	-0.0028529973	0.1005605974	0.023869886200000003	0.0112089384	-0.0085748228	0.1567769583	0.17860349999999986
-0.0940948623	0.0935374711	-0.0926109301	0.0913188962	-0.0896664683	0.0515638	0.039267699999999996	0.839701	0.00327894	-0.00379052	-0.00254713	0.0410027717	-0.0046068773	-0.0187311793	0.0810062054	0.0258320881	-0.0275766469	0.7207339
-0.0941683457	0.0938309391	-0.09326949	0.092485339	-0.0914803584	0.019198	0.7515779999999999	1.23261	0.00307894	-0.000778583	-0.0006715110000000001	0.0158441378	0.0198992877	-0.1206711766	0.0496465337	0.1476152232	-0.348748726	1.3919629
-0.0942234708	0.0940512406	-0.0937644235	0.0933633689	-0.0928485654	0.0691378	0.179026	0.952139	-0.00370112	-0.00285944	-0.0021301	-0.1053553047	-0.0394233517	-0.0896471411	0.0991888897	-0.0104948223	-0.1601544704	1.4189381
-0.0942602268	0.0941982038	-0.0940948623	0.0939502478	-0.0937644235	0.07321579999999997	-0.021165599999999996	0.9108459999999999	0.000706519	-0.0033191	-0.00263742	-0.1469021422	0.0580023002	0.05082291	0.0249772438	-0.017818052	-0.0820755499	0.51429355
-0.0942786066	0.094271714	-0.0942602268	0.0942441455	-0.0942234708	0.07812579999999998	0.0837177	1.08206	0.00110078	-0.00456402	-0.00295315	-0.0422687557	0.022331834100000003	-0.0270550222	0.0220348123	0.0496780083	-0.041295805	0.37875285
