0.0826180512	0.0826144894	0.0826085531	0.0826002426	0.0825895581	0.08257649980000001	0.0825610682	1.7949300000000001e-09	0.11730299999999999	0.015281799999999996	-0.00221514	-0.0	0.0	0.1366088348	-0.0485040517	-0.0925388682	-0.0455966914	-0.2730194727	-0.0128118825	0.0
0.0826085531	0.08257649980000001	0.0825230869	0.0824483281	0.0823522428	0.0822348559	0.0820961977	0.0	0.0958687	-0.0209129	-0.00222339	-0.0	0.0	0.0377071883	-0.0734179707	-0.0413093378	0.08923171220000001	-0.2162167648	0.0222674864	0.05804150179493001
0.0825895581	0.0825005382	0.0823522428	0.0821447785	0.0818782943	0.0815529816	0.0811690742	-1.89154e-09	0.189429	0.0390614	-0.00358111	-0.0	0.0	-0.0146698758	0.0626085497	0.024098757400000004	-0.0113027914	-0.1142655674	0.0363495788	0.22142060189154
0.0825610682	0.0823866395	0.0820961977	0.0816901521	0.0811690742	0.0805336979	0.079784918	3.14253e-09	0.09946580000000001	0.023153200000000002	-0.00228032	-0.0	0.0	0.008629226700000001	-0.023535882200000004	-0.0203829638	-0.0844739099	-0.0710947087	-0.1096391867	0.17091090503407005
0.0825230869	0.0822348559	0.0817552165	0.0810852849	0.08022662059999999	0.0791812221	0.0779515227	1.23754e-09	0.18636	0.0535621	-0.00339796	-0.0	0.0	0.0108238274	-0.0400522415	0.0128878099	0.0294834488	-0.0096305246	-0.0687709969	0.17318510190499006
0.08247561839999999	0.0820452574	0.0813296518	0.0803312895	0.0790536414	0.0775011496	0.07567921150000001	0.0	0.11617000000000001	0.00737941	-0.00261954	-0.0	0.0	-0.0590311285	-0.0709997964	0.0094977314	0.1131919838	-0.0526509619	0.0091762611	0.15529369123754
0.0824186682	0.0818179311	0.0808199441	0.0794295525	0.0776535072	0.0755004314	0.0729807789	0.0	0.200828	0.0351292	-0.00357396	-0.0	0.0	-0.094105117	0.0385830186	0.0562279279	-0.0231223571	0.0067938748	0.0692488309	0.16012879000000002
0.0823522428	0.0815529816	0.08022662059999999	0.0783817324	0.0760302412	0.07318734519999999	0.0698714189	-0.00422298	0.101906	0.023856799999999997	-0.00250092	0.000208462	0.0	-0.07630620639999999	-0.0164496809	-0.0272015546	-0.1125286237	0.0370687794	-0.0912359314	0.17849248000000004
0.08227635	0.0812505306	0.0795502952	0.0771897563	0.0741885076	0.0705714608	0.06636863900000001	-3.57126e-09	0.16054099999999996	0.042083999999999996	-0.00320093	-0.0	0.0	-0.0167768516	-0.0566717154	0.110905286	0.0069916286	0.0448687886	-0.1091971301	0.12650877642874
0.0821909983	0.0809107173	0.0787916676	0.0758558164	0.0721335987	0.06766360099999999	0.0624921622	0.000727125	0.10634600000000001	-0.037025	-0.0026255	0.000353511	0.000109666	0.0017682833	0.0493039222	-0.0715211012	0.1097403176	0.0290236619	-0.0411414745	0.18596147857126002
0.0820961977	0.0805336979	0.0779515227	0.0743823661	0.0698714189	0.0644757965	0.0582638153	0.00024045	0.170525	0.0351965	-0.0034185	0.000151696	0.0	0.00428178	0.10702988210000004	0.0292174519	-0.0070733931	-0.0535425279	0.0370163424	0.192111225
0.081991959	0.0801196458	0.0770307297	0.07277211509999999	0.06740846860000001	0.0610212361	0.0537074066	0.00017912	0.13628900000000002	0.00408375	-0.00286097	0.000109929	0.0	0.0384461362	-0.0874325631	-0.1100553057	-0.0262975764	-0.0383988847	0.0259320542	0.09537493
0.0818782943	0.0796687514	0.0760302412	0.0710280251	0.06475182480000001	0.0573142124	0.048848591600000005	0.000201972	0.170489	0.0358589	-0.0032685	0.000130335	0.0	-0.0094362413	0.0322531652	0.0537783993	0.0363928312	-0.0426377939	0.0083127353	0.087394802
0.0817552165	0.0791812221	0.0749510924	0.0691533037	0.0619091212	0.0533700625	0.0437147285	0.000220969	0.17941299999999996	0.0110234	-0.0037216999999999997	0.00014015700000000002	0.0	-0.0333066232	0.0911034766	-0.0773723986	-0.07991288490000001	0.1010353697	-0.021900596	0.056929596999999985
0.08162273980000001	0.0786572819	0.0737943996	0.0671513987	0.0588885262	0.0492051046	0.0383347241	-0.00390892	0.14441699999999996	0.052737599999999996	-0.00299229	0.000297936	0.0	-0.0259610376	0.0275726877	0.1144425109	-0.0568439669	-0.0891071562	-0.0509005777	0.12519953900000005
0.0814808795	0.0780971719	0.0725613598	0.0650259921	0.0556987191	0.0448365703	0.0327388711	-0.0103264	0.189865	0.0100234	-0.00369376	0.00045155	0.0	0.014149373799999997	-0.0934121504	-0.0915172556	0.0443268664	0.0408200093	-0.0148491241	0.13733388000000002
0.0813296518	0.0775011496	0.0712532484	0.0627809927	0.0523488658	0.0402825336	0.0269586778	0.00017004299999999998	0.117558	0.0256849	-0.0034113	7.651789999999998e-05	0.0	-0.0251416547	-0.016016275700000002	0.08919327169999999	0.1361430156	-0.0681157508	-0.0091705805	0.131339548
0.0811690742	0.076869489	0.0698714189	0.06042052940000001	0.048848591600000005	0.035561835800000004	0.0210266903	-0.0061379	0.203035	0.0239919	-0.00405946	0.000311794	0.0	0.015774228	0.0877458143	-0.0503126257	-0.0380453202	0.0181989565	0.0488860614	0.13764974800000002
0.08099916509999999	0.0762024808	0.0684173009	0.0579489435	0.0452079546	0.030694008	0.0149763093	-0.00412395	0.0992546	0.025152900000000002	-0.00297524	0.000494753	2.1175799999999998e-22	0.0168006132	-0.027814028900000003	0.0278555717	-0.0550800184	0.0344099134	-0.0896212326	0.17031429999999995
0.0808199441	0.0755004314	0.0668923989	0.0553707806	0.0414374156	0.0256991899	0.0088416023	0.00170225	0.186998	0.045643	-0.0045763999999999996	0.00011975399999999999	-1.0587899999999999e-22	0.023756786	-0.039275537400000005	-0.0438798071	0.0697318047	0.1167951443	-0.0030472757	0.21286765
0.0806314317	0.0747636639	0.0652982905	0.0526907823	0.0375478092	0.0205980464	0.0026571115999999995	0.00666445	0.102826	-0.013297999999999999	-0.00390176	0.000658991	0.0	-0.07936577389999999	0.0680478488	0.0357282913	0.1043342049	0.0480860174	-0.0400234701	0.20876905
0.0804336496	0.07399251700000001	0.0636366248	0.0499138777	0.0335503118	0.0154116826	-0.0035423403000000007	-0.00559535	0.20053900000000002	0.041646800000000005	-0.00467582	0.000548731	-7.86845e-05	-0.05778120940000001	0.0396081846	-0.031731098199999995	-0.0573189695	0.0690362942	0.105307463	0.213067825
0.08022662059999999	0.07318734519999999	0.0619091212	0.0470451738	0.0294564099	0.010161556	-0.0097218466	-0.00133027	0.105377	0.0339915	-0.00367265	0.00055629	0.0	-0.0385207403	-0.0893230725	0.0281222626	-0.0931706341	0.08329651219999999	-0.0826207959	0.161553055
0.0800103684	0.07234851889999999	0.0601175669	0.044089946500000005	0.0252778672	0.004869388	-0.0158466129	-0.00126215	0.197562	0.061291399999999996	-0.00532337	0.00010243299999999999	0.0	0.0290653495	-0.0459176861	0.0077387417	0.0163471308	0.1157042113	0.0638957438	0.22478187
0.079784918	0.0714764238	0.0582638153	0.0410536312	0.0210266903	-0.0004429262	-0.0218821528	-0.00114821	0.12175799999999999	0.0180429	-0.00422506	0.000287894	-6.33132e-05	-0.0014095015	0.1100151501	0.0484382533	0.076005784	0.0329700603	0.0272128303	0.18652065
0.0795502952	0.0705714608	0.05634978440000001	0.0379418119	0.0167150947	-0.005753407800000001	-0.0277944824	-0.00131568	0.19726400000000002	0.0576886	-0.00550232	0.000526087	-1.7323499999999998e-05	0.026379842	0.05683068700000001	-0.0241510978	-0.0441045964	0.0178232999	0.1052986037	0.193391305
0.079306527	0.06963404620000001	0.0543774543	0.0347602118	0.0123554694	-0.0110400859	-0.0335503118	-0.00413462	0.1039	0.0614181	-0.00450834	0.000483497	0.00023543299999999998	0.0265654745	-0.0525978043	0.0438721001	-0.07771521370000001	0.0394863466	-0.028499927	0.16437876499999998
0.0790536414	0.068664611	0.0523488658	0.0315146823	0.0079603416	-0.0162810877	-0.0391172318	0.00151771	0.182763	0.08140739999999999	-0.00548315	0.00034953699999999997	-0.000190659	0.0282248847	-0.0348240411	0.0258683541	0.0072564039	0.1461636778	0.0452528438	0.18124773
0.0787916676	0.06766360099999999	0.0502661174	0.0282111925	0.0035423403000000007	-0.0214547298	-0.0444638974	0.00171726	0.11407	0.027505400000000003	-0.00436841	0.000438495	-0.000177558	-0.0280215436	-0.006705627	0.0502325003	0.1129420338	0.0567013138	0.062131742300000015	0.18363450000000006
0.0785206355	0.06663147650000001	0.0481313641	0.024855818	-0.0008858397	-0.0265396073	-0.0495602034	-3.54501e-05	0.20740799999999998	0.0435814	-0.00488007	0.000658991	-0.000160647	-0.0303146489	0.060474229	-0.025273598	-0.0570237218	0.0917060017	0.1043105169	0.14862006010000006
0.0782405765	0.0655687121	0.0459468144	0.0214547298	-0.0053114742	-0.0315146823	-0.0543774543	-0.00387426	0.100117	0.036073	-0.00354981	0.000417405	2.6750799999999998e-05	-0.0257525694	-0.026471343900000003	0.0352562335	-0.0912994712	0.0677149825	-0.0378868769	0.20660039990000004
0.0779515227	0.0644757965	0.0437147285	0.018014183200000002	-0.0097218466	-0.0363593716	-0.0588885262	-0.00732508	0.185549	0.04826369999999999	-0.00463149	0.000554174	-1.00594e-05	0.0443762916	-0.0249200393	0.0094639938	0.0255998108	0.1129642866	0.006564889599999999	0.16383648
0.0776535072	0.0633532322	0.0414374156	0.0145405056	-0.014104284	-0.0410536312	-0.0630680188	0.00221318	0.102376	0.033476099999999995	-0.00395912	0.000488215	0.00015508200000000002	0.0080760818	0.094287628	0.0254143955	0.0873123766	0.0302226761	0.0088949565	0.15267238
0.0773465645	0.0622015356	0.0391172318	0.0110400859	-0.0184461937	-0.0455780395	-0.0668923989	-0.0009618160000000002	0.214121	0.0404413	-0.00429058	0.000304793	-1.74688e-05	0.0324123865	0.0379905765	-0.015470562	-0.0591344248	-0.02503487	0.1075746309	0.15625683599999998
0.0770307297	0.0610212361	0.0367565777	0.0075193617	-0.0227350996	-0.0499138777	-0.0703401329	-0.00824797	0.0971625	0.017278599999999998	-0.00285596	0.0008214659999999998	0.000234143	0.0450648381	-0.06218360940000001	-0.0365336618	-0.0389963187	0.0310259626	-0.005463419200000001	0.25755259399999997
0.0767060391	0.0598128765	0.0343578954	0.0039848083	-0.0269586778	-0.0540432071	-0.073391808	0.00213627	0.187849	0.0272628	-0.00399445	0.000658992	-7.459089999999997e-05	0.044260284	0.0388534868	-0.0205733701	0.0274032243	0.0357681877	0.0395458723	0.191539835
0.0763725302	0.0585770125	0.0319236667	0.0004429262	-0.0311047922	-0.0579489435	-0.0760302412	-0.00239091	0.0998197	0.021943	-0.00294083	0.0007014139999999999	0.000189035	0.0387638197	0.0710291242	-0.0015349360999999998	-0.0899244427	-0.0028354013	-0.0409584297	0.165859675
0.0760302412	0.0573142124	0.0294564099	-0.0030997705	-0.0351615291	-0.0616149276	-0.0782405765	0.00408094	0.17913800000000002	0.0453871	-0.00416182	0.000908992	-0.00027236599999999996	0.0488045037	-0.06573708389999999	0.00292021	-0.0108426978	0.0071654319999999985	0.0284311203	0.20373270000000002
0.07567921150000001	0.0560250569	0.0269586778	-0.0066367663	-0.0391172318	-0.0650259921	-0.0800103684	0.00361294	0.105795	0.0111513	-0.0042347999999999995	0.0007231419999999998	-0.00010825799999999999	-0.0009935561	-0.0219903701	0.0220371933	0.1119405768	-0.0536840638	0.0812182216	0.1291937
0.0753194814	0.0547101387	0.0244330544	-0.010161556	-0.042960534	-0.06816802450000001	-0.0813296518	0.00236434	0.209211	0.0397403	-0.00442343	0.000602626	-9.830989999999999e-05	0.0001305129	0.0426042436	-0.0032615019	-0.0531826392	0.0052955068	0.0823030652	0.149208305
0.0749510924	0.0533700625	0.0218821528	-0.013667657	-0.0466803921	-0.0710280251	-0.0821909983	-0.00196077	0.10306199999999999	0.0500976	-0.00371025	0.00030236	9.269490000000004e-05	0.0267272546	-0.0821938041	0.0107148249	-0.0799413339	0.025757075	-0.0344569745	0.18105395
0.0745740866	0.0520054446	0.019308612	-0.017148621200000002	-0.0502661174	-0.0735941614	-0.0825895581	-0.0109655	0.184564	0.0472405	-0.0047003	0.000570414	7.73446e-06	0.0353230465	0.0088135491	0.0248544539	0.0364303615	0.0150235119	0.0278593689	0.160517052
0.0741885076	0.0506169125	0.0167150947	-0.0205980464	-0.0537074066	-0.0758558164	-0.0825230869	-0.0107881	0.08952719999999999	0.029079200000000006	-0.00348777	0.000511876	9.244889999999999e-05	-0.0103681499	0.1050497554	0.0049982954	0.0138506855	0.012435906000000002	-0.0363902436	0.181164622
0.0737943996	0.0492051046	0.014104284	-0.0240095886	-0.056994371399999987	-0.077803633	-0.081991959	0.00261386	0.20105399999999998	0.0310556	-0.00429977	0.000769417	-0.000219281	-0.0041196245	0.001887628	-0.035485782	-0.0570443144	-0.0131455278	0.0791168213	0.195968705
0.073391808	0.0477706702	0.0114788812	-0.0273769736	-0.0601175669	-0.0794295525	-0.08099916509999999	0.0007830979999999998	0.08961389999999997	0.0200023	-0.0038469000000000003	0.00022878200000000002	5.82084e-05	0.0182320312	-0.0857762369	-0.035441406	0.000513798	0.0257771906	0.0080415069	0.187873882
0.0729807789	0.0463142688	0.0088416023	-0.030694008	-0.0630680188	-0.080726848	-0.0795502952	0.000115868	0.179472	0.00475883	-0.004905	0.000447805	-7.72284e-05	-0.004577622	0.0423631412	0.0168424771	0.0079600409	0.0371896449	0.0500278302	0.17639678999999994
0.0725613598	0.0448365703	0.0061951761	-0.0339545915	-0.0658372492	-0.0816901521	-0.0776535072	0.0114035	0.09831530000000001	0.0174476	-0.00302532	0.000763283	6.99848e-05	0.0241932405	0.0262415052	-0.0521394056	-0.1046948152	-0.0105485411	-0.0532861015	0.222251662
0.0721335987	0.04333825400000002	0.0035423403000000007	-0.0371527273	-0.0684173009	-0.0823154793	-0.0753194814	0.007590119999999999	0.209794	0.0213481	-0.0047364	0.000585704	-0.00019888299999999999	0.0612486604	-0.052213925300000005	-0.0129375288	0.0526560222	0.0135152659	-0.0230395624	0.22706892
0.0716975448	0.0418200091	0.0008858397	-0.0402825336	-0.0708007604	-0.0826002426	-0.0725613598	0.00367514	0.089211	-0.0113666	-0.00447133	0.000507529	6.99848e-05	0.011175716100000002	0.05631180490000001	-0.0259461557	0.0626379356	0.0211699285	0.0165408821	0.18781832
0.0712532484	0.0402825336	-0.0017715775	-0.04333825400000002	-0.0729807789	-0.0825432638	-0.0693946722	0.00439426	0.184435	0.026973200000000003	-0.00482601	0.000531484	6.99848e-05	0.0115569662	-0.0240593526	-0.0011425095	-0.0460800728	-0.104349027	0.0495639081	0.15321467000000005
0.0708007604	0.0387265345	-0.0044271617	-0.0463142688	-0.0749510924	-0.0821447785	-0.0658372492	0.015941399999999998	0.104404	0.0189724	-0.00415947	0.000675731	0.000319985	0.0074826096	-0.056221063	-0.0571041185	0.0514398993	-0.0383983887	-0.0064761062	0.1526183
0.0703401329	0.0371527273	-0.0070781657	-0.0492051046	-0.0767060391	-0.0814064355	-0.0619091212	0.012266299999999999	0.15955899999999998	-0.0117991	-0.00369159	0.000692127	6.99849e-05	-0.0307697346	0.077992583	0.0274021002	0.0226369567	-0.0011132858	-0.0754399664	0.12631540500000002
0.0698714189	0.035561835800000004	-0.0097218466	-0.0520054446	-0.0782405765	-0.0803312895	-0.05763240610000001	0.002687	0.132446	0.0410296	-0.00434503	0.000988885	0.000319985	-0.0088971706	-0.0179145933	-0.0736092177	-0.091951384	-0.0123987896	-0.0214008685	0.149530905
0.0693946722	0.0339545915	-0.0123554694	-0.0547101387	-0.0795502952	-0.0789237887	-0.0530311845	0.014594999999999999	0.15421299999999996	-0.024144	-0.00431803	0.0006589930000000001	-8.637290000000001e-05	-0.0503017242	-0.0523965718	0.0317583702	0.1264313464	-0.0568377556	-0.0069402258	0.13701109499999994
0.0689099476	0.0323317335	-0.0149763093	-0.0573142124	-0.0806314317	-0.0771897563	-0.0481313641	0.00489659	0.134432	0.0490346	-0.00464851	0.000908993	6.9985e-05	-0.0345547667	0.0423174727	-0.0055108405	0.0037690748	-0.0261386914	-0.0110929031	0.139499905
0.0684173009	0.030694008	-0.0175816548	-0.0598128765	-0.0814808795	-0.0751363666	-0.042960534	-0.0008061649999999999	0.139461	0.008682999999999998	-0.00425929	0.00059737	6.9985e-05	-0.0045353746	-0.0798577857	0.0240016156	-0.0349795971	-0.0344200318	-0.0152407156	0.086125505
0.0679167887	0.0290421682	-0.0201688105	-0.0622015356	-0.0820961977	-0.07277211509999999	-0.0375478092	0.00560258	0.141822	0.0327678	-0.0048059	0.0007714	-1.5755699999999996e-05	-0.0017265348	-0.017575744	0.023486011400000003	0.0421768916	-0.034390130299999995	0.0132822711	0.07317358000000003
0.06740846860000001	0.0273769736	-0.0227350996	-0.0644757965	-0.08247561839999999	-0.0701067834	-0.0319236667	0.0112729	0.13910800000000004	0.00695145	-0.00418399	0.0009089940000000002	6.998510000000001e-05	-0.0168009265	0.03839631	0.0057359371	-0.0944618386	-0.0222386603	-0.0602159157	0.07646290999999998
0.0668923989	0.0256991899	-0.0252778672	-0.06663147650000001	-0.0826180512	-0.0671513987	-0.0261197739	-0.00151677	0.126067	0.0662641	-0.00487579	0.0007578439999999999	6.998510000000001e-05	0.0122124276	-0.09072704	0.0285363466	-0.0738120675	0.0249588443	-0.0691867143	0.12729081999999994
0.06636863900000001	0.0240095886	-0.0277944824	-0.068664611	-0.0825230869	-0.0639181885	-0.0201688105	0.00960124	0.166526	-0.029057	-0.00540594	0.000537983	-0.000200457	-0.0215771019	0.0059343559	-0.0043480295	0.1148003444	0.0380106999	-0.0652166307	0.197920765
0.0658372492	0.022308946800000003	-0.0302823417	-0.0705714608	-0.0821909983	-0.06042052940000001	-0.014104284	0.0020596	0.103878	0.0300346	-0.00458855	0.0009089940000000002	-0.00011029200000000001	-0.031791783	0.0840053485	0.0369459015	0.0430697318	-0.0192391867	-0.0858781043	0.19320954
0.0652982905	0.0205980464	-0.0327388711	-0.07234851889999999	-0.08162273980000001	-0.05667289230000001	-0.0079603416	0.0100416	0.193605	0.00714337	-0.00497207	0.0009089940000000002	-0.000354961	0.0037497076	-0.06279474040000001	-0.0272062728	-0.0655909016	-0.0627790857	0.0396052875	0.15200968
0.06475182480000001	0.0188776742	-0.0351615291	-0.07399251700000001	-0.0808199441	-0.0526907823	-0.0017715775	-0.008291349999999998	0.101506	0.0166007	-0.00402718	0.0009089940000000002	-7.45003e-05	-0.0081150594	-0.1131525803	0.0261802821	0.0565111696	-0.045867601	-0.0582702009	0.181156815
0.064197915	0.017148621200000002	-0.0375478092	-0.0755004314	-0.079784918	-0.0484906747	0.0044271617	0.00121694	0.189636	-0.024582	-0.00493865	0.0009609639999999999	-0.00035548599999999996	-0.0046878642	0.0546154262	0.0100101233	0.029210359	0.0427174929	-0.011338588500000002	0.201042275
0.0636366248	0.0154116826	-0.0398952426	-0.076869489	-0.0785206355	-0.044089946500000005	0.0106009733	0.00107257	0.107423	-0.00893488	-0.00420777	0.0009089940000000002	-0.000436759	-0.0469883611	0.1166747659	-0.0076937062	0.0309572232	0.0399930384	-0.0382020078	0.14121064
0.0630680188	0.013667657	-0.0422014006	-0.0780971719	-0.0770307297	-0.039506804900000005	0.0167150947	0.000568035	0.200299	-0.00526985	-0.00474501	0.0009089940000000002	-0.000736447	-0.013577485	-0.0017226718	0.0075403835	-0.0563601801	-0.059708212	0.0793356321	0.13889196499999998
0.0624921622	0.0119173466	-0.0444638974	-0.0791812221	-0.0753194814	-0.0347602118	0.0227350996	0.00104429	0.11550999999999999	0.0120242	-0.00397622	0.000823547	-0.000325876	0.0082496933	-0.0972989785	-0.055370380199999986	-7.69793e-05	0.011242492	0.0040299949	0.165799705
0.0619091212	0.010161556	-0.0466803921	-0.0801196458	-0.073391808	-0.0298698051	0.0286270917	0.0105371	0.199226	-0.014758000000000004	-0.00583559	0.0009089940000000002	-0.0007337169999999999	-0.0085558897	0.0340200526	0.0507471146	0.0416939991	0.0274962201	0.0020076369	0.23762391
0.061318963	0.0084010927	-0.048848591600000005	-0.0809107173	-0.0712532484	-0.024855818	0.0343578954	0.00104739	0.12174600000000001	0.0008427939999999999	-0.00469683	0.00103783	-0.0005847690000000001	-0.0263076905	0.1027189769	-0.0041860017	0.0027272435	0.0509632604	-0.0442037633	0.173397704
0.0607217553	0.0066367663	-0.0509662528	-0.0815529816	-0.0689099476	-0.0197389949	0.0398952426	0.00704253	0.219362	0.0174461	-0.00515752	0.0009089940000000002	-0.000770858	0.0201840736	-0.0191735437	0.0302890608	-0.0395873815	-0.0655883187	0.0768109282	0.15899519599999998
0.0601175669	0.004869388	-0.0530311845	-0.0820452574	-0.06636863900000001	-0.0145405056	0.0452079546	0.0007140380000000001	0.104352	-0.00551467	-0.00488018	0.000908995	-0.000682777	0.0018516752	-0.0678005824	-0.047356383	0.0787095762	-0.0357156879	0.0402293972	0.162570362
0.0595064671	0.0030997705	-0.0550412506	-0.0823866395	-0.0636366248	-0.0092818579	0.0502661174	0.000556292	0.199285	0.0147392	-0.00619288	0.000908995	-0.000757249	-0.0026883273	0.0565841292	0.0511970935	-0.0098904483	-0.0073248570999999985	0.016081962800000002	0.184703216
0.0588885262	0.0013287276999999998	-0.056994371399999987	-0.08257649980000001	-0.0607217553	-0.0039848083	0.0550412506	0.00567285	0.0851858	0.0256418	-0.00438323	0.0009973669999999999	-0.000535721	0.0281934904	-0.0781632437	-0.0878621828	-0.1042471881	0.0215857849	-0.0739431328	0.23609585800000002
0.0582638153	-0.0004429262	-0.0588885262	-0.0826144894	-0.05763240610000001	0.0013287276999999998	0.0595064671	0.00335757	0.211504	0.0286822	-0.00573541	0.000908995	-0.000650575	0.009739331	-0.0182333527	0.0489998433	0.0631759048	0.008347934599999999	0.0415782619	0.20944418
0.05763240610000001	-0.0022143764	-0.0607217553	-0.0825005382	-0.0543774543	0.0066367663	0.0636366248	0.013749	0.11851700000000001	-0.054183	-0.0050448	0.000748155	-0.000604752	-0.0397830167	0.0801732083	-0.0675023895	-0.005245771999999999	0.0491046356	-0.0545607852	0.23110727999999994
0.056994371399999987	-0.0039848083	-0.0624921622	-0.0822348559	-0.0509662528	0.0119173466	0.06740846860000001	0.010173999999999999	0.17314200000000002	0.045017800000000004	-0.00541744	0.000908995	-0.000592306	0.02028639	-0.003236503	0.0904512752	-0.061304586	-0.0831073292	0.0025616239	0.1846971
0.05634978440000001	-0.005753407800000001	-0.064197915	-0.0818179311	-0.0474086033	0.017148621200000002	0.0708007604	0.0114483	0.14626	-0.0183859	-0.00521027	0.000908995	-0.0006632089999999999	0.0094506286	-0.0685572552	-0.0710227492	0.0780128741	-0.0250065622	-0.0101982756	0.10546364999999996
0.0556987191	-0.0075193617	-0.0658372492	-0.0812505306	-0.0437147285	0.022308946800000003	0.0737943996	0.00290291	0.17416700000000002	-0.00584189	-0.00550848	0.000908995	-0.000640778	-0.0245855375	0.0451810229	0.0999712533	0.0338746418	-0.0834435282	0.0047766919	0.06502844999999995
0.0550412506	-0.0092818579	-0.06740846860000001	-0.0805336979	-0.0398952426	0.0273769736	0.0763725302	0.011178200000000001	0.161193	-0.0516034	-0.00544032	0.000640394	-0.00052997	-0.0063765537	0.008646827	-0.0989777457	-0.0613957674	-0.0453616504	-0.0501551848	0.08938924999999992
0.0543774543	-0.0110400859	-0.0689099476	-0.0796687514	-0.0359611205	0.0323317335	0.0785206355	0.0210348	0.148327	0.055808500000000004	-0.00561719	0.000908995	-0.000256505	0.0277020006	-0.0547984476	0.112789658	0.0205257748	-0.0674462519	-0.0587051367	0.1660813
0.0537074066	-0.0127932372	-0.0703401329	-0.0786572819	-0.0319236667	0.0371527273	0.08022662059999999	0.0233482	0.18674200000000002	0.00013047700000000002	-0.00598421	0.000908996	-0.000554072	-0.0021970949	0.0649869908	-0.0756469838	0.0224511459	0.0271917758	-0.0436644092	0.12963582299999998
0.0530311845	-0.0145405056	-0.0716975448	-0.0775011496	-0.0277944824	0.0418200091	0.0814808795	0.0190798	0.133051	0.0434375	-0.00505959	0.000908996	-0.000568224	-0.0141277207	0.037004485	0.0819098482	-0.0454700232	-0.08632692289999999	-0.0621491944	0.14820502300000002
0.0523488658	-0.0162810877	-0.0729807789	-0.0762024808	-0.0235854328	0.0463142688	0.08227635	0.0205268	0.196384	-0.00317387	-0.00554939	0.000908996	-0.000601946	-0.0163088306	-0.0612786042	-0.08788249050000001	0.060888033	0.0121273171	0.0116905394	0.13756747000000005
0.0516605288	-0.018014183200000002	-0.0741885076	-0.0747636639	-0.019308612	0.0506169125	0.0826085531	0.0229093	0.129235	-0.0146256	-0.00538188	0.0007149239999999999	-0.0006655210000000001	-0.0635537342	0.07185457769999999	0.0544320231	0.0553977303	-0.0609462071	-0.057042093	0.10224108
0.0509662528	-0.0197389949	-0.0753194814	-0.07318734519999999	-0.0149763093	0.0547101387	0.08247561839999999	0.022915599999999998	0.198205	-0.011046700000000001	-0.00573196	0.000658995	-0.000569656	-0.0125712546	-0.0752397696	-0.0583943509	-0.0583976173	-0.0658546195	0.0690808162	0.0976489
0.0502661174	-0.0214547298	-0.0763725302	-0.0714764238	-0.0106009733	0.0585770125	0.0818782943	0.0231852	0.11772	0.00464881	-0.00523329	0.0007452639999999999	-0.000500871	-0.0320773308	-0.0319590775	0.0717276501	0.0919298153	-0.1160217783	-0.0049085315	0.12913631
0.0495602034	-0.023160599	-0.0773465645	-0.06963404620000001	-0.0061951761	0.0622015356	0.0808199441	0.0331653	0.2169	-0.0222711	-0.00637222	0.000908996	-0.000688645	0.0005457449	0.0311451885	-0.0604042339	-0.0309203094	-0.0326273293	0.04977470480000002	0.21060181
0.048848591600000005	-0.024855818	-0.0782405765	-0.06766360099999999	-0.0017715775	0.0655687121	0.079306527	0.0334088	0.129734	0.011091	-0.00483164	0.000908996	-0.000543259	0.011219776599999998	-0.0566386835	-0.0115928274	0.0120482596	-0.037222025	-0.0478772876	0.2050699
0.0481313641	-0.0265396073	-0.0790536414	-0.0655687121	0.0026571115999999995	0.068664611	0.0773465645	0.0332109	0.22373600000000002	-0.0457722	-0.00651814	0.000908996	-0.000662727	-0.01312288	0.0539473267	-0.0554998998	0.0291814532	0.056226243700000005	0.0049857604	0.2413615000000001
0.0474086033	-0.0282111925	-0.079784918	-0.0633532322	0.0070781657	0.0714764238	0.0749510924	0.0332525	0.133042	0.0142861	-0.00498393	0.0007861129999999999	-0.000515103	-0.0450945986	-0.0396118057	0.0462142355	-0.08021586139999999	0.0016232242000000002	-0.0607191579	0.24102975
0.0466803921	-0.0298698051	-0.0804336496	-0.0610212361	0.0114788812	0.07399251700000001	0.0721335987	0.0331092	0.221568	0.00614675	-0.00678657	0.000908996	-0.0007378139999999999	-0.0045509248	-0.0035178948	-0.0337015091	0.0486649247	0.0355165439	0.0128850733	0.20422035
0.0459468144	-0.0315146823	-0.08099916509999999	-0.0585770125	0.0158466129	0.0762024808	0.0689099476	0.036638199999999996	0.122267	-0.00685979	-0.00534347	0.000908996	-0.00063898	-0.0089810025	0.0643503111	0.0520711711	-0.0370299359	-0.0202057692	-0.0702865999	0.19293324
0.0452079546	-0.0331450678	-0.0814808795	-0.0560250569	0.0201688105	0.0780971719	0.0652982905	0.033164599999999995	0.212515	0.0198582	-0.00581568	0.0009089969999999999	-0.00067644	0.0500474576	-0.0559549876	-0.0399552025	-0.0336254398	0.003422546	0.0136237916	0.14592314000000006
0.0444638974	-0.0347602118	-0.0818782943	-0.0533700625	0.0244330544	0.0796687514	0.061318963	0.038930900000000004	0.131653	-0.0645564	-0.00602655	0.000658996	-0.000465487	-0.0150095607	0.0591264279	0.0277704239	0.1030434843	-0.0220220246	0.0354545641	0.2046341
0.0437147285	-0.0363593716	-0.0821909983	-0.0506169125	0.0286270917	0.0809107173	0.056994371399999987	0.041926	0.226048	-0.0425464	-0.00707408	0.000908996	-0.0007551199999999999	-0.0109042379	0.0194658758	-0.0664335563	-0.072783843	0.0143509276	0.0765869363	0.19875825
0.042960534	-0.0379418119	-0.0824186682	-0.0477706702	0.0327388711	0.0818179311	0.0523488658	0.0354771	0.12577	0.0113675	-0.00519091	0.0009089969999999999	-0.00058274	-0.0051405232	-0.0774802312	-0.0346064121	-0.036344078	0.0387547017	-0.0240689844	0.26341835
0.0422014006	-0.039506804900000005	-0.0825610682	-0.0448365703	0.0367565777	0.0823866395	0.0474086033	0.0285379	0.21373899999999998	-0.018436599999999997	-0.00692685	0.000658996	-0.000540573	-0.022401889100000003	0.0073040243000000015	-0.0104870373	0.038384657	0.0695138145	0.0548693014	0.2261177000000001
0.0414374156	-0.0410536312	-0.0826180512	-0.0418200091	0.0406686668	0.0826144894	0.0422014006	0.0335585	0.138095	0.00474948	-0.00589857	0.0007933339999999999	-0.000498271	-0.0355123611	0.0750284888	0.0493928601	-0.061187488099999986	0.0138848616	-0.046610852	0.16409668000000002
0.0406686668	-0.0425815792	-0.0825895581	-0.0387265345	0.0444638974	0.0825005382	0.0367565777	0.037709	0.229066	0.00295362	-0.00625622	0.0009089969999999999	-0.0006742930000000001	0.0103514572	-0.07293732879999999	-0.039122189	-0.016483948300000002	0.0380265502	0.0130030914	0.12938411
0.0398952426	-0.044089946500000005	-0.08247561839999999	-0.035561835800000004	0.0481313641	0.0820452574	0.0311047922	0.0465542	0.11576800000000001	-0.049563300000000005	-0.00660977	0.000722968	-0.000637746	-0.0253894936	0.0561755354	0.0252400171	0.075934187	0.0036868508	0.0223160517	0.20346642
0.0391172318	-0.0455780395	-0.08227635	-0.0323317335	0.0516605288	0.0812505306	0.0252778672	0.0384798	0.21652399999999997	-0.0169065	-0.007336599999999999	0.00073275	-0.0006309940000000001	-0.0060191717	-0.0032149158000000003	-0.026483996800000003	-0.08408671390000001	-0.0087719563	0.1239908693	0.1786554
0.0383347241	-0.0470451738	-0.081991959	-0.0290421682	0.0550412506	0.0801196458	0.019308612	0.0454323	0.129527	0.00366038	-0.00599317	0.0009089969999999999	-0.000471952	0.0228303714	-0.07495415429999999	0.0359523734	0.0041914059	0.0209459354	0.0066960727	0.19845233
0.0375478092	-0.0484906747	-0.08162273980000001	-0.0256991899	0.0582638153	0.0786572819	0.0132306372	0.056702300000000004	0.24508000000000002	-0.0296586	-0.00768444	0.000556967	-0.000625516	0.0669582808	0.0561942822	0.0105377832	-0.0128634291	0.039194232200000005	0.0566838698	0.26998518
0.0367565777	-0.0499138777	-0.0811690742	-0.022308946800000003	0.061318963	0.076869489	0.0070781657	0.06340470000000001	0.14257700000000004	-0.0242845	-0.00590042	0.0007708479999999998	-0.00040886300000000003	0.060496797699999987	0.0270390048	-0.0182878926	-0.1029796016	0.0146465083	-0.022814422400000003	0.2253072
0.0359611205	-0.0513141282	-0.0806314317	-0.0188776742	0.064197915	0.0747636639	0.0008858397	0.0484534	0.236682	0.0391826	-0.00749732	0.00047961900000000003	-0.000487896	0.0742695962	-0.0468102601	0.0059331559	0.0044084248	0.085701729	0.0444864388	0.27088149999999994
0.0351615291	-0.0526907823	-0.0800103684	-0.0154116826	0.0668923989	0.07234851889999999	-0.0053114742	0.0529451	0.137049	-0.0649549	-0.00722373	0.000596829	-0.000529781	-0.0144636184	0.0515198669	0.0508777884	0.1117683109	0.0220621888	0.0100486719	0.22989645
0.0343578954	-0.0540432071	-0.079306527	-0.0119173466	0.0693946722	0.06963404620000001	-0.0114788812	0.0474354	0.2245	0.00753953	-0.00738822	0.0009089969999999999	-0.00052327	0.0735690218	0.0554544912	0.0798455459	-0.0412369739	0.0005941337000000001	0.0498309741	0.18961358
0.0335503118	-0.0553707806	-0.0785206355	-0.0084010927	0.0716975448	0.06663147650000001	-0.0175816548	0.054098400000000005	0.149091	-0.00568443	-0.00561444	0.0009089980000000001	-0.000696033	0.1223103744	-0.0441468718	-0.0158648874	-0.0925589322	0.0856678081	-0.0068865565	0.19262316
0.0327388711	-0.05667289230000001	-0.0776535072	-0.004869388	0.0737943996	0.0633532322	-0.0235854328	0.0444105	0.23785799999999999	-0.0052296999999999995	-0.00701665	0.0009089969999999999	-0.0007329760000000001	0.1004640861	0.0154436937	0.0142605127	0.0421158945	0.1305353983	0.0624714205	0.17086733
0.0319236667	-0.0579489435	-0.0767060391	-0.0013287276999999998	0.07567921150000001	0.0598128765	-0.0294564099	0.045400499999999996	0.131252	-0.0886445	-0.00645672	0.00081276	-0.000632615	-0.0261711617	0.1004608998	-0.0183633477	0.0535784248	0.1284152216	-0.0222284974	0.22883720000000002
0.0311047922	-0.0591983473	-0.07567921150000001	0.0022143764	0.0773465645	0.0560250569	-0.0351615291	0.0481118	0.18751900000000002	0.00518179	-0.0064065	0.0009089980000000001	-0.000580839	-0.0166587965	0.0008972732	0.0472236797	-0.06601787469999999	-0.0323445363	0.1057634367	0.16271629
0.0302823417	-0.06042052940000001	-0.0745740866	0.005753407800000001	0.0787916676	0.0520054446	-0.0406686668	0.057869500000000004	0.153392	-0.0446579	-0.00565902	0.0008289189999999999	-0.000575463	-0.0605653658	-0.0759356582	-0.0237481813	0.0560956976	0.014862555800000003	0.0166833699	0.13537114
0.0294564099	-0.0616149276	-0.073391808	0.0092818579	0.0800103684	0.0477706702	-0.0459468144	0.05566619999999999	0.187102	0.00223138	-0.00701567	0.0009089980000000001	-0.000501659	-0.0316508482	0.0121387582	0.0713836729	0.0409629965	0.0065197388	0.087986841	0.15832923
0.0286270917	-0.0627809927	-0.0721335987	0.0127932372	0.08099916509999999	0.04333825400000002	-0.0509662528	0.0640746	0.12146400000000004	-0.07003039999999999	-0.006227399999999999	0.0009089980000000001	-9.436299999999999e-05	-0.0182210649	0.0463722772	-0.0234087048	-0.0911612063	0.0153968949	0.0061051933	0.20608648
0.0277944824	-0.0639181885	-0.0708007604	0.0162810877	0.0817552165	0.0387265345	-0.0556987191	0.050679699999999994	0.197251	0.04449430000000002	-0.00682169	0.0009089980000000001	-0.000541378	0.0508774921	-0.0745534471	0.0420694646	-0.0589030672	0.0527704432	-0.00987073	0.25577185
0.0269586778	-0.0650259921	-0.0693946722	0.0197389949	0.08227635	0.0339545915	-0.0601175669	0.0683595	0.160685	-0.08672289999999999	-0.00668227	0.0009089980000000001	-0.000499662	0.0160634816	-0.0157142711	0.0252593209	0.1100738641	0.0241591384	0.0141133359	0.1945198
0.0261197739	-0.0661038941	-0.0679167887	0.023160599	0.0825610682	0.0290421682	-0.064197915	0.0512601	0.21248699999999998	0.00292385	-0.00708576	0.0009089980000000001	-0.000305072	0.0278212014	0.0261861414	0.0992481767	0.0029881758000000003	0.0412120165	0.0794816579	0.18845215
0.0252778672	-0.0671513987	-0.06636863900000001	0.0265396073	0.0826085531	0.0240095886	-0.0679167887	0.0810428	0.17067099999999996	-0.0620201	-0.00602584	0.0009089980000000001	-0.00029522099999999997	0.011487416100000002	-0.0790679269	-0.058600768	-0.0763999314	0.06515746830000001	0.0572434164	0.1900312
0.0244330544	-0.06816802450000001	-0.06475182480000001	0.0298698051	0.0824186682	0.0188776742	-0.0712532484	0.06484640000000001	0.176302	-0.00243464	-0.00651575	0.0009089980000000001	-0.0004712680000000001	-0.0066954487	-0.0656264644	0.1037465498	0.0704245831	0.046584901500000005	0.0515898784	0.11471070999999998
0.0235854328	-0.0691533037	-0.0630680188	0.0331450678	0.081991959	0.013667657	-0.0741885076	0.0781206	0.223124	-0.048343000000000004	-0.00721005	0.0009089980000000001	-0.0005890790000000001	0.011367134199999998	0.0708610544	0.0269696632	-0.0276621267	0.1254819433	0.010902195900000002	0.14661011
0.0227350996	-0.0701067834	-0.061318963	0.0363593716	0.0813296518	0.0084010927	-0.0767060391	0.0762628	0.131663	0.021250599999999998	-0.00614373	0.0010850999999999999	-9.436299999999999e-05	0.0943233264	-0.0729630878	0.0625875202	-0.0822999878	0.1103613905	-0.0754880476	0.24976929999999997
0.0218821528	-0.0710280251	-0.0595064671	0.039506804900000005	0.0804336496	0.0030997705	-0.0787916676	0.076287	0.20591700000000002	-0.0765233	-0.007311469999999999	0.000760531	-0.0004960780000000001	0.0789563526	0.0436919317	0.0145968315	0.0816770712	0.1496192711	0.016693276899999998	0.26675329999999997
0.0210266903	-0.0719166052	-0.05763240610000001	0.0425815792	0.079306527	-0.0022143764	-0.0804336496	0.08318259999999998	0.141454	0.00158096	-0.00590158	0.00123059	-0.00023131	0.0632412441	0.0114762652	0.007779371899999998	-0.047215199400000005	0.0512720443	0.0109854225	0.25669871
0.0201688105	-0.07277211509999999	-0.0556987191	0.0455780395	0.0779515227	-0.0075193617	-0.08162273980000001	0.0582305	0.19313699999999998	-0.06991489999999999	-0.00488572	0.0008256939999999998	-0.00046628	0.0229433332	-0.023357102200000004	-0.0576304459	0.0360099144	0.0219241441	0.1038010541	0.23091726000000004
0.019308612	-0.0735941614	-0.0537074066	0.0484906747	0.0763725302	-0.0127932372	-0.0823522428	0.15954400000000002	0.00505368	-0.236602	-0.00311066	-0.000647253	0.00169393	-0.0441505025	0.0915777562	-0.1522999784	0.0076491415	-0.1248761479	-0.1200879944	0.7264947699999998
0.0184461937	-0.0743823661	-0.0516605288	0.0513141282	0.0745740866	-0.018014183200000002	-0.0826180512	0.143959	0.15195899999999998	-0.163725	-0.00395381	-0.000530616	0.00137982	0.0210608321	0.045019363	-0.0602753257	0.0932808168	-0.059966513	-0.2212713992	0.29906217
0.0175816548	-0.0751363666	-0.0495602034	0.0540432071	0.0725613598	-0.023160599	-0.0824186682	0.147339	0.174869	-0.087164	-0.00357656	-0.000517255	0.00169041	0.0664383994	0.0208949464	-0.1328995107	0.0069067497	-0.1112884986	-0.0792487217	0.13791105
0.0167150947	-0.0758558164	-0.0474086033	0.05667289230000001	0.0703401329	-0.0282111925	-0.0817552165	0.160522	0.105371	-0.14664100000000002	-0.00326778	-0.00052767	0.00154555	-0.0197714376	0.017561121399999997	-0.0638013045	0.1054768553	-0.1506007046	-0.0617804386	0.16536074999999995
0.0158466129	-0.0765403846	-0.0452079546	0.0591983473	0.0679167887	-0.0331450678	-0.0806314317	0.170192	0.189782	-0.10921700000000001	-0.00398463	0.000239897	0.00186105	-0.0853431542	0.0435803668	-0.1124650179	-0.0456299277	-0.0974222045	0.005276120600000001	0.22150085000000005
0.0149763093	-0.0771897563	-0.042960534	0.0616149276	0.0652982905	-0.0379418119	-0.0790536414	0.155756	0.0929362	-0.104742	-0.00281159	-9.24977e-06	0.00156226	-0.1142896567	-0.0948956972	-0.0917693212	-0.0142534379	-0.0759232209	-0.044070111	0.20180563850000002
0.014104284	-0.077803633	-0.0406686668	0.0639181885	0.0624921622	-0.0425815792	-0.0770307297	0.16553099999999998	0.18373499999999998	-0.06933639999999999	-0.00400474	0.000110241	0.00154834	-0.1434357055	0.0570786915	-0.0462736029	0.0205265869	-0.0195950834	-0.0131665997	0.20230743850000002
0.0132306372	-0.0783817324	-0.0383347241	0.0661038941	0.0595064671	-0.0470451738	-0.0745740866	0.158352	0.100288	-0.0639744	-0.00386846	5.95217e-05	0.00147354	-0.1067889257	-0.0884623016	-0.0337726565	-0.0798479718	-0.0105063553	-0.0531166614	0.109077965
0.0123554694	-0.0789237887	-0.0359611205	0.06816802450000001	0.05634978440000001	-0.0513141282	-0.0716975448	0.15071800000000002	0.223129	-0.016202200000000003	-0.00479806	-7.84895e-06	0.00122738	-0.0974981094	-0.0123984486	0.0251171308	0.0234563397	0.0097715593	-0.0082685974	0.2404037325
0.0114788812	-0.0794295525	-0.0335503118	0.0701067834	0.0530311845	-0.0553707806	-0.0684173009	0.14013299999999998	0.11313699999999999	0.00402188	-0.00380378	0.000203379	0.00126655	-0.08972222349999999	-0.0044636504	-0.0254286914	-0.0718133172	-0.0542648532	-0.08413812130000001	0.2030349775
0.0106009733	-0.0798987914	-0.0311047922	0.0719166052	0.0495602034	-0.0591983473	-0.06475182480000001	0.149528	0.183839	0.0130881	-0.00481838	0.00010298	0.00122922	-0.0606332404	-0.0487566808	0.0154708862	0.0071413213	-0.0715736784	-0.023972351	0.14677966999999995
0.0097218466	-0.0803312895	-0.0286270917	0.0735941614	0.0459468144	-0.0627809927	-0.0607217553	0.141877	0.111597	-0.0119718	-0.00419228	8.55592e-05	0.00132875	-0.0968545657	0.0794064815	-0.0006620597	-0.0204888818	-0.0259326934	-0.0680494389	0.14210543999999994
0.0088416023	-0.080726848	-0.0261197739	0.0751363666	0.0422014006	-0.0661038941	-0.05634978440000001	0.155172	0.220228	0.0357277	-0.00496399	-0.000120039	0.00128025	-0.0285962333	-0.0856588699	0.0738450931	-0.0453913505	-0.0297668555	-0.0050558725	0.22091591
0.0079603416	-0.0810852849	-0.0235854328	0.0765403846	0.0383347241	-0.0691533037	-0.0516605288	0.154882	0.136243	-0.0713773	-0.00468252	-0.000250136	0.00120003	-0.0717758322	0.00081458	-0.029286597	0.0932480298	-0.0378645352	-0.0193468746	0.21596935
0.0070781657	-0.0814064355	-0.0210266903	0.077803633	0.0343578954	-0.0719166052	-0.0466803921	0.15651099999999998	0.200897	0.035789800000000004	-0.00508752	0.000204467	0.00137247	-0.0245911307	0.0215562365	0.1298497164	-0.0510696055	-0.1067355684	0.0293360269	0.22505225
0.0061951761	-0.0816901521	-0.0184461937	0.0789237887	0.0302823417	-0.0743823661	-0.0414374156	0.156222	0.171176	0.00158631	-0.00505108	0.000128573	0.00137949	-0.0086383805	-0.0824350125	-0.0528208391	0.05642116940000001	-0.0035008427000000003	-0.0161115975	0.07018118999999998
0.0053114742	-0.0819363041	-0.0158466129	0.0798987914	0.0261197739	-0.0765403846	-0.0359611205	0.149818	0.172777	0.0030045000000000002	-0.00551657	-0.00036962199999999995	0.00121446	-0.0001822762	0.015847064299999998	0.13946889939999998	0.0606724055	-0.0671265883	-0.0173844134	0.06585893999999996
0.0044271617	-0.0821447785	-0.0132306372	0.080726848	0.0218821528	-0.0783817324	-0.0302823417	0.15475799999999998	0.193473	-0.0314247	-0.0052994	-5.50527e-05	0.00114348	0.0315007034	0.028808119500000007	-0.0300862467	-0.0418506128	-0.054800622400000006	-0.028461262400000006	0.090201165
0.0035423403000000007	-0.0823154793	-0.0106009733	0.0814064355	0.0175816548	-0.0798987914	-0.0244330544	0.157336	0.160298	0.0408232	-0.00496914	-0.00027456700000000003	0.00129688	0.07454358650000001	-0.0517817943	0.0964602127	0.0096739322	-0.0156474603	-0.07232117240000001	0.143159615
0.0026571115999999995	-0.0824483281	-0.0079603416	0.0819363041	0.0132306372	-0.0810852849	-0.0184461937	0.17485599999999998	0.218523	-0.0233236	-0.00520619	-7.58161e-05	0.00135725	0.0542655141	0.0915748974	-0.0595997226	0.0196480187	0.0023814201	-0.0681448963	0.164700345
0.0017715775	-0.0825432638	-0.0053114742	0.0823154793	0.0088416023	-0.0819363041	-0.0123554694	0.15043099999999998	0.143086	0.0290781	-0.00441002	5.1631999999999996e-05	0.00145956	0.0242438891	0.025703567000000004	0.0070616358	-0.0200012688	-0.0517279264	-0.0609506843	0.203560105
0.0008858397	-0.0826002426	-0.0026571115999999995	0.0825432638	0.0044271617	-0.0824483281	-0.0061951761	0.159807	0.24739	-0.000605666	-0.00565414	-0.000121109	0.0012072	-0.0118100016	-0.0588094116	-0.0741732974	0.0704918023	-0.0396738232	0.027522249900000004	0.22682481600000004
0.0	-0.0826192385	-0.0	0.0826192385	0.0	-0.0826192385	-0.0	0.15806099999999998	0.14057	0.00561952	-0.00476869	-0.00010967899999999999	0.00143885	-0.031386819100000005	0.0308124184	0.0755144384	0.031828795099999994	-0.0631875412	-0.0123537416	0.171217686
-0.0008858397	-0.0826002426	0.0026571115999999995	0.0825432638	-0.0044271617	-0.0824483281	0.0061951761	0.165122	0.22563699999999998	0.0403185	-0.00587385	-3.46751e-05	0.00148909	0.06807048269999999	0.0214641278	-0.0044207288	-0.0523838797	-0.0989024467	0.1536743903	0.188347175
-0.0017715775	-0.0825432638	0.0053114742	0.0823154793	-0.0088416023	-0.0819363041	0.0123554694	0.165089	0.151583	0.0166584	-0.00475104	-0.000324533	0.00184253	0.0351845037	-0.0926728179	-0.0562339799	-0.0092556343	-0.0163324312	0.0105462459	0.186052495
-0.0026571115999999995	-0.0824483281	0.0079603416	0.0819363041	-0.0132306372	-0.0810852849	0.0184461937	0.16449	0.239837	-0.00228889	-0.00551071	-0.00030178400000000004	0.00136403	0.021503816600000003	0.0034162284000000005	0.0011771693	0.0352257611	0.0250009296	0.0366782733	0.17084624000000007
-0.0035423403000000007	-0.0823154793	0.0106009733	0.0814064355	-0.0175816548	-0.0798987914	0.0244330544	0.16479100000000002	0.161247	0.02932	-0.00489287	-0.000171919	0.00139601	-0.0026556978	0.0582975747	0.0227423194	-0.07577924009999999	-0.0180180422	0.0041044675	0.14948414
-0.0044271617	-0.0821447785	0.0132306372	0.080726848	-0.0218821528	-0.0783817324	0.0302823417	0.155521	0.253133	0.0663011	-0.00660996	-0.0007730089999999997	0.00165198	0.035616595099999995	-0.0925331072	0.011911992	-0.0344649155	0.0019460306	0.08684460570000001	0.2668446
-0.0053114742	-0.0819363041	0.0158466129	0.0798987914	-0.0261197739	-0.0765403846	0.0359611205	0.17352	0.16027	-0.0368594	-0.00560044	-0.000912332	0.00141949	-0.0300284208	0.0037196998	0.0137597766	0.0495699796	0.012303355	-0.0091538037	0.28308915
-0.0061951761	-0.0816901521	0.0184461937	0.0789237887	-0.0302823417	-0.0743823661	0.0414374156	0.174034	0.22147199999999997	0.0473967	-0.00561013	-0.0006047	0.00143291	0.0657169292	0.0310266392	0.1098621174	-0.0783727063	-0.05961038690000001	0.0078947592	0.16250920000000002
-0.0070781657	-0.0814064355	0.0210266903	0.077803633	-0.0343578954	-0.0719166052	0.0466803921	0.188354	0.15883599999999998	-0.0109464	-0.00474627	-0.00037553099999999997	0.00145459	0.1147995005	-0.0271227931	-0.0772106532	0.0762709439	-0.0298433764	-0.0314292933	0.19103455
-0.0079603416	-0.0810852849	0.0235854328	0.0765403846	-0.0383347241	-0.0691533037	0.0516605288	0.161215	0.19338699999999998	0.0456094	-0.00608565	-0.0006155819999999999	0.00145982	0.07842857190000001	0.0514839784	0.0131834545	-0.021466023	0.0165892499	0.041926214100000005	0.19747885
-0.0088416023	-0.080726848	0.0261197739	0.0751363666	-0.0422014006	-0.0661038941	0.05634978440000001	0.178732	0.215952	-0.0320871	-0.00648696	-0.000987364	0.0014972000000000002	-0.0172281912	0.10958493	-0.0500817932	-0.0182969831	0.0712928192	-0.0474933385	0.15830210000000006
-0.0097218466	-0.0803312895	0.0286270917	0.0735941614	-0.0459468144	-0.0627809927	0.0607217553	0.173381	0.190419	0.0564706	-0.00647997	-0.0007790199999999997	0.00134322	0.015062878500000003	0.11614106	0.0924509854	-0.0315579878	-0.047931964	-0.0062909537	0.13790739999999999
-0.0106009733	-0.0798987914	0.0311047922	0.0719166052	-0.0495602034	-0.0591983473	0.06475182480000001	0.175627	0.240405	0.00651534	-0.00647855	-0.0006264959999999999	0.00142902	0.0663929216	-0.046666276500000006	-0.0271617087	-0.0288942557	-0.0377165014	0.0701148169	0.11417446000000002
-0.0114788812	-0.0794295525	0.0335503118	0.0701067834	-0.0530311845	-0.0553707806	0.0684173009	0.173513	0.168846	0.05650230000000001	-0.00547455	-0.0008038579999999999	0.0016979199999999995	0.043662614	-0.06365088440000001	0.0229037251	-0.033355367000000004	0.0274777195	-0.0465933647	0.19617306
-0.0123554694	-0.0789237887	0.0359611205	0.06816802450000001	-0.05634978440000001	-0.0513141282	0.0716975448	0.161677	0.235869	0.0353661	-0.00622098	-0.0007995609999999997	0.00143326	-0.0028003636	-0.0207398952	-0.0439339227	0.0456141294	0.1359467506	0.0322787145	0.15076455
-0.0132306372	-0.0783817324	0.0383347241	0.0661038941	-0.0595064671	-0.0470451738	0.0745740866	0.174286	0.157881	0.0195175	-0.00596537	-0.000582853	0.00172328	-0.105606276	0.0148497942	0.0410761338	0.0804748818	0.0687079333	0.0333677879	0.14456249999999998
-0.014104284	-0.077803633	0.0406686668	0.0639181885	-0.0624921622	-0.0425815792	0.0770307297	0.18079	0.239473	0.0671237	-0.0069199	-0.000444069	0.00121533	-0.0597931224	0.0046189402	0.0452219534	-0.0487296421	-0.0205347793	0.1819575885	0.2157654
-0.0149763093	-0.0771897563	0.042960534	0.0616149276	-0.0652982905	-0.0379418119	0.0790536414	0.169106	0.150007	0.029457599999999997	-0.00566121	-0.00013770600000000005	0.00136947	-0.0351088191	-0.0838246829	-0.0925909044	-0.006234524	0.0849189268	0.0435923359	0.22477575
-0.0158466129	-0.0765403846	0.0452079546	0.0591983473	-0.0679167887	-0.0331450678	0.0806314317	0.158165	0.20819000000000001	0.047663300000000006	-0.0071179	-0.00042761199999999996	0.00140998	-0.0312706767	-0.02859583	0.0822706732	0.025500131	0.0187530927	0.040130454700000005	0.17668499999999998
-0.0167150947	-0.0758558164	0.0474086033	0.05667289230000001	-0.0703401329	-0.0282111925	0.0817552165	0.18288900000000002	0.244968	0.0091987	-0.00713064	-0.0008531560000000001	0.00128843	-0.0163749266	0.074025312	0.0028025214	-0.004335002100000001	0.0968548498	-0.0530002868	0.12795829999999994
-0.0175816548	-0.0751363666	0.0495602034	0.0540432071	-0.0725613598	-0.023160599	0.0824186682	0.187229	0.171862	0.0625668	-0.00551124	-0.000455431	0.00161717	0.0811085427	0.014438596399999996	0.130409513	-0.0701566516	-0.01677195	-0.0963432486	0.2481073500000001
-0.0184461937	-0.0743823661	0.0516605288	0.0513141282	-0.0745740866	-0.018014183200000002	0.0826180512	0.171766	0.251211	0.0409968	-0.00571689	-0.00023275299999999999	0.0013732999999999998	0.1324312407	-0.027521685	-0.0348742289	0.0309027028	0.0146440968	-0.0092541709	0.14999189999999998
-0.019308612	-0.0735941614	0.0537074066	0.0484906747	-0.0763725302	-0.0127932372	0.0823522428	0.177625	0.155832	0.0150329	-0.00525985	-0.000520794	0.00184252	0.0513707009	-0.0573521561	-0.0285832951	0.0375874881	0.027541004700000003	-0.016761603899999998	0.18791695
-0.0201688105	-0.07277211509999999	0.0556987191	0.0455780395	-0.0779515227	-0.0075193617	0.08162273980000001	0.180265	0.250757	0.07945589999999997	-0.00703503	-0.000654895	0.00184252	-0.0270017373	-0.0129460713	-0.0028919326	-0.018293491	0.1526413417	0.0319297601	0.25745205000000004
-0.0210266903	-0.0719166052	0.05763240610000001	0.0425815792	-0.079306527	-0.0022143764	0.0804336496	0.188549	0.162182	-0.018965799999999998	-0.00630919	-0.000216645	0.00160388	-0.1368800016	-0.0486181178	-0.0166767902	0.08872601880000001	0.0606171353	0.0551064051	0.2654172
-0.0218821528	-0.0710280251	0.0595064671	0.039506804900000005	-0.0804336496	0.0030997705	0.0787916676	0.182005	0.201709	0.0599318	-0.00645071	-0.000610111	0.00144879	-0.0481818579	0.0387084584	0.1157200375	0.0134131141	-0.04859141980000002	0.0911164875	0.1594724
-0.0227350996	-0.0701067834	0.061318963	0.0363593716	-0.0813296518	0.0084010927	0.0767060391	0.17946800000000002	0.234042	0.032953500000000004	-0.00697288	-0.000705949	0.00140325	0.029917839900000007	0.0928608964	-0.0138367515	-0.0691673868	0.045318924100000005	0.0354594474	0.09502569999999999
-0.0235854328	-0.0691533037	0.0630680188	0.0331450678	-0.081991959	0.013667657	0.0741885076	0.173374	0.179749	0.0665316	-0.00562939	-0.00022202099999999998	0.00142823	0.1058874212	0.0398649093	0.0833381903	-0.0411096582	0.0078543608	-0.1032129442	0.186585
-0.0244330544	-0.06816802450000001	0.06475182480000001	0.0298698051	-0.0824186682	0.0188776742	0.0712532484	0.165516	0.25249299999999997	0.053030799999999996	-0.006622399999999999	-0.000317131	0.00142666	0.14829571519999998	-0.013443253999999998	0.0206300802	0.037056114	-0.0317358712	0.0395830021	0.14858730000000006
-0.0252778672	-0.0671513987	0.06636863900000001	0.0265396073	-0.0826085531	0.0240095886	0.0679167887	0.170898	0.15091099999999996	0.039693599999999996	-0.00512082	-0.00029003	0.00165584	0.0978255271	-0.0446435882	-0.0257025423	-0.0279437063	0.0603872983	-0.0364670697	0.20819425
-0.0261197739	-0.0661038941	0.0679167887	0.023160599	-0.0825610682	0.0290421682	0.064197915	0.162214	0.24766100000000002	0.0613687	-0.0055045	-0.000381176	0.00151361	0.0383030042	0.0053627758	-0.0368100577	0.0460424847	0.1237711588	0.0058901538	0.1579619
-0.0269586778	-0.0650259921	0.0693946722	0.0197389949	-0.08227635	0.0339545915	0.0601175669	0.172835	0.174764	-0.020843	-0.00504214	-0.00047019900000000003	0.00141375	-0.0901997387	-0.0871291559	-0.071520796	0.0833582063	0.0719720375	0.0652457786	0.19829185
-0.0277944824	-0.0639181885	0.0708007604	0.0162810877	-0.0817552165	0.0387265345	0.0556987191	0.172978	0.199399	0.0634063	-0.00590581	-0.00025436	0.00167223	-0.0805911637	-0.0100350877	0.0368934168	-0.0084462193	-0.0104774725	0.1056248752	0.17592675
-0.0286270917	-0.0627809927	0.0721335987	0.0127932372	-0.08099916509999999	0.04333825400000002	0.0509662528	0.164485	0.205556	-0.011528700000000001	-0.00625785	-0.000281041	0.0016385000000000002	-0.0653606756	0.0711352526	-0.0963354399	-0.0691187669	0.08667207730000001	-0.0151229656	0.11020755
-0.0294564099	-0.0616149276	0.073391808	0.0092818579	-0.0800103684	0.0477706702	0.0459468144	0.169569	0.12392	0.049693	-0.00491925	-0.000314428	0.00192877	0.046837135300000006	-0.0490561428	0.0037155562	-0.0542206991	-0.0004350501	-0.0624630967	0.23105455
-0.0302823417	-0.06042052940000001	0.0745740866	0.005753407800000001	-0.0787916676	0.0520054446	0.0406686668	0.179547	0.239159	0.0190272	-0.005816600000000001	-0.00037985	0.00207589	0.063536146	0.0592588814	-0.0721495365	0.0582806349	0.0542069568	-0.000207458	0.2113774
-0.0311047922	-0.0591983473	0.07567921150000001	0.0022143764	-0.0773465645	0.0560250569	0.0351615291	0.189804	0.142533	-0.00990101	-0.00474513	-0.0004445880000000001	0.00225863	-0.0445619393	0.0825383846	-0.0500656768	0.0695645806	-0.0132875284	-0.0447300957	0.20175861
-0.0319236667	-0.0579489435	0.0767060391	-0.0013287276999999998	-0.07567921150000001	0.0598128765	0.0294564099	0.179145	0.207788	0.0452599	-0.00537293	-0.000788188	0.00215768	-0.08620417529999999	0.0527428162	-0.0384488909	-0.0456241888	-0.0216288489	0.0709058023	0.18469241
-0.0327388711	-0.05667289230000001	0.0776535072	-0.004869388	-0.0737943996	0.0633532322	0.0235854328	0.18016300000000002	0.223152	0.056561300000000016	-0.00481886	-0.000523303	0.00258298	-0.0963172838	-0.068819323	-0.0707132525	-0.139751829	-0.007510955699999999	0.004094975	0.08989614999999995
-0.0335503118	-0.0553707806	0.0785206355	-0.0084010927	-0.0716975448	0.06663147650000001	0.0175816548	0.222229	0.163655	0.0179738	-0.00437531	-0.00158581	0.00298741	-0.1051668056	0.0334034319	0.0021886479	0.0936991559	-0.0662158208	-0.0147864396	0.23567485
-0.0343578954	-0.0540432071	0.079306527	-0.0119173466	-0.0693946722	0.06963404620000001	0.0114788812	0.21908200000000005	0.21622600000000008	0.0545755	-0.00502811	-0.00123892	0.0029428	-0.0307700328	-7.54627e-05	-0.014301159	-0.0569778834	-0.0946308435	0.056200751900000005	0.14453470000000002
-0.0351615291	-0.0526907823	0.0800103684	-0.0154116826	-0.0668923989	0.07234851889999999	0.0053114742	0.22735	0.16556500000000002	-0.00473358	-0.00404074	-0.0013985	0.00298766	-0.0355642032	-0.0346408509	-0.0863328138	0.07111505139999999	-0.0835281361	-0.0029359538	0.17782858
-0.0359611205	-0.0513141282	0.0806314317	-0.0188776742	-0.064197915	0.0747636639	-0.0008858397	0.21182600000000001	0.22806700000000002	0.0510437	-0.00489254	-0.00116344	0.00320139	-0.05726812980000001	0.0635853551	-0.0022963046	-0.0025545493	-0.0715840873	0.0104922825	0.19883278
-0.0367565777	-0.0499138777	0.0811690742	-0.022308946800000003	-0.061318963	0.076869489	-0.0070781657	0.221516	0.16286	0.029666500000000002	-0.00394727	-0.00103504	0.00326524	-0.0643215315	-0.0835037768	-0.1102986621	-0.0548401162	-0.0405247003	-0.0145772701	0.15315020000000001
-0.0375478092	-0.0484906747	0.08162273980000001	-0.0256991899	-0.0582638153	0.0786572819	-0.0132306372	0.217244	0.21140799999999998	0.061107	-0.00503838	-0.0013235	0.00313861	-0.08874068560000001	-0.0470795154	0.0895515506	0.0378198127	-0.0416177842	0.0241923159	0.1595705
-0.0383347241	-0.0470451738	0.081991959	-0.0290421682	-0.0550412506	0.0801196458	-0.019308612	0.21356	0.206447	0.0133193	-0.00492143	-0.00148273	0.00290853	-0.0999024948	0.0532504376	-0.0428625228	-0.0257593374	0.0303701528	-0.0825486807	0.08174570000000002
-0.0391172318	-0.0455780395	0.08227635	-0.0323317335	-0.0516605288	0.0812505306	-0.0252778672	0.18274400000000002	0.167349	0.0690501	-0.00482744	-0.00056118	0.00276991	-0.06178298610000001	-0.0934932415	0.1294793739	-0.0765847883	0.00268374	-0.1309544567	0.18335279999999998
-0.0398952426	-0.044089946500000005	0.08247561839999999	-0.035561835800000004	-0.0481313641	0.0820452574	-0.0311047922	0.198392	0.20855300000000002	0.051983400000000006	-0.00601809	-0.0010494000000000002	0.00253589	0.0021619127	-0.077370686	0.022502099	0.05493276440000002	0.0631606045	-0.0475836627	0.16956320000000008
-0.0406686668	-0.0425815792	0.0825895581	-0.0387265345	-0.0444638974	0.0825005382	-0.0367565777	0.196553	0.141093	0.0646748	-0.00511376	-0.0011748100000000005	0.00261482	0.0366358291	0.0581678229	0.1132985355	0.0501520348	-0.047733837300000005	-0.08717937869999999	0.13742390000000002
-0.0414374156	-0.0410536312	0.0826180512	-0.0418200091	-0.0406686668	0.0826144894	-0.0422014006	0.193944	0.241488	0.051284199999999995	-0.00539029	-0.00088562	0.00251064	0.16081178710000002	0.0400830593	0.016600423	-0.032755505	-0.053863285	-0.0091682713	0.14988959999999998
-0.0422014006	-0.039506804900000005	0.0825610682	-0.0448365703	-0.0367565777	0.0823866395	-0.0474086033	0.197209	0.150057	0.0430348	-0.00507722	-0.00120843	0.00274699	0.186496592	-0.0223607543	-0.0413524021	-0.0011172346	-0.0121942943	-0.0690829458	0.14655689999999996
-0.042960534	-0.0379418119	0.0824186682	-0.0477706702	-0.0327388711	0.0818179311	-0.0523488658	0.203379	0.22120599999999999	0.037949300000000005	-0.00494382	-0.0013674300000000006	0.00301967	0.1274027463	0.0537920009	-0.0501952099	0.0553602517	0.0836933141	-0.0088115468	0.11065850000000003
-0.0437147285	-0.0363593716	0.0821909983	-0.0506169125	-0.0286270917	0.0809107173	-0.056994371399999987	0.22183899999999998	0.16183599999999998	0.0593515	-0.00449791	-0.00169545	0.00318185	0.0094565656	0.0941693164	-0.0014422151000000002	0.035798424100000004	0.0091165844	-0.0520963174	0.14603770000000002
-0.0444638974	-0.0347602118	0.0818782943	-0.0533700625	-0.0244330544	0.0796687514	-0.061318963	0.21213600000000002	0.231269	0.052674599999999995	-0.0045705	-0.00125952	0.00305073	-0.015900111	0.0091074054	-0.08746822929999999	-0.0704988767	-0.094714789	0.0853799541	0.11779489999999998
-0.0452079546	-0.0331450678	0.0814808795	-0.0560250569	-0.0201688105	0.0780971719	-0.0652982905	0.21777600000000005	0.153646	0.06690039999999997	-0.00436823	-0.00125952	0.00352313	-0.0575392312	-0.0938251723	-0.0246659227	0.0166085713	-0.0395554437	0.0276831389	0.1312223
-0.0459468144	-0.0315146823	0.08099916509999999	-0.0585770125	-0.0158466129	0.0762024808	-0.0689099476	0.209632	0.22912600000000002	0.06573179999999999	-0.0051284	-0.00125952	0.00326961	-0.0812436165	0.0337142486	0.0017167126999999998	-0.0257618481	0.0368313641	0.0255476871	0.13547709999999996
-0.0466803921	-0.0298698051	0.0804336496	-0.0610212361	-0.0114788812	0.07399251700000001	-0.0721335987	0.210402	0.148636	0.0670537	-0.00449336	-0.00135755	0.0032485	-0.1111831467	-0.0110490145	0.0249041462	-0.1167652433	0.0045911024	-0.0836387204	0.12029089999999998
-0.0474086033	-0.0282111925	0.079784918	-0.0633532322	-0.0070781657	0.0714764238	-0.0749510924	0.218281	0.223675	0.051909699999999996	-0.00503598	-0.00148482	0.00315275	0.0005161957	-0.0250739331	0.0605252973	0.0346513079	0.0444567732	-0.0466383696	0.136344
-0.0481313641	-0.0265396073	0.0790536414	-0.0655687121	-0.0026571115999999995	0.068664611	-0.0773465645	0.223072	0.139895	0.0611225	-0.00443051	-0.00129423	0.00345785	0.030426767200000007	0.0637535313	0.0145118433	-0.0230441015	-0.0091357512	-0.0701375251	0.15284179999999994
-0.048848591600000005	-0.024855818	0.0782405765	-0.06766360099999999	0.0017715775	0.0655687121	-0.079306527	0.222545	0.23579099999999997	0.0760546	-0.00488284	-0.0012715300000000005	0.00328441	0.07122395570000001	-0.07664899389999999	0.0315530995	-0.0061024127	-0.0293373158	0.049583181100000005	0.14377860000000006
-0.0495602034	-0.023160599	0.0773465645	-0.06963404620000001	0.0061951761	0.0622015356	-0.0808199441	0.233465	0.149276	0.0490661	-0.00432629	-0.00154061	0.00349456	-0.0121096032	0.0153748012	-0.0329104685	0.0874800892	-0.0654661152	0.0172101099	0.1762125
-0.0502661174	-0.0214547298	0.0763725302	-0.0714764238	0.0106009733	0.0585770125	-0.0818782943	0.239179	0.20777800000000002	0.13823800000000006	-0.00612139	-0.00171923	0.00355101	-0.0135103588	0.0578394013	0.122309768	-0.0465045715	-0.0082235467	0.07450365980000001	0.25489639999999997
-0.0509662528	-0.0197389949	0.0753194814	-0.07318734519999999	0.0149763093	0.0547101387	-0.08247561839999999	0.224404	0.204012	0.08756030000000001	-0.00643517	-0.0017370999999999999	0.0028595	0.0150673469	-0.0920615929	0.040362959	-0.0348666559	0.0549425061	0.0342553276	0.12037669999999998
-0.0516605288	-0.018014183200000002	0.0741885076	-0.0747636639	0.019308612	0.0506169125	-0.0826085531	0.21156	0.169452	0.10494300000000001	-0.00584796	-0.0018674	0.00309032	0.06449904719999999	-0.0747182917	0.1144277727	0.0131787756	0.0032041439000000003	-0.0421644373	0.11220319999999996
-0.0523488658	-0.0162810877	0.0729807789	-0.0762024808	0.0235854328	0.0463142688	-0.08227635	0.21938400000000002	0.241461	0.0631829	-0.00627188	-0.00173135	0.00290217	0.1129245427	0.0014630557999999998	0.0421583937	0.0513876167	0.0828472611	-0.0488060537	0.15899909999999998
-0.0530311845	-0.0145405056	0.0716975448	-0.0775011496	0.0277944824	0.0418200091	-0.0814808795	0.221054	0.141455	0.0743158	-0.0052537	-0.0015930999999999999	0.00315709	0.1047085395	0.08964749949999999	0.0236874486	0.082352516	-0.0095237679	0.0112823502	0.1833764
-0.0537074066	-0.0127932372	0.0703401329	-0.0786572819	0.0319236667	0.0371527273	-0.08022662059999999	0.217723	0.29834499999999997	0.09125470000000001	-0.00596051	-0.0015210999999999998	0.00342666	0.0950542668	0.0294387934	0.0406630817	-0.0519680949	0.0034663035	0.1866622357	0.22957889999999997
-0.0543774543	-0.0110400859	0.0689099476	-0.0796687514	0.0359611205	0.0323317335	-0.0785206355	0.275765	0.101132	0.013739500000000005	-0.00246329	-0.00159026	0.0042257	0.0573518991	-0.0001739475	-0.1380305147	-0.033667026	-0.013353255	-0.06297932519999999	0.5510411999999999
-0.0550412506	-0.0092818579	0.06740846860000001	-0.0805336979	0.0398952426	0.0273769736	-0.0763725302	0.262374	0.08312569999999997	-0.0170106	-0.00228755	-0.00154192	0.00417062	0.0594869183	0.07222185019999999	-0.1235350062	-0.0345781532	-0.1238714356	-0.0617102544	0.07610539999999998
-0.0556987191	-0.0075193617	0.0658372492	-0.0812505306	0.0437147285	0.022308946800000003	-0.0737943996	0.27525900000000003	0.208193	-0.00446084	-0.00367664	-0.00165331	0.004103	0.0925817743	0.0279476622	-0.1171758696	0.0465183914	-0.0153921743	-0.0268471743	0.22890706
-0.05634978440000001	-0.005753407800000001	0.064197915	-0.0818179311	0.0474086033	0.017148621200000002	-0.0708007604	0.275958	0.13019900000000004	0.0239602	-0.00296963	-0.00164452	0.00447565	0.0149780094	0.0915084266	-0.0310266224	-0.0021836324	-0.0693263574	-0.089311401	0.16153654000000006
-0.056994371399999987	-0.0039848083	0.0624921622	-0.0822348559	0.0509662528	0.0119173466	-0.06740846860000001	0.27565700000000004	0.24937600000000001	0.00671149	-0.0038588999999999997	-0.00171117	0.00438887	-0.0136334512	-0.07537232769999999	-0.0428437234	0.0190920312	-0.057229564	0.0352661799	0.18886171
-0.05763240610000001	-0.0022143764	0.0607217553	-0.0825005382	0.0543774543	0.0066367663	-0.0636366248	0.24889699999999998	0.151362	0.0212449	-0.0035238	-0.002203	0.00416407	-0.1176724002	-0.0017369736	-0.0745012825	0.0751626019	-0.0296653558	-0.011880541299999998	0.19189391
-0.0582638153	-0.0004429262	0.0588885262	-0.0826144894	0.05763240610000001	0.0013287276999999998	-0.0595064671	0.253276	0.269405	0.047016	-0.00383815	-0.0019428000000000002	0.00443073	-0.0952039048	-0.0337145965	-0.0042882174	-0.0681860784	-0.0239238563	0.0617014711	0.1902536
-0.0588885262	0.0013287276999999998	0.056994371399999987	-0.08257649980000001	0.0607217553	-0.0039848083	-0.0550412506	0.247585	0.17094600000000001	0.0462815	-0.00328115	-0.00181257	0.00436385	-0.0901522254	-0.1003225927	-0.0806515993	-0.0100232455	0.030459839300000006	-0.0527484208	0.14259000000000002
-0.0595064671	0.0030997705	0.0550412506	-0.0823866395	0.0636366248	-0.0092818579	-0.0502661174	0.244704	0.235796	0.13284100000000001	-0.00449967	-0.00190378	0.00462712	-0.066358091	-0.1196271171	0.125979518	-0.0267198203	0.0286503484	0.016250473799999998	0.23294050000000002
-0.0601175669	0.004869388	0.0530311845	-0.0820452574	0.06636863900000001	-0.0145405056	-0.0452079546	0.255664	0.19041	0.036231099999999995	-0.00408601	-0.00198462	0.00401447	-0.0989106271	-0.0913666633	0.0056930289	0.0682385616	0.0668828249	-0.01386976	0.2083134
-0.0607217553	0.0066367663	0.0509662528	-0.0815529816	0.0689099476	-0.0197389949	-0.0398952426	0.24452	0.141746	0.05972869999999999	-0.00466543	-0.00174169	0.00358725	-0.0221859549	-0.0484525916	0.1146017849	0.0253840054	-0.0007629135000000001	-0.02950915	0.14578409999999994
-0.061318963	0.0084010927	0.048848591600000005	-0.0809107173	0.0712532484	-0.024855818	-0.0343578954	0.23983200000000002	0.228368	0.0645009	-0.00531263	-0.00181906	0.00379698	0.0524112112	0.0049099165	0.0390599899	0.0117191175	0.0036215539	0.0290431927	0.1427972
-0.0619091212	0.010161556	0.0466803921	-0.0801196458	0.073391808	-0.0298698051	-0.0286270917	0.237875	0.146302	0.051208900000000016	-0.00462768	-0.00148599	0.00354841	0.0388430288	0.013253833	0.06900319889999999	0.0541398625	-0.0390089301	-0.0237782877	0.1606444999999999
-0.0624921622	0.0119173466	0.0444638974	-0.0791812221	0.0753194814	-0.0347602118	-0.0227350996	0.23403000000000002	0.204784	0.09647069999999999	-0.00480909	-0.00147937	0.00359573	0.08576702189999999	-0.0157665983	0.045041881	0.0126674614	-0.0288304215	0.08016016690000001	0.11935630000000005
-0.0630680188	0.013667657	0.0422014006	-0.0780971719	0.0770307297	-0.039506804900000005	-0.0167150947	0.219908	0.20769200000000002	0.0525245	-0.00451787	-0.00142116	0.00337827	0.0228723639	0.062646178	-0.0039320022	0.0263984719	0.0402217998	0.013145516	0.0893207
-0.0636366248	0.0154116826	0.0398952426	-0.076869489	0.0785206355	-0.044089946500000005	-0.0106009733	0.21769499999999997	0.152495	0.07522049999999998	-0.00379336	-0.00119157	0.00327919	-0.0312209045	0.0396585782	0.0381454537	0.0440043868	0.0122250219	0.06335531009999999	0.13276500000000002
-0.064197915	0.017148621200000002	0.0375478092	-0.0755004314	0.079784918	-0.0484906747	-0.0044271617	0.214092	0.254228	0.0805125	-0.00489986	-0.00134015	0.00310812	-0.0613130562	0.0527773488	0.0003078786	-0.0779092561	0.050415421	0.1320564149	0.1819355
-0.06475182480000001	0.0188776742	0.0351615291	-0.07399251700000001	0.0808199441	-0.0526907823	0.0017715775	0.225068	0.15927	0.0959643	-0.00395215	-0.00106425	0.00330917	-0.1051912909	0.0936879476	-0.022640641800000003	-0.0286413415	0.0792835721	0.0222471525	0.19261880000000006
-0.0652982905	0.0205980464	0.0327388711	-0.07234851889999999	0.08162273980000001	-0.05667289230000001	0.0079603416	0.217102	0.209358	0.12521300000000002	-0.00448177	-0.00136397	0.00319782	-0.0577380783	0.019091217	0.08143672219999999	0.0090582066	-0.07783450360000001	0.1570502998	0.13433720000000002
-0.0658372492	0.022308946800000003	0.0302823417	-0.0705714608	0.0821909983	-0.06042052940000001	0.014104284	0.21358000000000002	0.223	0.08647339999999999	-0.0047903	-0.00125566	0.00300341	-0.0891302559	0.054635229	-0.0371974962	-0.0463525822	0.038426332	0.0802683944	0.08646609999999998
-0.06636863900000001	0.0240095886	0.0277944824	-0.068664611	0.0825230869	-0.0639181885	0.0201688105	0.214302	0.16472799999999999	0.116317	-0.00442465	-0.000984683	0.0031598000000000004	-0.046425425	0.0495775742	0.094989559	-0.1047110764	0.030049313900000006	-0.0109575706	0.12848845
-0.0668923989	0.0256991899	0.0252778672	-0.06663147650000001	0.0826180512	-0.0671513987	0.0261197739	0.22082	0.203703	0.08076569999999997	-0.00452805	-0.0010817200000000002	0.00289132	0.017046185800000002	-0.059342241	-0.0672999447	0.0325462306	0.0204305581	-0.0040180691	0.10449014999999996
-0.06740846860000001	0.0273769736	0.0227350996	-0.0644757965	0.08247561839999999	-0.0701067834	0.0319236667	0.22136599999999998	0.163641	0.10750499999999999	-0.00490001	-0.0008423860000000001	0.00305984	0.0443037495	-0.0742601299	0.021224709900000003	0.046198231	0.0471035698	-0.0671046936	0.10633800000000004
-0.0679167887	0.0290421682	0.0201688105	-0.0622015356	0.0820961977	-0.07277211509999999	0.0375478092	0.22439099999999998	0.22485	0.07742899999999997	-0.00468847	-0.00101941	0.0030195	0.0137513899	0.0676918511	-0.0735029358	0.0207385472	0.0851066713	-0.0584663038	0.11575519999999995
-0.0684173009	0.030694008	0.0175816548	-0.0598128765	0.0814808795	-0.0751363666	0.042960534	0.234805	0.157351	0.114849	-0.00441129	-0.000938173	0.00318504	-0.0135046928	0.0843886305	0.0921041752	-0.0260542828	-0.0197177152	-0.06656932139999999	0.14153085
-0.0689099476	0.0323317335	0.0149763093	-0.0573142124	0.0806314317	-0.0771897563	0.0481313641	0.214428	0.25943099999999997	0.0822751	-0.00451139	-0.000684915	0.00277071	0.0258621046	-0.0766684189	-0.0627287874	-0.031378261	0.0088942652	0.0233956554	0.19341529999999998
-0.0693946722	0.0339545915	0.0123554694	-0.0547101387	0.0795502952	-0.0789237887	0.0530311845	0.234231	0.06271950000000001	0.0179987	-0.00374364	-0.00110476	0.00295705	0.0069323209	0.0534974183	-0.0307271771	0.1060511881	-0.0454645455	-0.0704346327	0.34948765000000004
-0.0698714189	0.035561835800000004	0.0097218466	-0.0520054446	0.0782405765	-0.0803312895	0.05763240610000001	0.21455100000000002	0.211865	0.061747699999999996	-0.00430857	-0.000818803	0.00252728	0.0668998575	0.0317056259	-0.06735666309999999	-0.0367262927	-0.0807686733	0.030451839100000006	0.27660735
-0.0703401329	0.0371527273	0.0070781657	-0.0492051046	0.0767060391	-0.0814064355	0.0619091212	0.23563699999999999	0.146003	0.050976	-0.00369597	-0.00080229	0.00307393	0.0848704459	-0.0525968678	-0.0473486333	0.0584777881	-0.0546775362	-0.0078575187	0.15650785000000006
-0.0708007604	0.0387265345	0.0044271617	-0.0463142688	0.0749510924	-0.0821447785	0.0658372492	0.232589	0.249323	0.09136760000000001	-0.00491662	-0.00103996	0.00323257	0.06636891860000001	0.0530033975	-0.0299649489	-0.0090069486	0.0006418439	0.0077303836	0.22760760000000005
-0.0712532484	0.0402825336	0.0017715775	-0.04333825400000002	0.0729807789	-0.0825432638	0.0693946722	0.244144	0.16388	0.07748109999999997	-0.00399885	-0.00115075	0.00339565	-0.0005442965000000001	0.0012892000000000001	-0.045634670700000005	-0.0898757515	-0.0444330784	-0.0498425276	0.1704665
-0.0716975448	0.0418200091	-0.0008858397	-0.0402825336	0.0708007604	-0.0826002426	0.0725613598	0.253214	0.258817	0.120645	-0.00534548	-0.00144052	0.00340846	-0.0141499154	-0.0411476019	0.004943409	0.016214778	0.047693038499999986	0.0053849153	0.22963139999999999
-0.0721335987	0.04333825400000002	-0.0035423403000000007	-0.0371527273	0.0684173009	-0.0823154793	0.0753194814	0.254917	0.187659	0.09640599999999999	-0.00480429	-0.00165614	0.0037254	-0.0967154866	0.0469436753	-0.0123378163	0.029159071	0.033922542	-0.0143819499	0.1507875
-0.0725613598	0.0448365703	-0.0061951761	-0.0339545915	0.0658372492	-0.0816901521	0.0776535072	0.250672	0.246219	0.112876	-0.00486346	-0.00140615	0.00357303	-0.07750067440000001	-0.0467939726	0.0041505034	-0.056955086399999987	-0.0376611222	0.0474412058	0.10235149999999996
-0.0729807789	0.0463142688	-0.0088416023	-0.030694008	0.0630680188	-0.080726848	0.0795502952	0.243335	0.12244100000000001	0.125317	-0.00436312	-0.00164611	0.00352613	-0.0493802306	-0.1215872707	0.0115822461	0.0048506587	0.0044925959	-0.0197827634	0.182916
-0.073391808	0.0477706702	-0.0114788812	-0.0273769736	0.0601175669	-0.0794295525	0.08099916509999999	0.244146	0.22608899999999998	0.113239	-0.00553379	-0.0014597499999999995	0.00336591	-0.0029076602000000003	0.0041412124	0.0261722142	0.01325791	0.0191326343	-0.0193941041	0.19239950000000008
-0.0737943996	0.0492051046	-0.014104284	-0.0240095886	0.056994371399999987	-0.077803633	0.081991959	0.24575300000000005	0.136206	0.09354130000000001	-0.00409402	-0.00133889	0.00367827	-0.022371901	0.0653342861	-0.0254658234	-0.07484972	-0.0072722694	-0.0735576791	0.20483720000000002
-0.0741885076	0.0506169125	-0.0167150947	-0.0205980464	0.0537074066	-0.0758558164	0.0825230869	0.22619099999999998	0.231239	0.154646	-0.00507792	-0.0014872799999999995	0.00360987	-0.0049437622	-0.0589554953	0.026161264500000003	-0.0356411067	-0.025997688	0.0404748167	0.2357342
-0.0745740866	0.0520054446	-0.019308612	-0.017148621200000002	0.0502661174	-0.0735941614	0.0825895581	0.232525	0.17486400000000002	0.08244329999999997	-0.004748	-0.0015265	0.00342858	-0.0696174914	-0.08536565759999999	-0.0125218523	0.0707441298	-0.0245372902	-0.0075229697999999985	0.16243320000000006
-0.0749510924	0.0533700625	-0.0218821528	-0.013667657	0.0466803921	-0.0710280251	0.0821909983	0.22816599999999998	0.228077	0.155503	-0.00590539	-0.0015724	0.00322547	-0.0092331097	0.0162149533	0.1402820894	0.0022470249	-0.033092226	0.0359894127	0.20095170000000004
-0.0753194814	0.0547101387	-0.0244330544	-0.010161556	0.042960534	-0.06816802450000001	0.0813296518	0.236039	0.18851700000000002	0.10313900000000001	-0.00482381	-0.0013483900000000005	0.00341147	0.0472087912	0.0375231169	-0.0376891593	-0.08657950980000001	-0.0212793959	-0.037592058	0.17437650000000002
-0.07567921150000001	0.0560250569	-0.0269586778	-0.0066367663	0.0391172318	-0.0650259921	0.0800103684	0.22637100000000002	0.22879000000000002	0.168731	-0.00588929	-0.00139756	0.00336858	0.0941221195	-0.0337293502	0.0771550273	-0.038068953	-0.0021012488	-0.0308669887	0.17340999999999998
-0.0760302412	0.0573142124	-0.0294564099	-0.0030997705	0.0351615291	-0.0616149276	0.0782405765	0.226041	0.202216	0.0857005	-0.00487861	-0.00159317	0.00317734	0.0319544088	-0.048929647400000005	-0.0587406118	0.115213435	0.0038564492	-0.0098237136	0.17981099999999994
-0.0763725302	0.0585770125	-0.0319236667	0.0004429262	0.0311047922	-0.0579489435	0.0760302412	0.225367	0.18035	0.15516	-0.00545251	-0.00152736	0.00333993	-0.0112333617	-0.0030675962	0.067267849	0.036111842000000005	-0.0363017761	-0.00699158	0.13211449999999994
-0.0767060391	0.0598128765	-0.0343578954	0.0039848083	0.0269586778	-0.0540432071	0.073391808	0.23069099999999998	0.22891199999999998	0.08943789999999999	-0.00544172	-0.00176341	0.00304641	-0.0349750248	0.0734367995	-0.08213615769999999	-0.0642995033	0.0937236645	-0.0124424399	0.1466261
-0.0770307297	0.0610212361	-0.0367565777	0.0075193617	0.0227350996	-0.0499138777	0.0703401329	0.227358	0.154333	0.14181	-0.00511104	-0.00152242	0.00320857	0.0267393215	-0.0032507563	0.0848836783	-0.06772224610000001	0.0235629106	-0.0772182248	0.1669756
-0.0773465645	0.0622015356	-0.0391172318	0.0110400859	0.0184461937	-0.0455780395	0.0668923989	0.22803299999999999	0.227046	0.08597510000000001	-0.00539586	-0.00146571	0.00319007	0.0677811603	-0.0297809147	-0.0855528041	0.1067240454	0.0215361854	0.0137950221	0.14722439999999998
-0.0776535072	0.0633532322	-0.0414374156	0.0145405056	0.014104284	-0.0410536312	0.0630680188	0.229998	0.12999000000000002	0.11511600000000001	-0.00520393	-0.00179715	0.00323828	0.0347500651	0.0281943273	0.0400175909	0.0979186999	-0.030553122400000007	-0.007332118	0.1567409
-0.0779515227	0.0644757965	-0.0437147285	0.018014183200000002	0.0097218466	-0.0363593716	0.0588885262	0.228338	0.246631	0.09672280000000001	-0.00548259	-0.00136293	0.00315941	0.0288258407	0.0641420467	-0.0925066102	-0.0349290636	-0.0188558871	0.0835181579	0.1762817
-0.0782405765	0.0655687121	-0.0459468144	0.0214547298	0.0053114742	-0.0315146823	0.0543774543	0.236762	0.151542	0.141484	-0.005035899999999999	-0.00136293	0.00358594	0.0013595734	-0.029556684500000006	0.0149950192	-0.083687435	0.0249418886	-0.0623864119	0.1919352
-0.0785206355	0.06663147650000001	-0.0481313641	0.024855818	0.0008858397	-0.0265396073	0.0495602034	0.229539	0.250742	0.14898499999999998	-0.005920600000000001	-0.00148051	0.00320169	0.005724054300000001	-0.0198608575	-0.0463038151	0.0583328292	0.0858457598	0.0382613035	0.1832505
-0.0787916676	0.06766360099999999	-0.0502661174	0.0282111925	-0.0035423403000000007	-0.0214547298	0.0444638974	0.250693	0.179144	0.127354	-0.0052015	-0.00164113	0.00360541	-0.0759941842	0.0335588896	0.0098280606	0.0525016209	0.0022610979	-0.0260508786	0.178555
-0.0790536414	0.068664611	-0.0523488658	0.0315146823	-0.0079603416	-0.0162810877	0.0391172318	0.247152	0.250125	0.167009	-0.00656985	-0.00136293	0.00320802	-0.0128730158	-0.0030416419	-0.0289192142	-0.062021671	-0.025653974500000003	0.0977361225	0.21637399999999998
-0.079306527	0.06963404620000001	-0.0543774543	0.0347602118	-0.0123554694	-0.0110400859	0.0335503118	0.27114	0.166706	0.11035199999999999	-0.00557232	-0.00117568	0.00360599	0.0009701427	-0.0941231842	-0.020873927	-0.0094397116	0.0349517682	0.0013548381	0.2432015
-0.0795502952	0.0705714608	-0.05634978440000001	0.0379418119	-0.0167150947	-0.005753407800000001	0.0277944824	0.258911	0.271321	0.128094	-0.00676032	-0.00175805	0.00318054	0.0293210292	0.0035822257	-0.0162247847	0.0552768099	0.0430058353	-0.0157527251	0.244377
-0.079784918	0.0714764238	-0.0582638153	0.0410536312	-0.0210266903	-0.0004429262	0.0218821528	0.254288	0.155309	0.10688800000000001	-0.00530164	-0.00155142	0.00323691	0.0721039576	0.0635741412	0.0333574288	-0.0515696841	0.0141509458	-0.118939408	0.227925
-0.0800103684	0.07234851889999999	-0.0601175669	0.044089946500000005	-0.0252778672	0.004869388	0.0158466129	0.25345100000000004	0.24443600000000001	0.184281	-0.00636248	-0.00139298	0.00338197	0.1696212192	-0.0018023441	0.0746727789	-0.0415895633	-0.0186850216	-0.0091556264	0.2355740000000001
-0.08022662059999999	0.07318734519999999	-0.0619091212	0.0470451738	-0.0294564099	0.010161556	0.0097218466	0.269717	0.173183	0.116922	-0.00557972	-0.00137386	0.0034875999999999996	0.1179025829	-0.0273740679	-0.0586846834	0.1085021417	-0.0047041976	-0.0247296268	0.2002535
-0.0804336496	0.07399251700000001	-0.0636366248	0.0499138777	-0.0335503118	0.0154116826	0.0035423403000000007	0.252512	0.215696	0.184239	-0.00608523	-0.00133662	0.00335563	0.0817126561	0.0553415998	-0.0402966886	-0.0221842264	0.0137213319	0.048399316100000006	0.16077099999999994
-0.0806314317	0.0747636639	-0.0652982905	0.0526907823	-0.0375478092	0.0205980464	-0.0026571115999999995	0.269542	0.202372	0.12428	-0.00525756	-0.00165787	0.00357446	-0.0528477539	0.0871375762	-0.0536565338	-0.0833962114	0.0763415856	-0.0465210587	0.15870050000000002
-0.0808199441	0.0755004314	-0.0668923989	0.0553707806	-0.0414374156	0.0256991899	-0.0088416023	0.264404	0.22128299999999998	0.22111599999999998	-0.00658879	-0.00199505	0.00353699	-0.0217684733	-0.0591097596	0.0526276757	-0.0910762811	0.0602847029	0.0405375896	0.20617900000000008
-0.08099916509999999	0.0762024808	-0.0684173009	0.0579489435	-0.0452079546	0.030694008	-0.0149763093	0.269434	0.228392	0.12601700000000002	-0.00601267	-0.0016853599999999995	0.00336486	-0.0433658229	0.08742257960000001	-0.056831611	0.0578388103	0.0753620846	-0.0095268383	0.16013500000000006
-0.0811690742	0.076869489	-0.0698714189	0.06042052940000001	-0.048848591600000005	0.035561835800000004	-0.0210266903	0.280237	0.212496	0.210711	-0.00642187	-0.00165011	0.0037122	-0.0611442982	0.0256179136	0.0018459983	-0.0668738836	-0.0134767644	0.015677248	0.1509825
-0.0813296518	0.0775011496	-0.0712532484	0.0627809927	-0.0523488658	0.0402825336	-0.0269586778	0.269818	0.235354	0.14513099999999998	-0.00611372	-0.00165614	0.00346141	-0.0712651575	-0.029750588	-0.0307323518	0.0930353194	0.0321187986	0.047625119400000006	0.12710550000000004
-0.0814808795	0.0780971719	-0.0725613598	0.0650259921	-0.0556987191	0.0448365703	-0.0327388711	0.26429899999999995	0.185274	0.182884	-0.00577037	-0.00166259	0.00370224	-0.0757806754	0.0432260758	0.045545478499999986	0.0239176176	-0.0133454152	-0.0624262787	0.12288349999999998
-0.08162273980000001	0.0786572819	-0.0737943996	0.0671513987	-0.0588885262	0.0492051046	-0.0383347241	0.25209000000000004	0.27109099999999997	0.163303	-0.00646318	-0.00175807	0.00325016	-0.017507753600000002	-0.0806239334	-0.029717208	-0.0004024676	0.0024594316	0.0639136729	0.17962550000000002
-0.0817552165	0.0791812221	-0.0749510924	0.0691533037	-0.0619091212	0.0533700625	-0.0437147285	0.26379400000000003	0.158948	0.176405	-0.00540648	-0.00164273	0.00348407	-0.0486756362	0.0462228652	0.0186792194	0.0561483459	-0.042543410700000006	0.0067210373	0.20724650000000008
-0.0818782943	0.0796687514	-0.0760302412	0.0710280251	-0.06475182480000001	0.0573142124	-0.048848591600000005	0.242853	0.260678	0.20750100000000002	-0.00653276	-0.00164613	0.00340493	-0.0044419004	0.0042884148	0.0154804954	-0.030695303	-0.0473457835	0.1592452098	0.21420799999999998
-0.081991959	0.0801196458	-0.0770307297	0.07277211509999999	-0.06740846860000001	0.0610212361	-0.0537074066	0.274679	0.195796	0.180497	-0.00551129	-0.0009812619999999999	0.00379299	-0.0609259978	-0.0350639848	-0.0328345302	-0.0549870055	0.016785489	-0.026044044	0.2274319
-0.0820961977	0.0805336979	-0.0779515227	0.0743823661	-0.0698714189	0.0644757965	-0.0582638153	0.261997	0.191858	0.232579	-0.00656722	-0.00108387	0.00365756	-0.0334030905	-0.0186233671	0.1340017207	-0.0175930396	0.0338287477	-0.1031781424	0.13340040000000006
-0.0821909983	0.0809107173	-0.0787916676	0.0758558164	-0.0721335987	0.06766360099999999	-0.0624921622	0.250161	0.25188	0.194231	-0.00672504	-0.00163847	0.00324722	-0.0224047684	-0.0704093889	-0.0086377216	0.0026513919	0.0480340587	-0.0621479633	0.16634399999999994
-0.08227635	0.0812505306	-0.0795502952	0.0771897563	-0.0741885076	0.0705714608	-0.06636863900000001	0.253551	0.163936	0.177034	-0.00649142	-0.00151138	0.00324026	0.0247615001	-0.1243119103	0.1059941005	0.0333567114	-3.77249e-05	0.0064896621	0.12691449999999993
-0.0823522428	0.0815529816	-0.08022662059999999	0.0783817324	-0.0760302412	0.07318734519999999	-0.0698714189	0.25152399999999997	0.260056	0.166851	-0.00649142	-0.0013965	0.00313245	0.1459960977	0.0287578721	0.0440849152	0.030905812400000007	-0.0107787358	0.0524746827	0.1194645
-0.0824186682	0.0818179311	-0.0808199441	0.0794295525	-0.0776535072	0.0755004314	-0.0729807789	0.265208	0.189149	0.147741	-0.00568368	-0.00159948	0.00364617	0.1376167024	0.1202738375	-0.0609437647	0.0021036712	-0.0492085253	-0.0001793229	0.17992299999999994
-0.08247561839999999	0.0820452574	-0.0813296518	0.0803312895	-0.0790536414	0.0775011496	-0.07567921150000001	0.246921	0.23080799999999999	0.200951	-0.00580369	-0.0012499	0.0034717	0.0912409508	0.0616000141	-0.0173193488	0.0401064297	-0.1246605097	0.13632525410000002	0.145359
-0.0825230869	0.0822348559	-0.0817552165	0.0810852849	-0.08022662059999999	0.0791812221	-0.0779515227	0.266	0.235963	0.14415799999999998	-0.00501884	-0.00115263	0.00344632	-0.0446579863	0.0542397253	-0.0848546248	-0.0282029627	-0.0466771297	0.0519321783	0.126402
-0.0825610682	0.0823866395	-0.0820961977	0.0816901521	-0.0811690742	0.0805336979	-0.079784918	0.260604	0.195613	0.195267	-0.00478259	-0.00124551	0.00361562	-0.0919854493	0.0217005892	0.0266205046	-0.03666741	-0.0661045221	0.0157654674	0.12177650000000001
-0.0825895581	0.0825005382	-0.0823522428	0.0821447785	-0.0818782943	0.0815529816	-0.0811690742	0.240564	0.222771	0.14793299999999998	-0.0043741000000000006	-0.0009558339999999999	0.00327954	-0.0822399228	-0.0214711893	-0.0630847776	0.0262558276	-0.069148736	0.0164511806	0.14624429999999994
-0.0826085531	0.08257649980000001	-0.0825230869	0.0824483281	-0.0823522428	0.0822348559	-0.0820961977	0.26021700000000003	0.156181	0.186608	-0.00435201	-0.000723016	0.00364899	-0.0887411518	-0.1093133472	0.0409049081	-0.0107716554	0.007177925500000001	-0.164294346	0.15613589999999994
-0.0826180512	0.0826144894	-0.0826085531	0.0826002426	-0.0825895581	0.08257649980000001	-0.0825610682	0.244991	0.244247	0.229305	-0.00580384	-0.00130126	0.00355489	0.0068380851	-0.0200636276	0.03299472	0.0064416918000000005	0.0492038278	-0.0479892149	0.2521977
