0.0826180512	0.0826144894	0.0826085531	0.0826002426	0.0825895581	0.08257649980000001	0.0825610682	-4.895920000000001e-09	0.05187230000000001	0.0160017	-0.00098874	-0.0	0.0	-0.1592988364	0.0388061279	0.0503749557	0.1550660344	0.1426905873	0.1108606723	0.0
0.0826085531	0.08257649980000001	0.0825230869	0.0824483281	0.0823522428	0.0822348559	0.0820961977	-0.00273585	0.0827475	0.00034475099999999997	-0.00151488	-0.0	0.0	-0.0669548367	-0.002228847	-0.0930944406	0.14932715470000002	0.0065448144	0.0535622483	0.07557499410408
0.0825895581	0.0825005382	0.0823522428	0.0821447785	0.0818782943	0.0815529816	0.0811690742	-3.83902e-09	0.056132299999999996	0.030652999999999996	-0.00127105	-0.0	0.0	-0.0215811571	0.0886431051	-0.0423471357	0.045954420700000005	0.0135261249	-0.0033235093	0.07185079516097999
0.0825610682	0.0823866395	0.0820961977	0.0816901521	0.0811690742	0.0805336979	0.079784918	-0.00246694	0.10291900000000001	0.0049163	-0.00179027	-0.0	0.0	0.0002708999	0.0183876168	0.0367122526	0.0044875676	-0.0505040601	0.1375754852	0.10095133616098
0.0825230869	0.0822348559	0.0817552165	0.0810852849	0.08022662059999999	0.0791812221	0.0779515227	-3.37623e-09	0.07677039999999999	0.0458187	-0.0018410999999999998	-0.0	0.0	0.010678381	-0.0807181221	0.0165770675	-0.0209357466	-0.0296167219	-0.0450740312	0.07205943662376997
0.08247561839999999	0.0820452574	0.0813296518	0.0803312895	0.0790536414	0.0775011496	0.07567921150000001	1.72895e-09	0.07791260000000001	0.0148882	-0.00178376	-0.0	0.0	0.06038065860000001	0.0389210195	-0.0508138431	-0.0507304448	0.1347706478	-0.006190079100000001	0.03493970510518
0.0824186682	0.0818179311	0.0808199441	0.0794295525	0.0776535072	0.0755004314	0.0729807789	-0.00721042	0.0912461	0.035564099999999994	-0.00204917	-0.0	0.0	0.0060945326	0.026941747400000004	0.0952794163	-0.045047498	-0.0633961967	-0.0226694186	0.054490321728950006
0.0823522428	0.0815529816	0.08022662059999999	0.0783817324	0.0760302412	0.07318734519999999	0.0698714189	-0.014268500000000003	0.0409008	-0.00585428	-0.000960615	-0.0	0.0	0.0175108524	-0.0507955382	-0.0575812516	-0.08916629279999999	-0.0092642947	0.0064618576	0.15324951
0.08227635	0.0812505306	0.0795502952	0.0771897563	0.0741885076	0.0705714608	0.06636863900000001	3.12365e-09	0.107045	0.0254937	-0.00189016	-0.0	0.0	0.0123503092	0.0733905921	-0.0101479356	-0.0811396709	-0.0831894826	0.002103367	0.15823793312364998
0.0821909983	0.0809107173	0.0787916676	0.0758558164	0.0721335987	0.06766360099999999	0.0624921622	-2.61764e-10	0.044894199999999995	0.0109316	-0.000980007	-0.0	0.0	-0.0370759278	-0.0939762715	0.0579143499	-0.0691657451	0.0507056292	-0.0437041452	0.12222055338541395
0.0820961977	0.0805336979	0.0779515227	0.0743823661	0.0698714189	0.0644757965	0.0582638153	-0.022078200000000003	0.10976500000000004	-0.010890700000000001	-0.00199	0.000338288	1.0587899999999999e-22	-0.0058328526	0.0402815437	-0.0942019967	0.0230736747	-0.0156384462	-0.0007313552	0.17618534973823602
0.081991959	0.0801196458	0.0770307297	0.07277211509999999	0.06740846860000001	0.0610212361	0.0537074066	-0.0199536	0.0637075	0.0251275	-0.0015469000000000001	0.000282209	0.000161908	-0.0443734088	0.0278884791	0.0714505004	-0.015474752	0.0050709681	-0.0985335091	0.11725465
0.0818782943	0.0796687514	0.0760302412	0.0710280251	0.06475182480000001	0.0573142124	0.048848591600000005	-0.0166136	0.0711066	-0.00395036	-0.0011914400000000006	0.000256617	0.00012227300000000005	0.0245227079	-0.0438488814	-0.096587693	0.0341645131	-0.008746693100000001	0.0741119849	0.06085131
0.0817552165	0.0791812221	0.0749510924	0.0691533037	0.0619091212	0.0533700625	0.0437147285	-0.020422	0.05823730000000001	0.024741299999999997	-0.00105618	0.00035218900000000004	0.00011077	-0.004787787	0.0646749168	0.0108063526	-0.0063028909	-0.0773022399	-0.0591189093	0.057486110000000014
0.08162273980000001	0.0786572819	0.0737943996	0.0671513987	0.0588885262	0.0492051046	0.0383347241	-0.0278242	0.0552456	-0.0149993	-0.000904216	0.00045396	0.0	-0.0257095035	-0.07917831410000001	0.0480978924	0.0028671974	0.049047364	0.0901011086	0.06835975000000001
0.0814808795	0.0780971719	0.0725613598	0.0650259921	0.0556987191	0.0448365703	0.0327388711	-0.0164811	0.0450453	0.000668635	-0.0007600689999999999	0.000226757	0.0	-0.0490537889	0.0049588052	-0.0439188313	0.0042240141	-0.0082595226	-0.036705015	0.055778835
0.0813296518	0.0775011496	0.0712532484	0.0627809927	0.0523488658	0.0402825336	0.0269586778	-0.0198911	0.0547413	-0.0117653	-0.00107592	0.00038621699999999995	0.000113563	0.0208222093	0.0526064825	0.034779594	-0.0059251534	0.1134668557	0.0010917877	0.05498363499999999
0.0811690742	0.076869489	0.0698714189	0.06042052940000001	0.048848591600000005	0.035561835800000004	0.0210266903	-0.0209155	0.06827319999999999	0.0175967	-0.00117812	0.000344629	0.0	0.0218436752	-0.0571732539	0.049790318	-0.0043500684000000005	-0.0246223654	-0.074835709	0.05678585000000001
0.08099916509999999	0.0762024808	0.0684173009	0.0579489435	0.0452079546	0.030694008	0.0149763093	-0.021982599999999998	0.0325729	-0.00520322	-0.000565567	0.000408357	0.0	0.0379154068	-0.001695365	-0.0852931394	-0.0609220186	0.0694491706	-0.0163724168	0.09338137
0.0808199441	0.0755004314	0.0668923989	0.0553707806	0.0414374156	0.0256991899	0.0088416023	-0.028158799999999998	0.08085589999999998	0.0280052	-0.0009892840000000002	0.00048482800000000003	0.000182555	0.0204512959	0.0519326221	0.024038854100000003	-0.0192593966	-0.1159854489	0.0743519683	0.12180477
0.0806314317	0.0747636639	0.0652982905	0.0526907823	0.0375478092	0.0205980464	0.0026571115999999995	-0.0377625	0.0452489	0.00526893	-0.000429762	0.000713376	0.00025	0.0198003104	-0.09014065	0.1259861813	0.0531019167	0.0913047847	0.0317010599	0.11072272
0.0804336496	0.07399251700000001	0.0636366248	0.0499138777	0.0335503118	0.0154116826	-0.0035423403000000007	-0.029581200000000002	0.11281400000000001	0.0055942	-0.000997583	0.000504078	0.0	0.0916671204	-0.0810761147	-0.0264848826	0.1121182892	-0.087974383	0.0073392054000000016	0.12742762
0.08022662059999999	0.07318734519999999	0.0619091212	0.0470451738	0.0294564099	0.010161556	-0.0097218466	-0.0331055	0.029990100000000002	0.00383614	-0.0005607580000000001	0.0006147009999999999	0.0	0.0595795521	0.0304036364	-0.0374946466	0.0105567115	0.0948467931	-0.0472153142	0.11547866000000002
0.0800103684	0.07234851889999999	0.0601175669	0.044089946500000005	0.0252778672	0.004869388	-0.0158466129	-0.030182499999999998	0.0777934	0.008236739999999998	-0.00104905	0.000651504	0.0	0.0271970175	0.0149570944	0.0226785032	0.0039406352000000006	-0.1080819603	0.107722163	0.08138165
0.079784918	0.0714764238	0.0582638153	0.0410536312	0.0210266903	-0.0004429262	-0.0218821528	-0.034990499999999994	0.014180700000000001	0.00399468	-0.00033722	0.0007321139999999999	-5.29396e-23	-0.0224931914	-0.0995815745	0.0463796242	-0.0820632072	-0.0031065915000000003	-0.0575077601	0.11228475999999996
0.0795502952	0.0705714608	0.05634978440000001	0.0379418119	0.0167150947	-0.005753407800000001	-0.0277944824	-0.026741700000000004	0.08070679999999998	-0.008788199999999998	-0.0007179280000000001	0.000539232	-1.0587899999999999e-22	0.043685128600000005	0.0641246449	-0.0504308049	0.0051700412	-0.018818318	-0.0242607814	0.11623727999999996
0.079306527	0.06963404620000001	0.0543774543	0.0347602118	0.0123554694	-0.0110400859	-0.0335503118	-0.0376838	0.0166708	0.00605143	-0.000409642	0.000759036	0.00025	0.0409783498	0.0578450335	0.0109418196	-0.0290311608	0.0538436183	-0.0877002947	0.12872223
0.0790536414	0.068664611	0.0523488658	0.0315146823	0.0079603416	-0.0162810877	-0.0391172318	-0.0298712	0.0925393	0.007447719999999999	-0.00113185	0.000563981	0.0	0.0381503866	-0.0427254047	-0.0001362628	0.0267109729	-0.0844375889	0.07640098769999999	0.14344054
0.0787916676	0.06766360099999999	0.0502661174	0.0282111925	0.0035423403000000007	-0.0214547298	-0.0444638974	-0.0307967	0.018037	0.00144369	-0.00034690199999999995	0.000625723	0.0	-0.0579593911	-0.0814630255	0.0387244098	-0.0333511607	-0.0156187547	-0.0823852048	0.12376633
0.0785206355	0.06663147650000001	0.0481313641	0.024855818	-0.0008858397	-0.0265396073	-0.0495602034	-0.0222738	0.061568	-0.00952248	-0.0008107579999999999	0.000443825	0.0	0.0069658613	0.0038455106	-0.0935128507	0.06873029929999999	0.018837508500000003	-0.0248778227	0.09530777000000004
0.0782405765	0.0655687121	0.0459468144	0.0214547298	-0.0053114742	-0.0315146823	-0.0543774543	-0.030231599999999997	0.0098596	0.008501329999999998	-0.00015120200000000002	0.0005223140000000001	0.00012963400000000005	-0.0034247806	0.0831479978	0.0036774453	-0.0115612826	-0.0197804443	-0.0689462033	0.12107396
0.0779515227	0.0644757965	0.0437147285	0.018014183200000002	-0.0097218466	-0.0363593716	-0.0588885262	-0.0206446	0.108222	-0.000865713	-0.00118469	0.000445562	0.000116825	0.051407950999999986	0.0167720013	0.040697822	0.0129153768	-0.1346485792	0.13378217609999998	0.173468893
0.0776535072	0.0633532322	0.0414374156	0.0145405056	-0.014104284	-0.0410536312	-0.0630680188	-0.030556599999999996	0.0370038	0.0069614	-0.000628788	0.0006939989999999999	0.0	-0.0036748845	-0.1104045756	0.0460585405	-0.0141519366	0.0021092581	-0.093827076	0.135015513
0.0773465645	0.0622015356	0.0391172318	0.0110400859	-0.0184461937	-0.0455780395	-0.0668923989	-0.0255644	0.08056449999999997	-0.0109061	-0.00112232	0.000469364	0.0	0.0230422238	0.0247025253	-0.079151323	0.0309042231	0.0375948933	0.0496865828	0.10232874999999997
0.0770307297	0.0610212361	0.0367565777	0.0075193617	-0.0227350996	-0.0499138777	-0.0703401329	-0.0270086	0.0364352	0.00480225	-0.000480141	0.0005049890000000001	0.0	-0.0731642203	0.07844943110000001	0.0457071696	-0.0385417723	-0.1008964828	-0.0980985169	0.09517205
0.0767060391	0.0598128765	0.0343578954	0.0039848083	-0.0269586778	-0.0540432071	-0.073391808	-0.0222865	0.0647293	-0.0175236	-0.00107229	0.000625722	0.0	-0.0630255902	-0.0649341861	-0.0287727833	0.022605677200000004	9.52003e-05	0.1159973875	0.09098615
0.0763725302	0.0585770125	0.0319236667	0.0004429262	-0.0311047922	-0.0579489435	-0.0760302412	-0.0283814	0.047054900000000004	0.00532911	-0.000344303	0.000625722	0.0	-0.0424989772	0.000595136	-0.0270105317	0.0409532859	-0.0384176003	-0.1152506987	0.08302136000000003
0.0760302412	0.0573142124	0.0294564099	-0.0030997705	-0.0351615291	-0.0616149276	-0.0782405765	-0.027324200000000003	0.06406419999999999	-0.014936600000000001	-0.00100326	0.000625722	1.0587899999999999e-22	0.0778861813	0.0399305702	-0.0477366478	0.074682901	0.1299779036	0.0038585557	0.07128006
0.07567921150000001	0.0560250569	0.0269586778	-0.0066367663	-0.0391172318	-0.0650259921	-0.0800103684	-0.034493300000000005	0.053007500000000006	0.008169529999999998	-0.000635183	0.0006350230000000001	0.0	0.0430215827	0.0565483072	0.1052295706	0.0209013393	-0.0457834246	-0.0694863336	0.06020083
0.0753194814	0.0547101387	0.0244330544	-0.010161556	-0.042960534	-0.06816802450000001	-0.0813296518	-0.0285238	0.045289300000000005	-0.00823946	-0.000551336	0.0005142909999999999	0.0	0.0017770641	-0.1266961946	-0.019206098	-0.021739406	0.030810014	0.0665526248	0.04032564
0.0749510924	0.0533700625	0.0218821528	-0.013667657	-0.0466803921	-0.0710280251	-0.0821909983	-0.032856699999999996	0.0420149	0.000221854	-0.00039981	0.0006952410000000001	0.0	-0.029786299900000007	0.034061109900000004	-0.023197328	-0.07590677	-0.0359498839	-0.0633525504	0.032692413999999996
0.0745740866	0.0520054446	0.019308612	-0.017148621200000002	-0.0502661174	-0.0735941614	-0.0825895581	-0.0310277	0.07318560000000003	-0.00495231	-0.0006982560000000001	0.0006913910000000001	0.0	0.056516008	0.1038523302	-0.0014699211	-0.0292917633	0.1138054004	0.027837766	0.05328866400000001
0.0741885076	0.0506169125	0.0167150947	-0.0205980464	-0.0537074066	-0.0758558164	-0.0825230869	-0.0357875	0.0671467	0.0116941	-0.00044075900000000004	0.0008757210000000001	0.0	0.0248155056	0.029903637200000006	0.114617391	0.005618124499999999	-0.0278968304	-0.06436843540000001	0.04953646
0.0737943996	0.0492051046	0.014104284	-0.0240095886	-0.056994371399999987	-0.077803633	-0.081991959	-0.0299308	0.0739106	-0.00708807	-0.000633715	0.000692817	0.0	0.0503446312	-0.1272619598	-0.0225642341	-0.0133029635	0.0087340006	0.0610468981	0.05019577
0.073391808	0.0477706702	0.0114788812	-0.0273769736	-0.0601175669	-0.0794295525	-0.08099916509999999	-0.0353516	0.0283666	0.00784166	-0.00048164599999999996	0.000686155	0.0	0.0030847228	0.0155056783	-0.0249502471	-0.1174061083	-0.09096971	-0.0493978291	0.07383108
0.0729807789	0.0463142688	0.0088416023	-0.030694008	-0.0630680188	-0.080726848	-0.0795502952	-0.029642099999999998	0.0654745	-0.0110531	-0.000899272	0.0006298090000000001	-0.000115103	-0.0114355159	0.0519095014	0.0234008653	-0.1022623251	0.0492756982	0.0984503506	0.09116591
0.0725613598	0.0448365703	0.0061951761	-0.0339545915	-0.0658372492	-0.0816901521	-0.0776535072	-0.031263400000000004	0.0564967	0.0199798	-0.00111596	0.000592316	0.0	-0.0519228315	-0.0212065088	0.0597294854	-0.0346549586	-0.05082273440000002	-0.1445634176	0.060096199999999995
0.0721335987	0.04333825400000002	0.0035423403000000007	-0.0371527273	-0.0684173009	-0.0823154793	-0.0753194814	-0.0353481	0.0453416	-0.010526700000000002	-0.000662045	0.000717996	0.0	0.0158532025	0.025363799	-0.1170834408	-0.06261248629999999	0.1050143093	-0.007585271899999998	0.07472605
0.0716975448	0.0418200091	0.0008858397	-0.0402825336	-0.0708007604	-0.0826002426	-0.0725613598	-0.032512	0.07424349999999999	0.0153516	-0.00111038	0.0005745619999999999	0.0	-0.006311335899999999	0.0546773735	0.0616606068	-0.067263109	-0.14262911150000002	-0.0598354478	0.08720474999999997
0.0712532484	0.0402825336	-0.0017715775	-0.04333825400000002	-0.0729807789	-0.0825432638	-0.0693946722	-0.040130599999999995	0.0323041	-0.0032991	-0.000607009	0.0008757210000000001	0.0	-0.0057402587	-0.1153497971	-0.023751134	-0.0450571604	0.0430340408	0.070830949	0.10843519999999998
0.0708007604	0.0387265345	-0.0044271617	-0.0463142688	-0.0749510924	-0.0821447785	-0.0658372492	-0.0335681	0.10517	0.025516	-0.00125717	0.000701876	1.0587899999999999e-22	-0.0126033006	0.0751681224	-0.0298394059	0.0170414548	-0.0233194023	-0.067163449	0.1494438
0.0703401329	0.0371527273	-0.0070781657	-0.0492051046	-0.0767060391	-0.0814064355	-0.0619091212	-0.0375909	0.0427025	0.00228238	-0.000861981	0.0008757210000000001	0.0	-0.034746381	-0.007661019399999998	0.08960638439999999	-0.0085184916	0.1355591458	0.002210609	0.11817562
0.0698714189	0.035561835800000004	-0.0097218466	-0.0520054446	-0.0782405765	-0.0803312895	-0.05763240610000001	-0.0304082	0.10365	0.010697100000000001	-0.00112854	0.000573509	0.0	0.0093898044	-0.0314315721	-0.0319564342	0.0256975445	-0.0362753859	-0.0765817186	0.10498347
0.0693946722	0.0339545915	-0.0123554694	-0.0547101387	-0.0795502952	-0.0789237887	-0.0530311845	-0.033699900000000005	0.05098780000000002	0.00176442	-0.000861981	0.0008757210000000001	0.000161454	0.007386960400000002	0.0561410913	0.0208304095	-0.0371668645	0.0965642119	-0.0163545608	0.10139783
0.0689099476	0.0323317335	-0.0149763093	-0.0573142124	-0.0806314317	-0.0771897563	-0.0481313641	-0.0301687	0.0853898	0.019349400000000003	-0.00101603	0.000587621	-1.0587899999999999e-22	-0.000677078	-0.0353407741	0.0109229947	0.0046229158	-0.0530369297	-0.0101701136	0.08569833
0.0684173009	0.030694008	-0.0175816548	-0.0598128765	-0.0814808795	-0.0751363666	-0.042960534	-0.038091	0.036166500000000004	-0.00396476	-0.0006587930000000001	0.0009463560000000001	-5.874770000000003e-05	0.0247112165	0.0341632143	-0.1042828918	0.0039509198	0.0717133237	-0.0280571269	0.119195745
0.0679167887	0.0290421682	-0.0201688105	-0.0622015356	-0.0820961977	-0.07277211509999999	-0.0375478092	-0.037598599999999996	0.10464200000000001	0.0193845	-0.0013686	0.00118683	0.0	-0.0284312625	0.06104227230000001	0.0712791497	-0.0030348104	-0.1008805572	0.06836116269999999	0.142768595
0.06740846860000001	0.0273769736	-0.0227350996	-0.0644757965	-0.08247561839999999	-0.0701067834	-0.0319236667	-0.0235833	0.0276154	-0.0248774	-0.00054316	0.00103512	0.000287432	-0.0549257839	-0.1152412436	-0.0513314958	-0.0375382319	0.0461438807	0.0446734303	0.19853289999999998
0.0668923989	0.0256991899	-0.0252778672	-0.06663147650000001	-0.0826180512	-0.0671513987	-0.0261197739	0.00866273	0.060502699999999986	-0.00037185	-0.000367225	0.000476574	0.00102442	-0.0396332885	0.0288607004	-0.036694946	0.0707107059	-0.0121885011	-0.014177233700000003	0.16321233
0.06636863900000001	0.0240095886	-0.0277944824	-0.068664611	-0.0825230869	-0.0639181885	-0.0201688105	-0.00513018	0.00923462	-0.00267878	0.000147904	0.00031396	0.000657931	-0.0515840799	-0.0721230727	0.024170869	0.0193553579	0.0841180003	0.008401505699999999	0.11957952
0.0658372492	0.022308946800000003	-0.0302823417	-0.0705714608	-0.0821909983	-0.06042052940000001	-0.014104284	-0.019150099999999996	0.0884232	-0.00324044	-1.61158e-05	0.0007064080000000001	0.00044755	-0.012076608700000002	0.0617405183	-0.0561677811	0.07974958	0.0461817371	0.018560453	0.13211260000000002
0.0652982905	0.0205980464	-0.0327388711	-0.07234851889999999	-0.08162273980000001	-0.05667289230000001	-0.0079603416	-0.027488299999999997	0.0111154	0.0122848	8.080939999999999e-05	0.00132154	0.000183317	-0.0154009467	0.0897364203	0.0753727791	0.1361138873	0.0006975485	0.0994479659	0.14998575
0.06475182480000001	0.0188776742	-0.0351615291	-0.07399251700000001	-0.0808199441	-0.0526907823	-0.0017715775	-0.0324599	0.125686	0.00123121	-5.06283e-05	0.0012464100000000005	0.00025007	0.0450079267	-0.046452031100000006	0.0572562395	0.1482188586	-0.129245472	0.1190690975	0.14426182499999998
0.064197915	0.017148621200000002	-0.0375478092	-0.0755004314	-0.079784918	-0.0484906747	0.0044271617	-0.03882530000000002	0.0255197	-0.00654707	-0.00024045	0.0009655690000000002	0.000541274	0.0952922078	-0.1247033712	-0.0199005602	0.0066996639000000005	-0.0122027634	0.0580414413	0.15240331499999998
0.0636366248	0.0154116826	-0.0398952426	-0.076869489	-0.0785206355	-0.044089946500000005	0.0106009733	-0.0276243	0.124923	0.00534302	-0.000743258	0.000715433	0.000310613	0.0267808706	0.0536040046	-0.0637839865	-0.027297209	-0.023314168	0.016328681	0.17167463999999996
0.0630680188	0.013667657	-0.0422014006	-0.0780971719	-0.0770307297	-0.039506804900000005	0.0167150947	-0.029703500000000008	0.0212718	-0.00269443	1.76521e-05	0.00110609	0.0006611000000000001	-0.0753621503	0.0477842889	0.0910989087	-0.0412463439	0.0484053389	0.0264594852	0.188870555
0.0624921622	0.0119173466	-0.0444638974	-0.0791812221	-0.0753194814	-0.0347602118	0.0227350996	-0.026450099999999997	0.0854913	0.00293323	-0.000639335	0.0009582410000000001	0.00039711099999999996	-0.0771622689	-0.0367351947	-0.0373665316	0.0204655395	-0.0386239971	-2.36644e-05	0.126541815
0.0619091212	0.010161556	-0.0466803921	-0.0801196458	-0.073391808	-0.0298698051	0.0286270917	-0.0384233	0.016452500000000002	-0.008943399999999999	-0.000204152	0.00127641	0.000285868	-0.0052469759	-0.0440479467	-0.0914162829	-0.0203308247	-0.0056332165000000005	-0.0207472471	0.13611838
0.061318963	0.0084010927	-0.048848591600000005	-0.0809107173	-0.0712532484	-0.024855818	0.0343578954	-0.0351293	0.107919	0.0127507	-0.000861894	0.00102136	0.00039202	0.034789261	0.0722873892	-0.0306379241	-0.0080531438	-0.0050199181	0.0165079382	0.16740179999999996
0.0607217553	0.0066367663	-0.0509662528	-0.0815529816	-0.0689099476	-0.0197389949	0.0398952426	-0.0304343	0.036343900000000005	0.00597837	-0.00033937	0.0008922989999999998	0.00040908	0.0053824	0.030115534500000006	0.105210612	0.0410288127	0.0823707661	0.001234302	0.11647468
0.0601175669	0.004869388	-0.0530311845	-0.0820452574	-0.06636863900000001	-0.0145405056	0.0452079546	-0.0231871	0.108751	0.00739606	-0.00073926	0.000628834	0.00039063	0.0065382009	-0.0558386074	-0.0509023963	0.0436780108	-0.047918209100000005	0.0140774375	0.11516224000000005
0.0595064671	0.0030997705	-0.0550412506	-0.0823866395	-0.0636366248	-0.0092818579	0.0502661174	-0.038459	0.017007599999999998	0.0117814	-1.24992e-05	0.00114978	0.000467976	-0.008415681	0.0666696915	-0.0399384164	0.0277226399	0.1019882627	-0.0444403279	0.17765328
0.0588885262	0.0013287276999999998	-0.056994371399999987	-0.08257649980000001	-0.0607217553	-0.0039848083	0.0550412506	-0.0400414	0.108477	0.00662767	-0.000330638	0.00120818	0.00047740900000000004	-0.0294084708	0.0200517658	0.0406955936	0.0253371432	-0.08618493029999999	0.0994094278	0.11750412
0.0582638153	-0.0004429262	-0.0588885262	-0.0826144894	-0.05763240610000001	0.0013287276999999998	0.0595064671	-0.0316072	0.025206	-0.00193496	-7.51363e-05	0.00105239	0.000503531	-0.0058997998	-0.1163341929	-0.0201446573	-0.0310923779	-0.016472933500000002	0.0082902776	0.12213851500000004
0.05763240610000001	-0.0022143764	-0.0607217553	-0.0825005382	-0.0543774543	0.0066367663	0.0636366248	-0.0279673	0.123874	0.00690348	-0.000612413	0.0008782739999999999	0.00053908	0.0320060967	0.0541467975	-0.06752837440000001	0.0099831747	0.0334585571	0.0310398649	0.148493425
0.056994371399999987	-0.0039848083	-0.0624921622	-0.0822348559	-0.0509662528	0.0119173466	0.06740846860000001	-0.029168299999999998	0.014516299999999998	0.00930545	6.3535e-06	0.00101492	0.000447113	-0.0596025115	0.029581324	0.099565161	0.0246679768	0.0442386864	-0.0059705487	0.15532964500000002
0.05634978440000001	-0.005753407800000001	-0.064197915	-0.0818179311	-0.0474086033	0.017148621200000002	0.0708007604	-0.026818900000000003	0.109617	0.00833646	-0.0005050990000000001	0.00107267	0.000406777	-0.0169014802	-0.0443915151	-0.0608733342	0.0896632587	-0.0053042938	0.0309606601	0.12889601500000006
0.0556987191	-0.0075193617	-0.0658372492	-0.0812505306	-0.0437147285	0.022308946800000003	0.0737943996	-0.0247166	0.0369844	0.00318639	-0.000364118	0.000972485	0.000576198	-0.0156820821	0.0108936637	-0.0828495399	-0.0063691865	0.0029519466	-0.1140439022	0.10041432
0.0550412506	-0.0092818579	-0.06740846860000001	-0.0805336979	-0.0398952426	0.0273769736	0.0763725302	-0.0242116	0.0965643	0.00304565	-0.0008158839999999999	0.00097395	0.0003929	0.026928829	0.05950643780000001	0.0016962458	-0.0217853806	-0.0453736949	0.1144191676	0.09205209
0.0543774543	-0.0110400859	-0.0689099476	-0.0796687514	-0.0359611205	0.0323317335	0.0785206355	-0.030952800000000006	0.042625300000000005	0.015082399999999998	-0.00034117	0.000980933	0.0003929	-0.0339574214	-0.0366690654	0.1115487641	0.0262199567	0.0046526715	-0.1097067465	0.09680180000000001
0.0537074066	-0.0127932372	-0.0703401329	-0.0786572819	-0.0319236667	0.0371527273	0.08022662059999999	-0.021949299999999998	0.09214860000000001	-0.008105589999999998	-0.000311436	0.0009345310000000001	0.0003929	0.0515865877	-0.0536009638	-0.0804704234	0.0590359706	0.019894132	0.0730348841	0.08552158999999998
0.0530311845	-0.0145405056	-0.0716975448	-0.0775011496	-0.0277944824	0.0418200091	0.0814808795	-0.0318873	0.0745784	0.0149113	-0.000799122	0.000952049	0.0003929	-0.0058062596	0.0269327953	-0.0334843461	-0.0780841805	-0.0741817987	-0.057570151500000014	0.07578528999999999
0.0523488658	-0.0162810877	-0.0729807789	-0.0762024808	-0.0235854328	0.0463142688	0.08227635	-0.022512400000000002	0.07829119999999999	-0.00083387	-0.000545617	0.0009035260000000001	0.0003929	-0.0033628161	0.0633397395	0.0137115236	-0.1056989586	0.0766998924	0.0727106005	0.04393427
0.0516605288	-0.018014183200000002	-0.0741885076	-0.0747636639	-0.019308612	0.0506169125	0.0826085531	-0.0202997	0.08942519999999997	0.00986036	-0.000469976	0.000699528	0.0003929	-0.0372216914	0.0245634981	0.0829770948	-0.0171612175	-0.0633603413	-0.0525247405	0.03802287999999999
0.0509662528	-0.0197389949	-0.0753194814	-0.07318734519999999	-0.0149763093	0.0547101387	0.08247561839999999	-0.0275945	0.06049830000000001	-0.00606896	-0.000491262	0.00089107	0.000230167	0.0004740189	-0.0840252689	0.0150095919	-0.0577357731	0.0649515969	0.0835948337	0.07092906999999997
0.0502661174	-0.0214547298	-0.0763725302	-0.0714764238	-0.0106009733	0.0585770125	0.0818782943	-0.031612	0.0698942	0.00667725	-0.0007618519999999999	0.0009429039999999999	0.000230167	0.014944033999999997	-0.0468838332	0.0093390251	0.0376772329	-0.062677089	-0.0690076112	0.042280810000000016
0.0495602034	-0.023160599	-0.0773465645	-0.06963404620000001	-0.0061951761	0.0622015356	0.0808199441	-0.0351881	0.0314093	-0.0006535	-0.000693288	0.00112654	0.000230167	0.0138577334	0.0459262581	-0.0793757563	-0.021927485	0.0939497506	-0.025081213	0.06200175
0.048848591600000005	-0.024855818	-0.0782405765	-0.06766360099999999	-0.0017715775	0.0655687121	0.079306527	-0.0227615	0.11741099999999999	0.016378399999999998	-0.000779313	0.000854743	0.000230167	-0.0160812844	0.0628163932	0.0153420259	-0.031436420699999995	-0.079517751	0.0161295242	0.13335129999999998
0.0481313641	-0.0265396073	-0.0790536414	-0.0655687121	0.0026571115999999995	0.068664611	0.0773465645	-0.0367323	0.034522699999999996	0.00579431	-0.00041631400000000004	0.00100131	0.000510399	-0.0325666305	-0.06021175190000001	0.1115060995	0.0112188728	0.0778836772	0.016526689599999998	0.14693309000000002
0.0474086033	-0.0282111925	-0.079784918	-0.0633532322	0.0070781657	0.0714764238	0.0749510924	-0.0271036	0.097474	0.0133572	-0.00118106	0.00110862	0.00046004199999999997	0.0266190944	-0.0402151458	-0.0239919947	0.1217372105	-0.0468696989	-0.0292078471	0.12626354
0.0466803921	-0.0298698051	-0.0804336496	-0.0610212361	0.0114788812	0.07399251700000001	0.0721335987	-0.037672000000000004	0.039412800000000005	0.007138600000000002	-0.000510538	0.00134517	0.000514778	0.0307340787	0.0459857997	-0.0814525807	0.0301881695	0.0217683961	-0.0425263002	0.12293860000000002
0.0459468144	-0.0315146823	-0.08099916509999999	-0.0585770125	0.0158466129	0.0762024808	0.0689099476	-0.028131299999999998	0.09713560000000004	0.00267398	-0.000705385	0.0006637419999999999	0.000230167	0.0446179501	0.0799238407	-0.0113642861	-0.0231426488	-0.0733565209	0.0918358466	0.12977242000000005
0.0452079546	-0.0331450678	-0.0814808795	-0.0560250569	0.0201688105	0.0780971719	0.0652982905	-0.041368199999999994	0.036557099999999995	0.02089	-0.0006947860000000001	0.00106073	0.00035145099999999997	-0.0622907787	-0.05112226190000002	0.1035744752	0.002749712	0.06134847860000001	-0.0939531215	0.11847497
0.0444638974	-0.0347602118	-0.0818782943	-0.0533700625	0.0244330544	0.0796687514	0.061318963	-0.025455000000000002	0.07146660000000002	-0.009936799999999999	-0.0011091400000000002	0.00110194	0.0006998919999999999	0.0186522101	-0.0295089669	-0.0731462183	0.0448703935	0.016913451	-0.0149621512	0.12184975000000002
0.0437147285	-0.0363593716	-0.0821909983	-0.0506169125	0.0286270917	0.0809107173	0.056994371399999987	-0.025596599999999997	0.047364300000000005	0.0226481	-0.0005676969999999999	0.00086704	0.000230167	0.0120693988	0.0568159541	-0.0233057046	-0.0543991683	-0.001262294	-0.055490358600000005	0.1191322
0.042960534	-0.0379418119	-0.0824186682	-0.0477706702	0.0327388711	0.0818179311	0.0523488658	-0.0211014	0.0763573	-0.000873485	-0.0008479069999999997	0.00110885	0.000397248	0.053212392	0.044236213	0.0565173855	-0.0599870661	-0.0442269426	0.0771672513	0.091464835
0.0422014006	-0.039506804900000005	-0.0825610682	-0.0448365703	0.0367565777	0.0823866395	0.0474086033	-0.0286813	0.043225400000000004	0.0259029	-0.000727945	0.00118047	0.000230167	0.010973311	-0.0294764719	0.1039275066	0.0063179482	0.0325233702	-0.0861581467	0.085421335
0.0414374156	-0.0410536312	-0.0826180512	-0.0418200091	0.0406686668	0.0826144894	0.0422014006	-0.0215183	0.0844455	-0.00351285	-0.0009106810000000002	0.0008786669999999998	0.000230167	0.06719320150000001	-0.104713117	-0.0577518771	0.0061871148	-0.0015353106	0.027183146	0.1020258
0.0406686668	-0.0425815792	-0.0825895581	-0.0387265345	0.0444638974	0.0825005382	0.0367565777	-0.0304685	0.0590164	0.023331599999999997	-0.0009301410000000002	0.00127696	0.000411885	0.0471162625	-0.0047597832	-0.0287788987	-0.1139192331	-0.1041014206	-0.0545174112	0.09119730000000001
0.0398952426	-0.044089946500000005	-0.08247561839999999	-0.035561835800000004	0.0481313641	0.0820452574	0.0311047922	-0.0457911	0.0628857	-0.00656697	-0.000968067	0.00172094	0.000357699	-0.0043421944	0.06609162730000001	0.0251657673	-0.1070183083	0.044772407	0.0619472654	0.07589507
0.0391172318	-0.0455780395	-0.08227635	-0.0323317335	0.0516605288	0.0812505306	0.0252778672	-0.0257262	0.08704049999999999	0.0145054	-0.000759911	0.00123855	0.00030619400000000003	-0.051070591500000005	0.0039329353	0.0681098845	-0.02960341	-0.0831724834	-0.03367767	0.10239462
0.0383347241	-0.0470451738	-0.081991959	-0.0290421682	0.0550412506	0.0801196458	0.019308612	-0.0243259	0.0585727	-0.00658113	-0.000733501	0.0012500999999999999	0.00042734	-2.51112e-05	-0.1284003621	-0.0196527279	-0.0628589849	0.0015587218	0.0365368389	0.05890993000000001
0.0375478092	-0.0484906747	-0.08162273980000001	-0.0256991899	0.0582638153	0.0786572819	0.0132306372	-0.031022900000000006	0.107583	0.00248496	-0.0008348289999999999	0.00140335	0.00042734	0.049634383600000005	-0.0466710963	-0.0369784887	-0.024151065	-0.0196770141	-0.083608657	0.07750229
0.0367565777	-0.0499138777	-0.0811690742	-0.022308946800000003	0.061318963	0.076869489	0.0070781657	-0.0377291	0.0505713	-0.00406942	-0.000670279	0.00150918	0.00042734	0.057372013	0.0333895621	0.0238601723	-0.0127464686	0.1029708913	-0.0173388134	0.08379127999999998
0.0359611205	-0.0513141282	-0.0806314317	-0.0188776742	0.064197915	0.0747636639	0.0008858397	-0.037217	0.107152	0.007666339999999998	-0.0009439019999999999	0.00144121	0.00042734	0.0040196427	-0.0009680101	0.0741200229	0.0523935008	-0.014206163	-0.0143506768	0.08590821
0.0351615291	-0.0526907823	-0.0800103684	-0.0154116826	0.0668923989	0.07234851889999999	-0.0053114742	-0.0324807	0.0401267	-0.00544559	-0.000689543	0.00146481	0.00042734	-0.0237873982	-0.1156658377	-0.0168428607	-0.0206654681	0.0417151093	0.0254195621	0.09877148
0.0343578954	-0.0540432071	-0.079306527	-0.0119173466	0.0693946722	0.06963404620000001	-0.0114788812	-0.0378277	0.08447699999999997	0.018755400000000002	-0.00109334	0.00127596	0.00032946099999999997	-0.0240307427	-0.007403880799999998	-0.0379586369	0.031294636	0.005903835	-0.0576293487	0.10842458999999996
0.0335503118	-0.0553707806	-0.0785206355	-0.0084010927	0.0716975448	0.06663147650000001	-0.0175816548	-0.0426275	0.06300069999999999	-0.00540262	-0.000818122	0.00161641	0.00035570599999999996	0.0397023883	0.07638685	-0.0427908094	0.0445107033	0.049407017	-0.0505443363	0.08252976999999997
0.0327388711	-0.05667289230000001	-0.0776535072	-0.004869388	0.0737943996	0.0633532322	-0.0235854328	-0.0371691	0.114802	0.0303382	-0.00117507	0.00112587	0.000355911	0.0401236126	0.0988128665	0.006114613299999999	0.0149886436	-0.0878414625	0.0436932759	0.13538517000000005
0.0319236667	-0.0579489435	-0.0767060391	-0.0013287276999999998	0.07567921150000001	0.0598128765	-0.0294564099	-0.0308366	0.0760523	0.0107466	-0.000862383	0.00129504	0.000207283	0.035040659700000004	0.0621723532	0.1091410175	0.027015999	0.0750205704	0.022945689100000003	0.09619805
0.0311047922	-0.0591983473	-0.07567921150000001	0.0022143764	0.0773465645	0.0560250569	-0.0351615291	-0.0314653	0.13659100000000002	0.0147885	-0.00131712	0.00120466	0.000257633	0.016595797	-0.0156551919	-0.006786203	0.06509922530000001	-0.0301725659	-0.0225445534	0.09498264999999996
0.0302823417	-0.06042052940000001	-0.0745740866	0.005753407800000001	0.0787916676	0.0520054446	-0.0406686668	-0.0251719	0.0128216	0.00463685	-0.000363596	0.00081161	0.000430153	-0.0306084981	0.0187616546	-0.06684178219999999	-0.052968297	0.027982346600000003	-0.0594541139	0.21616915
0.0294564099	-0.0616149276	-0.073391808	0.0092818579	0.0800103684	0.0477706702	-0.0459468144	-0.0277615	0.10331300000000004	0.0298866	-0.00113856	0.00124315	0.00019591599999999997	-0.0464635354	0.0338553335	0.0201899957	-0.041535601	-0.1495943179	0.0807252141	0.19036779999999998
0.0286270917	-0.0627809927	-0.0721335987	0.0127932372	0.08099916509999999	0.04333825400000002	-0.0509662528	-0.0357033	0.0364342	0.0226715	-0.000592802	0.000930347	0.00042734	-0.0261846249	-0.1037889413	0.0234528675	-0.0576642719	-0.0026720755	-0.0602181544	0.13653495
0.0277944824	-0.0639181885	-0.0708007604	0.0162810877	0.0817552165	0.0387265345	-0.0556987191	-0.0218146	0.12340599999999999	0.010435600000000001	-0.00111156	0.000911444	0.00042734	0.031069964900000007	0.0450658851	-0.0599667479	0.0535764037	0.0372665459	0.0001091546	0.13997945
0.0269586778	-0.0650259921	-0.0693946722	0.0197389949	0.08227635	0.0339545915	-0.0601175669	-0.030302	0.06448809999999999	0.0221098	-0.0006875830000000001	0.000897722	0.00067734	-0.0216562953	0.0707539807	0.0865579076	0.0434333758	-0.0018812094	-0.0973986871	0.11346444999999998
0.0261197739	-0.0661038941	-0.0679167887	0.023160599	0.0825610682	0.0290421682	-0.064197915	-0.0256077	0.11405499999999999	0.0232395	-0.00110014	0.00125272	0.00042734	0.0161903222	-0.0511329339	-0.0245537825	0.0682093921	-0.0181326572	0.0890824325	0.10626865
0.0252778672	-0.0671513987	-0.06636863900000001	0.0265396073	0.0826085531	0.0240095886	-0.0679167887	-0.0358492	0.05753380000000001	0.0277288	-0.00104223	0.00122402	0.00067734	-0.0186392796	0.028175747400000006	-0.0534201839	-0.0020885045000000003	-0.0083935222	-0.06270105990000001	0.08808250000000001
0.0244330544	-0.06816802450000001	-0.06475182480000001	0.0298698051	0.0824186682	0.0188776742	-0.0712532484	-0.032602299999999994	0.0866707	0.0167583	-0.00132842	0.0015618000000000001	0.00036971	-0.0395876087	0.0392881241	0.0376111135	0.0251620509	0.0067314947	0.1911228357	0.08993430000000001
0.0235854328	-0.0691533037	-0.0630680188	0.0331450678	0.081991959	0.013667657	-0.0741885076	-0.03317	0.0764559	0.0453636	-0.001175	0.00154653	0.00042734	-0.0924790618	-0.0603743914	0.0735123664	0.0791563018	0.035906968	-0.1001146729	0.05070380000000002
0.0227350996	-0.0701067834	-0.061318963	0.0363593716	0.0813296518	0.0084010927	-0.0767060391	-0.0275559	0.08629769999999999	-0.00648688	-0.00106248	0.00145615	0.00042734	0.0289066379	-0.0339729489	-0.1184467993	0.0334274145	0.0386392357	0.07504702419999999	0.07745138
0.0218821528	-0.0710280251	-0.0595064671	0.039506804900000005	0.0804336496	0.0030997705	-0.0787916676	-0.025801499999999998	0.08687439999999999	0.0473107	-0.00145016	0.00093833	0.000492777	0.0301032549	0.0368911433	-0.0016058228	-0.0824910108	-0.0697231032	-0.07384544900000001	0.10467553
0.0210266903	-0.0719166052	-0.05763240610000001	0.0425815792	0.079306527	-0.0022143764	-0.0804336496	-0.0232321	0.070437	0.011604600000000001	-0.00123304	0.000898817	0.00067734	0.0237547363	-0.0699557916	0.0464890175	-0.147305698	0.1073768078	0.0741146479	0.07677270000000001
0.0201688105	-0.07277211509999999	-0.0556987191	0.0455780395	0.0779515227	-0.0075193617	-0.08162273980000001	-0.0245206	0.093485	0.049690899999999996	-0.00180189	0.0008564529999999999	0.0007468769999999997	-0.0138692259	0.0221901407	-0.0655710714	-0.061996331399999986	-0.0460051585	-0.0388911718	0.09646035
0.019308612	-0.0735941614	-0.0537074066	0.0484906747	0.0763725302	-0.0127932372	-0.0823522428	-0.0233207	0.0551414	0.0178809	-0.0009693869999999999	0.00127753	0.0007276489999999999	-0.0756184938	-0.0104182893	0.0634567211	-0.0283068718	0.138580671	0.0797751273	0.13499389999999994
0.0184461937	-0.0743823661	-0.0516605288	0.0513141282	0.0745740866	-0.018014183200000002	-0.0826180512	-0.020875799999999996	0.129148	0.0199976	-0.0016860899999999995	0.00105044	0.00067734	-0.0599786055	-0.0067320452	-0.0734730943	0.0756939433	-0.0648133451	-0.0245896985	0.1282733
0.0175816548	-0.0751363666	-0.0495602034	0.0540432071	0.0725613598	-0.023160599	-0.0824186682	-0.023097	0.0627669	0.0204719	-0.00105721	0.000889048	0.00067734	-0.07119210150000001	0.0683395285	-0.0225341856	0.0370591911	0.0659044747	-0.030845539900000007	0.10859019999999996
0.0167150947	-0.0758558164	-0.0474086033	0.05667289230000001	0.0703401329	-0.0282111925	-0.0817552165	-0.0221947	0.13788599999999998	0.0153138	-0.00143293	0.000970814	0.00067734	-0.0101110111	-0.0264459825	-0.0514023934	0.0779187172	-0.1137362886	-0.0018366609	0.1040538
0.0158466129	-0.0765403846	-0.0452079546	0.0591983473	0.0679167887	-0.0331450678	-0.0806314317	-0.0298103	0.04656180000000002	0.0301844	-0.0008681889999999999	0.00110455	0.000893936	0.007861394399999999	0.059533713899999986	-0.0243848089	0.012391398	0.0595352024	-0.034249099500000005	0.15956405
0.0149763093	-0.0771897563	-0.042960534	0.0616149276	0.0652982905	-0.0379418119	-0.0790536414	-0.0280204	0.109673	0.0347974	-0.00157509	0.00116681	0.000638814	0.0308167809	-0.039661257000000005	0.0285366965	0.0327018238	-0.0590319205	0.0288666683	0.12072824999999998
0.014104284	-0.077803633	-0.0406686668	0.0639181885	0.0624921622	-0.0425815792	-0.0770307297	-0.029032	0.054275300000000005	0.0384362	-0.00111684	0.00112711	0.000711064	0.0395979412	0.0161517425	-0.0560945099	0.0188297598	0.0234965444	-0.0206909898	0.08855809999999999
0.0132306372	-0.0783817324	-0.0383347241	0.0661038941	0.0595064671	-0.0470451738	-0.0745740866	-0.0196678	0.142689	0.022160299999999997	-0.00173867	0.0007988219999999999	0.000572345	0.0166964171	-0.0074993577000000014	0.0514030275	0.0050143507	-0.0648955578	0.0807967192	0.16849565
0.0123554694	-0.0789237887	-0.0359611205	0.06816802450000001	0.05634978440000001	-0.0513141282	-0.0716975448	-0.034382300000000005	0.0364748	0.0211558	-0.00106169	0.00087064	0.0008557649999999998	0.0098613694	-0.0521574709	-0.0355521444	-0.0439755021	-0.0378276638	0.0084358176	0.1735441
0.0114788812	-0.0794295525	-0.0335503118	0.0701067834	0.0530311845	-0.0553707806	-0.0684173009	-0.0215983	0.133922	0.0352681	-0.00202725	0.000822646	0.000710855	4.97704e-05	0.0571004589	-0.0151734146	0.0066216555	-0.078578137	0.0786539852	0.1822667
0.0106009733	-0.0798987914	-0.0311047922	0.0719166052	0.0495602034	-0.0591983473	-0.06475182480000001	-0.020306599999999998	0.0361904	0.0219258	-0.000838587	0.0006864089999999999	0.000605765	-0.045760707000000005	-0.0722035312	-0.0202409093	-0.008659952299999999	-0.0141115619	-0.0120724698	0.1838651
0.0097218466	-0.0803312895	-0.0286270917	0.0735941614	0.0459468144	-0.0627809927	-0.0607217553	-0.025191599999999998	0.125075	0.0207196	-0.00187543	0.000853833	0.0008557639999999999	0.0102101878	0.0699568675	-0.0377431831	0.0536933396	0.0294770377	0.034154125099999995	0.1676891
0.0088416023	-0.080726848	-0.0261197739	0.0751363666	0.0422014006	-0.0661038941	-0.05634978440000001	-0.0289009	0.0571068	0.0355095	-0.00102512	0.0008383089999999998	0.0008557639999999999	-0.0165051433	-0.010558964099999998	0.1136089754	0.0606364449	0.0392668018	-0.0805834709	0.12975910000000002
0.0079603416	-0.0810852849	-0.0235854328	0.0765403846	0.0383347241	-0.0691533037	-0.0516605288	-0.017012099999999995	0.11016600000000001	0.00940286	-0.00125159	0.0007436279999999998	0.00112926	0.0607304961	-0.022464812400000003	-0.0747886053	0.0842773194	0.0074243472	0.0452559325	0.12078699
0.0070781657	-0.0814064355	-0.0210266903	0.077803633	0.0343578954	-0.0719166052	-0.0466803921	-0.0318954	0.0706787	0.0484977	-0.00163756	0.000762223	0.00106629	0.0198991792	0.0296825817	0.042058279	0.0193578235	-0.0112348608	-0.0769323378	0.11684219
0.0061951761	-0.0816901521	-0.0184461937	0.0789237887	0.0302823417	-0.0743823661	-0.0414374156	-0.0180382	0.09855850000000001	0.0212449	-0.00153057	0.00100461	0.0008557639999999999	-0.0219305992	-0.0570819227	0.0092275011	-0.0113043001	0.0154367107	0.078648426	0.09698494999999996
0.0053114742	-0.0819363041	-0.0158466129	0.0798987914	0.0261197739	-0.0765403846	-0.0359611205	-0.030453700000000007	0.0682063	0.0294159	-0.0012307	0.00100952	0.0008557639999999999	-0.0804075802	0.0049602273	-0.044898539	-0.0334897276	-0.0404590688	-0.0323218544	0.06617769999999999
0.0044271617	-0.0821447785	-0.0132306372	0.080726848	0.0218821528	-0.0783817324	-0.0302823417	-0.027173900000000004	0.0953429	0.00410304	-0.0011256999999999999	0.000725762	0.00100919	-0.0248855152	0.1064892937	-0.0132615002	-0.0411541922	0.0513698927	0.042048481	0.08283846
0.0035423403000000007	-0.0823154793	-0.0106009733	0.0814064355	0.0175816548	-0.0798987914	-0.0244330544	-0.0285852	0.07829719999999997	0.05797040000000001	-0.0017074499999999995	0.0008459039999999998	0.000936819	-0.0475811862	-0.0044290424	0.0974364571	-0.0103484103	0.0296028043	-0.0789190226	0.11103751
0.0026571115999999995	-0.0824483281	-0.0079603416	0.0819363041	0.0132306372	-0.0810852849	-0.0184461937	-0.0170877	0.08711149999999998	0.00190771	-0.0012704	0.0007245659999999997	0.000978793	0.0668892905	-0.0772722354	-0.0913027721	-0.0024740558	-0.0107843247	0.0781135935	0.10639258999999998
0.0017715775	-0.0825432638	-0.0053114742	0.0823154793	0.0088416023	-0.0819363041	-0.0123554694	-0.0231669	0.08795449999999999	0.05683380000000001	-0.00172757	0.000652362	0.0008557639999999999	0.0494697021	0.0603075012	0.0134598953	-0.07285108259999999	-0.013730414	-0.0405608106	0.09446844
0.0008858397	-0.0826002426	-0.0026571115999999995	0.0825432638	0.0044271617	-0.0824483281	-0.0061951761	-0.011800299999999998	0.07224019999999999	0.0109711	-0.00132963	0.000657041	0.00101457	-0.00034253550000000005	-0.0806658534	0.0376024631	-0.12631068939999998	0.053110318	0.0898574988	0.10101485
0.0	-0.0826192385	-0.0	0.0826192385	0.0	-0.0826192385	-0.0	-0.021082299999999998	0.07119930000000001	0.0562493	-0.00143265	0.0007399189999999999	0.000968326	-0.0184959223	0.0219481405	-0.024910201	-0.0640951826	-0.0366778141	-0.0549607473	0.06720820000000001
-0.0008858397	-0.0826002426	0.0026571115999999995	0.0825432638	-0.0044271617	-0.0824483281	0.0061951761	-0.019091099999999996	0.07154730000000001	0.0180408	-0.00120766	0.0006446280000000001	0.0011333	0.03573289	0.049062067800000005	0.0633391614	-0.0650012851	0.0943331736	0.0342598402	0.06481045000000002
-0.0017715775	-0.0825432638	0.0053114742	0.0823154793	-0.0088416023	-0.0819363041	0.0123554694	-0.0168552	0.0881056	0.0441351	-0.0015692499999999995	0.000484441	0.00121467	0.0241632629	-0.0598942938	0.000203762	-0.0102598704	-0.0581068758	-0.0356842964	0.07504584999999997
-0.0026571115999999995	-0.0824483281	0.0079603416	0.0819363041	-0.0132306372	-0.0810852849	0.0184461937	-0.010767299999999999	0.0455963	0.00856629	-0.0007532049999999997	0.00031273	0.00107236	-0.001764532	0.036878101	-0.0124165725	0.0198081331	0.1274100347	-0.0421056951	0.14066931
-0.0035423403000000007	-0.0823154793	0.0106009733	0.0814064355	-0.0175816548	-0.0798987914	0.0244330544	-0.014174200000000001	0.0893216	0.0503329	-0.00163061	0.000313016	0.000855763	-0.0356899146	-0.0192956571	0.071517855	0.0031636371	0.008683820699999999	0.0086127946	0.14361321
-0.0044271617	-0.0821447785	0.0132306372	0.080726848	-0.0218821528	-0.0783817324	0.0302823417	-0.015242700000000001	0.0533742	0.011390700000000002	-0.000941742	0.000337569	0.00101539	0.0354743653	-0.012567248	-0.0814343862	-0.0169059526	0.0498842419	0.015346833	0.11961050000000001
-0.0053114742	-0.0819363041	0.0158466129	0.0798987914	-0.0261197739	-0.0765403846	0.0359611205	-0.013468	0.09599869999999999	0.0578738	-0.00187485	0.000280507	0.00134849	-0.004003099	0.0726303836	0.0582220921	-0.04647853	-0.0701549039	0.0081777435	0.1570458
-0.0061951761	-0.0816901521	0.0184461937	0.0789237887	-0.0302823417	-0.0743823661	0.0414374156	-0.0160719	0.0646413	0.00782498	-0.000955881	0.00040102800000000016	0.00109706	-0.0353739925	-0.1056897181	-0.0096318192	-0.0461952214	0.0270773035	0.032192224900000004	0.14855612
-0.0070781657	-0.0814064355	0.0210266903	0.077803633	-0.0343578954	-0.0719166052	0.0466803921	-0.012161700000000001	0.09870880000000004	0.0426765	-0.00155814	0.00028854200000000003	0.00112916	0.0167047105	0.0446888525	-0.0288685464	0.0048438228000000005	-0.0125375845	-0.0427754981	0.11017147
-0.0079603416	-0.0810852849	0.0235854328	0.0765403846	-0.0383347241	-0.0691533037	0.0516605288	-0.016964799999999995	0.0655236	0.0146375	-0.000975072	0.00046061800000000004	0.00115046	0.0415796463	0.01640475	0.0723614571	-0.0431684026	0.0991982525	-0.0023653925	0.10484949999999996
-0.0088416023	-0.080726848	0.0261197739	0.0751363666	-0.0422014006	-0.0661038941	0.05634978440000001	-0.0129476	0.11704400000000001	0.017775700000000002	-0.00126847	0.00042866400000000004	0.00156009	0.0350024393	-0.0352462116	0.0203642281	0.084177824	-0.0349792645	-0.0254962663	0.09542489999999999
-0.0097218466	-0.0803312895	0.0286270917	0.0735941614	-0.0459468144	-0.0627809927	0.0607217553	0.038245999999999995	-0.00316623	-0.00494226	-0.000213778	0.000120217	0.00232999	-0.0418830102	-0.0095762383	-0.0093204223	0.0519372494	0.0267729258	-0.06779001929999999	0.30077374
-0.0106009733	-0.0798987914	0.0311047922	0.0719166052	-0.0495602034	-0.0591983473	0.06475182480000001	0.0140106	0.08223710000000001	-0.00422151	-0.00030146700000000003	0.000576484	0.00216534	-0.1107164333	0.0362841155	0.0037735799	0.1291525896	-0.0937232488	0.0027998972	0.14578978
-0.0114788812	-0.0794295525	0.0335503118	0.0701067834	-0.0530311845	-0.0553707806	0.0684173009	0.00328409	0.053365199999999995	-0.00344913	-0.000127031	0.0007956769999999997	0.00189543	-0.1001348087	0.102160199	-0.0075397937	0.1317410744	0.0260134808	0.0206351545	0.07354773999999999
-0.0123554694	-0.0789237887	0.0359611205	0.06816802450000001	-0.05634978440000001	-0.0513141282	0.0716975448	-0.0098009	0.136642	0.00569496	-0.000509905	0.0006305659999999999	0.00199471	0.0054820048	-0.0317480571	0.0304265861	0.1890364533	-0.1055115921	0.0076026668	0.13786913
-0.0132306372	-0.0783817324	0.0383347241	0.0661038941	-0.0595064671	-0.0470451738	0.0745740866	-0.00528125	0.0497278	-0.0044615	-0.000124435	0.00056895	0.00199471	0.1146096539	-0.076989558	-0.0585287958	0.0349019792	-0.0058128624	-0.0402151662	0.12394461
-0.014104284	-0.077803633	0.0406686668	0.0639181885	-0.0624921622	-0.0425815792	0.0770307297	0.0172318	0.118959	0.0298257	-0.0013339300000000005	0.000363195	0.00199471	0.106021776	0.0197839273	0.055683550599999986	0.0486982534	-0.06584343179999999	0.06477358679999999	0.19679395
-0.0149763093	-0.0771897563	0.042960534	0.0616149276	-0.0652982905	-0.0379418119	0.0790536414	0.0137725	0.0344767	-0.00187699	-0.000228953	0.000555288	0.00199471	0.0261195044	-0.0736991867	-0.0335114287	-0.1206878958	-0.0085188388	-0.0278211504	0.18449779
-0.0158466129	-0.0765403846	0.0452079546	0.0591983473	-0.0679167887	-0.0331450678	0.0806314317	0.00389248	0.11641199999999999	0.0145011	-0.00127532	0.000510801	0.00199471	0.0514743654	0.0450437184	-0.0089753217	-0.0022508244	-0.0998994216	0.1078144467	0.16273611
-0.0167150947	-0.0758558164	0.0474086033	0.05667289230000001	-0.0703401329	-0.0282111925	0.0817552165	0.0012180400000000005	0.042236699999999995	0.00630709	-0.000748975	0.00063243	0.00186571	-0.0168067868	-0.1050099242	-0.0029240937	-0.101711638	0.026277726	-0.0703496321	0.12389244999999995
-0.0175816548	-0.0751363666	0.0495602034	0.0540432071	-0.0725613598	-0.023160599	0.0824186682	0.0088	0.11324600000000005	0.010507299999999999	-0.00127843	0.000435069	0.00199471	0.046110948	0.0404304688	-0.0487102585	0.0089219816	-0.008365759300000001	0.0964975553	0.12558227
-0.0184461937	-0.0743823661	0.0516605288	0.0513141282	-0.0745740866	-0.018014183200000002	0.0826180512	0.000611878	0.0671827	0.022933099999999998	-0.0008990789999999998	0.000256238	0.00168334	-0.0598713383	-0.0403840858	0.0339111444	-0.0228906283	0.0159459362	-0.1073347586	0.110154822
-0.019308612	-0.0735941614	0.0537074066	0.0484906747	-0.0763725302	-0.0127932372	0.0823522428	0.00508318	0.0874956	0.00239502	-0.00106048	0.000287608	0.0020785	0.0367419751	0.08413305859999999	-0.0897304851	0.0811673157	0.0575727833	0.0308929056	0.07471883200000001
-0.0201688105	-0.07277211509999999	0.0556987191	0.0455780395	-0.0779515227	-0.0075193617	0.08162273980000001	0.00410429	0.10339200000000001	0.0397782	-0.00193717	0.000148897	0.00160359	0.022412585	0.0309926612	0.1638380127	0.0078351395	-0.0459405857	-0.0903455985	0.12877402
-0.0210266903	-0.0719166052	0.05763240610000001	0.0425815792	-0.079306527	-0.0022143764	0.0804336496	0.00920749	0.0644155	-0.00332573	-0.000968357	0.00035461300000000004	0.00191705	0.0780112646	-0.0681199837	-0.0394728908	0.0252322747	-0.0019501622	0.0966690037	0.16158308
-0.0218821528	-0.0710280251	0.0595064671	0.039506804900000005	-0.0804336496	0.0030997705	0.0787916676	-0.0008110439999999999	0.11181600000000001	0.0313428	-0.00162282	0.00021192599999999998	0.00199471	0.0083009025	0.0527790883	0.0193817712	-0.0396001104	-0.0345214332	-0.0322789053	0.135828064
-0.0227350996	-0.0701067834	0.061318963	0.0363593716	-0.0813296518	0.0084010927	0.0767060391	-0.00256843	0.06133200000000001	-0.00404821	-0.000596844	0.000457196	0.00166615	-0.0048854069	-0.0558743519	0.0565232756	-0.0427190934	0.049730611900000006	0.0602586145	0.167622696
-0.0235854328	-0.0691533037	0.0630680188	0.0331450678	-0.081991959	0.013667657	0.0741885076	-0.00895071	0.09008010000000001	0.00713898	-0.001192	0.00042731800000000004	0.00199471	-0.0065834218	-0.007709068199999999	-0.044836725	-0.0444840721	9.97771e-05	-0.0515404329	0.09399727
-0.0244330544	-0.06816802450000001	0.06475182480000001	0.0298698051	-0.0824186682	0.0188776742	0.0712532484	1.69687e-05	0.07863019999999997	-0.00236363	-0.00116329	0.00026837599999999997	0.00151483	0.0248166029	0.034352330099999995	-0.0041730166	0.0005455591000000001	0.080206233	0.0663705667	0.0632967887
-0.0252778672	-0.0671513987	0.06636863900000001	0.0265396073	-0.0826085531	0.0240095886	0.0679167887	-0.0006286859999999999	0.0698765	0.0256126	-0.00109307	0.000260643	0.00161947	-0.1203822427	-0.031861594300000004	0.0740214329	0.0144975447	0.0617157255	-0.0487329629	0.046505234699999995
-0.0261197739	-0.0661038941	0.0679167887	0.023160599	-0.0825610682	0.0290421682	0.064197915	0.00111708	0.07419349999999998	-0.00979917	-0.000910515	0.000268523	0.00168245	-0.0598752414	-0.0247076832	-0.1191550011	0.0956802597	0.0028248508	0.0467672452	0.054145285999999994
-0.0269586778	-0.0650259921	0.0693946722	0.0197389949	-0.08227635	0.0339545915	0.0601175669	-0.007625619999999999	0.100436	0.019266400000000003	-0.0008957110000000002	0.00041781800000000003	0.00199471	-0.0561364421	0.0921786872	-0.0139411661	-0.0476378455	-0.0453280615	-0.0171858023	0.08786871999999997
-0.0277944824	-0.0639181885	0.0708007604	0.0162810877	-0.0817552165	0.0387265345	0.0556987191	-0.00467325	0.074268	-0.010542000000000001	-0.000918161	0.000337713	0.00199471	0.0374195757	0.034022150099999995	0.0709025224	0.0168555797	0.019439376100000003	0.0467580675	0.06405651999999999
-0.0286270917	-0.0627809927	0.0721335987	0.0127932372	-0.08099916509999999	0.04333825400000002	0.0509662528	-0.00596329	0.0867001	0.030422700000000007	-0.000870401	0.000588089	0.00186092	0.0191255855	-0.0717737294	0.0580115292	-0.0067990003	-0.010617665	-0.053106601	0.07628313999999999
-0.0294564099	-0.0616149276	0.073391808	0.0092818579	-0.0800103684	0.0477706702	0.0459468144	-0.00367424	0.06557769999999999	-0.00507574	-0.000600992	0.000598152	0.00199471	0.0524347514	-0.0361091388	-0.0925982808	-0.0001202904	-0.0058971247	0.0387736896	0.07957298999999997
-0.0302823417	-0.06042052940000001	0.0745740866	0.005753407800000001	-0.0787916676	0.0520054446	0.0406686668	-0.010456300000000002	0.09915460000000001	0.037322900000000006	-0.00113034	0.000551998	0.00171611	-0.009379947	0.0807953711	-0.02383864	-0.0792047169	-0.0603965975	-0.0145151561	0.12546269999999998
-0.0311047922	-0.0591983473	0.07567921150000001	0.0022143764	-0.0773465645	0.0560250569	0.0351615291	-0.00620612	0.060071400000000004	0.00148056	-0.000593883	0.00051178	0.00164189	-0.0041955156	0.0129143697	0.0724602113	-0.0425916293	0.0411213797	0.0199867984	0.11172047000000004
-0.0319236667	-0.0579489435	0.0767060391	-0.0013287276999999998	-0.07567921150000001	0.0598128765	0.0294564099	-0.00820444	0.11594000000000006	0.0313817	-0.0009344830000000001	0.0005498769999999999	0.00199471	0.0031603586	-0.058981748499999986	0.0158510671	-0.0344270325	-0.017459274	-0.0577499097	0.12434391
-0.0327388711	-0.05667289230000001	0.0776535072	-0.004869388	-0.0737943996	0.0633532322	0.0235854328	-0.00522572	0.0738826	-0.00558518	-0.0007309919999999998	0.000428119	0.00199471	0.0739101984	0.0226590995	-0.0693381052	-0.0565480012	0.08818552699999999	-0.06739327219999999	0.09826545
-0.0335503118	-0.0553707806	0.0785206355	-0.0084010927	-0.0716975448	0.06663147650000001	0.0175816548	-0.0049897	0.11779800000000006	0.0236862	-0.00100187	0.000495862	0.00193145	-0.0055846212	0.0256586069	0.0788152658	-0.0867941352	-0.0216432166	-0.0150012579	0.09351685
-0.0343578954	-0.0540432071	0.079306527	-0.0119173466	-0.0693946722	0.06963404620000001	0.0114788812	0.00336244	0.0706548	-0.00595149	-0.00046679800000000004	0.00028790099999999997	0.00186679	0.0165477541	-0.0785967231	-0.0761313795	-0.0821167661	-0.0359205677	-0.0042680794	0.12551768
-0.0351615291	-0.0526907823	0.0800103684	-0.0154116826	-0.0668923989	0.07234851889999999	0.0053114742	-0.0145377	0.11498	0.0313474	-0.00149324	0.0006091509999999999	0.00192912	0.0171201221	0.0806500196	-0.0355917996	-0.0677132364	-0.0428272972	-0.029014544500000006	0.17002533000000006
-0.0359611205	-0.0513141282	0.0806314317	-0.0188776742	-0.064197915	0.0747636639	-0.0008858397	-0.00505174	0.0534568	0.00346432	-0.00045327599999999996	0.00046888699999999997	0.00165193	-0.0812949945	-0.0454356969	0.0692865554	-0.0693546149	0.0812328463	0.0376163864	0.17176313999999998
-0.0367565777	-0.0499138777	0.0811690742	-0.022308946800000003	-0.061318963	0.076869489	-0.0070781657	-0.00690892	0.10928199999999999	0.0124695	-0.0010576	0.000560091	0.00188124	-0.0659433836	0.0511302224	-0.0763094253	0.0604846529	-0.007752609499999999	-0.0299339775	0.11292946000000002
-0.0375478092	-0.0484906747	0.08162273980000001	-0.0256991899	-0.0582638153	0.0786572819	-0.0132306372	-0.00937883	0.060916899999999996	0.00300316	-0.000829135	0.000297264	0.0016236	-0.0198682005	0.0395393602	0.0442548185	0.0612409056	0.0382244215	-0.0286694228	0.09774795
-0.0383347241	-0.0470451738	0.081991959	-0.0290421682	-0.0550412506	0.0801196458	-0.019308612	-0.00330619	0.102677	0.0170607	-0.00100044	0.00036651	0.00199471	0.0241980323	-0.05648874	-0.0182162545	0.0816288951	-0.07042239410000001	0.023289376	0.09247333
-0.0391172318	-0.0455780395	0.08227635	-0.0323317335	-0.0516605288	0.0812505306	-0.0252778672	-0.012568600000000001	0.0432174	0.00810977	-0.000412396	0.000524291	0.00192391	0.0628523903	0.0585730619	-0.0775430205	0.0705853698	0.0412212746	-0.0545229277	0.11850418999999998
-0.0398952426	-0.044089946500000005	0.08247561839999999	-0.035561835800000004	-0.0481313641	0.0820452574	-0.0311047922	-0.0101384	0.107324	0.026671800000000002	-0.000897753	0.000571985	0.00213746	0.0358402823	0.052318362	0.0403430265	-0.013759641	-0.0917038955	0.0661230305	0.12242888
-0.0406686668	-0.0425815792	0.0825895581	-0.0387265345	-0.0444638974	0.0825005382	-0.0367565777	-0.0199347	0.07148389999999999	0.0117116	-0.0008536709999999999	0.000554129	0.00179947	0.0148334342	-0.1063119299	0.07158330759999999	0.0018843943	0.0323138244	-0.0124168213	0.08059299999999997
-0.0414374156	-0.0410536312	0.0826180512	-0.0418200091	-0.0406686668	0.0826144894	-0.0422014006	-0.00615726	0.143266	0.0180833	-0.00104313	0.00048382300000000003	0.00220802	0.0185363425	-0.0281966823	-0.06876901980000001	-0.0306954721	-0.0116143497	0.042429183899999987	0.12534699000000002
-0.0422014006	-0.039506804900000005	0.0825610682	-0.0448365703	-0.0367565777	0.0823866395	-0.0474086033	-0.0143214	0.0696683	-0.00529053	-0.0008493489999999999	0.000434052	0.00199471	-0.0299336641	0.016634289	0.0210466389	-0.0079727218	0.0333569561	-0.080058251	0.12797877000000002
-0.042960534	-0.0379418119	0.0824186682	-0.0477706702	-0.0327388711	0.0818179311	-0.0523488658	-0.00252468	0.11093	0.0181129	-0.000968153	0.000356352	0.00199471	-0.0698573134	-0.0387964244	-0.0046467529	-0.0076339838	0.0537087632	0.0332831401	0.08628705
-0.0437147285	-0.0363593716	0.0821909983	-0.0506169125	-0.0286270917	0.0809107173	-0.056994371399999987	-0.00954798	0.076017	-0.00882449	-0.000545411	0.000568369	0.00199471	-0.032322059900000005	0.0067694696	-0.1145205123	0.0327541629	-0.0085153495	-0.0990742508	0.10061164
-0.0444638974	-0.0347602118	0.0818782943	-0.0533700625	-0.0244330544	0.0796687514	-0.061318963	-0.0164959	0.06642310000000001	0.000668356	-0.000718153	0.000623434	0.00208117	0.0037272101	0.1008522105	-0.0468738195	-0.06703965320000001	0.0281746972	0.1497538415	0.041748016000000006
-0.0452079546	-0.0331450678	0.0814808795	-0.0560250569	-0.0201688105	0.0780971719	-0.0652982905	-0.00944849	0.112133	0.00945551	-0.000921449	0.00039347	0.00221864	0.0179684339	0.0759008766	0.0795519985	-0.0168945697	-0.08120995639999999	-0.0104923509	0.090080964
-0.0459468144	-0.0315146823	0.08099916509999999	-0.0585770125	-0.0158466129	0.0762024808	-0.0689099476	-0.0141821	0.0211762	0.00551065	-0.00019452	0.000589983	0.00199471	-0.0426351121	-0.1187755001	0.0129499147	0.0043917226	0.070442596	0.0473741124	0.15700386999999996
-0.0466803921	-0.0298698051	0.0804336496	-0.0610212361	-0.0114788812	0.07399251700000001	-0.0721335987	-0.00233168	0.037034199999999996	-0.014486600000000004	0.00010501000000000004	0.0006179240000000001	0.00190508	-0.1935053951	-0.0336950773	-0.0906347141	-0.0033761556	-0.029680654700000007	-0.0426185997	0.06856071999999999
-0.0474086033	-0.0282111925	0.079784918	-0.0633532322	-0.0070781657	0.0714764238	-0.0749510924	0.00356603	-0.00169987	-0.000333642	9.23109e-06	0.00024497	0.00166445	-0.2126104518	0.1007028339	-0.048420565599999986	0.06163891360000001	-0.0011933454	0.0698447746	0.0942528835
-0.0481313641	-0.0265396073	0.0790536414	-0.0655687121	-0.0026571115999999995	0.068664611	-0.0773465645	0.00290513	0.102818	-0.0009369469999999999	-0.00023119900000000002	0.00034448	0.00199471	-0.1881167002	-0.0030838640000000004	-0.0175689292	0.06888081900000001	-0.15882883039999998	0.0199602469	0.1392920795
-0.048848591600000005	-0.024855818	0.0782405765	-0.06766360099999999	0.0017715775	0.0655687121	-0.079306527	-0.00350699	0.024754400000000003	0.0094816	-1.66118e-05	0.000414521	0.00187382	-0.0464655954	-0.07211368530000001	0.0230590364	0.1081118302	-0.001965342	-0.0129116203	0.115170177
-0.0495602034	-0.023160599	0.0773465645	-0.06963404620000001	0.0061951761	0.0622015356	-0.0808199441	-0.00220671	0.0949783	0.00145212	-0.000232833	0.000404475	0.00199471	0.0805261238	-0.0096600794	-0.0217344263	0.1296745285	-0.039789724	-0.0673457683	0.09691152
-0.0502661174	-0.0214547298	0.0763725302	-0.0714764238	0.0106009733	0.0585770125	-0.0818782943	-0.00649935	0.0421656	0.014922	0.00023673700000000002	0.0005262330000000001	0.00228523	0.1338540043	-0.0039569381	0.0167284535	-0.0270185103	-0.0105336603	0.010811011200000002	0.11466762
-0.0509662528	-0.0197389949	0.0753194814	-0.07318734519999999	0.0149763093	0.0547101387	-0.08247561839999999	-0.00760945	0.0989553	0.0212511	-0.000384654	0.000502644	0.0023006	0.1997348518	0.0593040551	0.0757625983	-0.0303238271	0.0069756288	-0.0452261831	0.0972464
-0.0516605288	-0.018014183200000002	0.0741885076	-0.0747636639	0.019308612	0.0506169125	-0.0826085531	-0.0148016	0.055797400000000004	0.031225799999999998	-0.00046187699999999997	0.0005190080000000001	0.00228991	0.1757678493	0.017754592	0.1396952808	0.0439105205	0.0467606431	0.0032568639000000003	0.06553859999999999
-0.0523488658	-0.0162810877	0.0729807789	-0.0762024808	0.0235854328	0.0463142688	-0.08227635	0.00143468	0.08105280000000001	0.00622751	-0.000512601	0.000277812	0.00223873	0.1110218475	-0.1208581737	0.0024090071	-0.0180110643	-0.0114358281	-0.0467815583	0.08364497
-0.0530311845	-0.0145405056	0.0716975448	-0.0775011496	0.0277944824	0.0418200091	-0.0814808795	-0.00421594	0.0395778	0.0142591	-0.000556968	0.000160818	0.00213404	0.0886615266	0.0552494347	-0.0586601657	-0.0930543671	-0.0210953349	0.0086904936	0.06845976
-0.0537074066	-0.0127932372	0.0703401329	-0.0786572819	0.0319236667	0.0371527273	-0.08022662059999999	0.00382028	0.103278	0.0285607	-0.00135746	0.00011750600000000001	0.0020848000000000004	0.0404658922	0.0546040796	0.0497847067	-0.08561144679999999	-0.0521769578	-0.0131552829	0.13069021999999994
-0.0543774543	-0.0110400859	0.0689099476	-0.0796687514	0.0359611205	0.0323317335	-0.0785206355	0.0030614	0.0606249	0.031002699999999998	-0.00119942	9.58468e-05	0.00215489	0.0054630612	-0.0614702208	0.0790988852	0.0201393937	0.0819790373	-0.008632565	0.05834343999999999
-0.0550412506	-0.0092818579	0.06740846860000001	-0.0805336979	0.0398952426	0.0273769736	-0.0763725302	-0.00446941	0.121628	0.045740499999999996	-0.00169585	0.000137891	0.00181787	-0.0568361631	-0.0699098992	-0.0422322646	-0.0310933875	0.0361980673	-0.0086733226	0.12704642
-0.0556987191	-0.0075193617	0.0658372492	-0.0812505306	0.0437147285	0.022308946800000003	-0.0737943996	-0.00280193	0.0313012	0.026239	-0.000847882	0.00011619700000000005	0.00199471	-0.1017126741	-0.0045043062	-0.1205045577	-0.0772479656	0.0116646319	0.0203091204	0.16382087999999995
-0.05634978440000001	-0.005753407800000001	0.064197915	-0.0818179311	0.0474086033	0.017148621200000002	-0.0708007604	-0.000540384	0.0589464	0.000563706	-8.073890000000001e-05	0.000182521	0.00204627	-0.1707049402	0.0378246313	-0.0043723144	-0.0513614237	-0.011595337	0.0086439693	0.09983339500000002
-0.056994371399999987	-0.0039848083	0.0624921622	-0.0822348559	0.0509662528	0.0119173466	-0.06740846860000001	0.0324135	-0.0164884	0.000258882	0.000131603	1.0060199999999999e-05	0.00272482	-0.0622652496	-0.0718799017	-0.0303623177	-0.0698190878	0.0501757968	0.0061214558	0.161861143
-0.05763240610000001	-0.0022143764	0.0607217553	-0.0825005382	0.0543774543	0.0066367663	-0.0636366248	0.036532	0.09042589999999999	0.000453044	3.13306e-05	5.9851999999999995e-05	0.00295391	-0.0913513209	0.0691952384	-0.0453174146	-0.0373487896	0.0370835844	0.0087018778	0.130184672
-0.0582638153	-0.0004429262	0.0588885262	-0.0826144894	0.05763240610000001	0.0013287276999999998	-0.0595064671	0.0308106	0.037001199999999984	0.00892204	3.13306e-05	-4.7243900000000003e-05	0.00272482	-0.0666446938	-0.010726341499999998	0.0700200297	0.0969834527	0.0294189187	0.0609323742	0.084424391
-0.0588885262	0.0013287276999999998	0.056994371399999987	-0.08257649980000001	0.0607217553	-0.0039848083	-0.0550412506	0.0231907	0.10118300000000001	0.023796599999999998	-0.000141474	0.00017063400000000002	0.00272482	0.004875059	0.0208650368	-0.0292088075	0.1200557515	0.005689827099999999	0.0170886737	0.106210385
-0.0595064671	0.0030997705	0.0550412506	-0.0823866395	0.0636366248	-0.0092818579	-0.0502661174	0.026863599999999998	0.06476900000000001	0.0309305	0.000335205	-0.00012030700000000001	0.00299637	0.1082369363	0.039513128	-0.0165026609	0.0972143152	0.0212930008	-0.0922454025	0.0991793
-0.0601175669	0.004869388	0.0530311845	-0.0820452574	0.06636863900000001	-0.0145405056	-0.0452079546	0.040438	0.12824100000000002	0.028514400000000002	-5.278530000000002e-06	0.00010660799999999999	0.00322532	0.1590076298	0.0220151092	0.0902649762	-0.026580579	-0.0779918054	0.0417103136	0.11927992650000001
-0.0607217553	0.0066367663	0.0509662528	-0.0815529816	0.0689099476	-0.0197389949	-0.0398952426	0.0429401	0.041681499999999996	0.0226072	0.000119876	-0.000144066	0.00312781	0.1047634749	-0.0615436203	0.053585198	0.0040283801	-0.0249926587	0.039849503	0.11863572649999996
-0.061318963	0.0084010927	0.048848591600000005	-0.0809107173	0.0712532484	-0.024855818	-0.0343578954	0.0387575	0.11932000000000001	0.024989400000000002	-0.000566392	-6.93133e-05	0.00329037	0.0540513917	0.0452456159	0.015353194099999997	0.0023995308	0.0093442737	-0.0055585579	0.130382335
-0.0619091212	0.010161556	0.0466803921	-0.0801196458	0.073391808	-0.0298698051	-0.0286270917	0.030574599999999997	0.033136800000000015	0.018753299999999997	0.000370492	7.652849999999999e-06	0.00329037	0.0242663638	-0.0210254228	0.1478425179	0.0819338739	0.0536985658	-0.0125348479	0.1512947075
-0.0624921622	0.0119173466	0.0444638974	-0.0791812221	0.0753194814	-0.0347602118	-0.0227350996	0.028759800000000002	0.10601700000000001	0.00116135	-5.6752799999999996e-05	2.72179e-07	0.00304037	0.0886963083	-0.0486914518	-0.0731204238	0.055097626100000005	-0.0009419251	-0.0061278051000000005	0.12651822355
-0.0630680188	0.013667657	0.0422014006	-0.0780971719	0.0770307297	-0.039506804900000005	-0.0167150947	0.0424293	0.026716399999999998	0.0190144	0.00010978200000000001	-0.000284079	0.00329037	0.0854394325	0.0240501982	-0.0032739743	0.0543911106	0.0754244845	-0.0486734426	0.14586744895
-0.0636366248	0.0154116826	0.0398952426	-0.076869489	0.0785206355	-0.044089946500000005	-0.0106009733	0.036360500000000004	0.107696	0.0119021	-0.000399964	-0.000258708	0.0028754	-0.0141724373	-0.0150021625	0.0222662902	-0.0222479609	0.035637334900000005	0.0582159813	0.14166505
-0.064197915	0.017148621200000002	0.0375478092	-0.0755004314	0.079784918	-0.0484906747	-0.0044271617	0.037455699999999995	0.012711799999999999	0.00163316	7.01362e-05	-8.980489999999999e-05	0.00292798	-0.0656857167	0.0233221703	-0.07417271389999999	0.0279578942	-0.0367321745	0.038214363	0.140927505
-0.06475182480000001	0.0188776742	0.0351615291	-0.07399251700000001	0.0808199441	-0.0526907823	0.0017715775	0.0384733	0.10019600000000001	0.0196937	-0.000429946	-9.009139999999999e-05	0.00281169	-0.1382180552	0.0926536684	-0.008862929399999999	-0.0468673633	-0.0436945748	0.0647086122	0.137395275
-0.0652982905	0.0205980464	0.0327388711	-0.07234851889999999	0.08162273980000001	-0.05667289230000001	0.0079603416	0.0283596	0.0640637	0.0008701479999999997	-8.362649999999997e-05	-6.83154e-05	0.00289812	-0.0756224415	-0.036270288	0.07533958389999999	0.0699390218	-0.0352919405	0.0394447574	0.08779582699999999
-0.0658372492	0.022308946800000003	0.0302823417	-0.0705714608	0.0821909983	-0.06042052940000001	0.014104284	0.0325755	0.143301	0.0135701	-0.000339555	-0.000187548	0.00291054	0.0213373094	0.0010429948	-0.0623654774	0.0820261236	-0.0355258004	-0.0356869826	0.115532207
-0.06636863900000001	0.0240095886	0.0277944824	-0.068664611	0.0825230869	-0.0639181885	0.0201688105	0.0361651	0.059978599999999986	0.0183161	-0.000404026	-0.000159708	0.00295352	0.0680278086	0.026615254100000003	0.0424679143	0.0544097932	0.0526625173	-0.029271082200000006	0.09842255
-0.0668923989	0.0256991899	0.0252778672	-0.06663147650000001	0.0826180512	-0.0671513987	0.0261197739	0.0357906	0.12326300000000001	0.0421847	-0.00120459	-0.000296571	0.00298661	0.0104980436	-0.0548539401	0.0261412857	-0.003017406	0.0397201659	0.0552159127	0.13605335
-0.06740846860000001	0.0273769736	0.0227350996	-0.0644757965	0.08247561839999999	-0.0701067834	0.0319236667	0.042642400000000004	0.0545881	0.013343	-0.000380575	-0.00038347800000000003	0.00295339	0.0296148312	0.0642826381	-0.06890122139999999	0.0097780077	0.0442403087	-0.0713932711	0.15157549999999995
-0.0679167887	0.0290421682	0.0201688105	-0.0622015356	0.0820961977	-0.07277211509999999	0.0375478092	0.032422900000000004	0.115321	0.0478063	-0.000911624	-7.363809999999998e-05	0.00293924	-0.0112099116	0.068770998	0.0455568454	-0.06579560400000001	-0.052900152	0.0560565927	0.148167645
-0.0684173009	0.030694008	0.0175816548	-0.0598128765	0.0814808795	-0.0751363666	0.042960534	0.036142099999999996	0.0621541	0.0041013	-0.000170357	-8.566029999999997e-05	0.00288129	0.0436837589	-0.1220778834	0.0235484296	-0.050524266	-0.0011962375	0.034286930099999995	0.14115306
-0.0689099476	0.0323317335	0.0149763093	-0.0573142124	0.0806314317	-0.0771897563	0.0481313641	0.0347769	0.11961199999999995	0.038883	-0.00112739	-0.00010368299999999999	0.00304037	0.0610100818	-0.0369400766	-0.0301928356	-0.021834681600000003	0.0128385541	0.027959007200000004	0.15031158500000005
-0.0693946722	0.0339545915	0.0123554694	-0.0547101387	0.0795502952	-0.0789237887	0.0530311845	0.0513982	0.0397114	0.0178487	-0.000614823	-0.00037629	0.00311014	-0.0113905742	0.0511771204	0.0265467622	0.0034475245	0.0517370791	-0.0351316008	0.16030339999999998
-0.0698714189	0.035561835800000004	0.0097218466	-0.0520054446	0.0782405765	-0.0803312895	0.05763240610000001	0.0435843	0.127958	0.0521283	-0.00172088	-0.000425666	0.00293678	-0.0508834826	-0.0259934959	0.0310476241	0.0374183854	0.0111889574	0.0859796483	0.19677975
-0.0703401329	0.0371527273	0.0070781657	-0.0492051046	0.0767060391	-0.0814064355	0.0619091212	0.048075400000000004	0.046815800000000005	0.00426634	-0.000291343	-0.00031723900000000003	0.00311471	0.0091379459	-0.07873083780000001	-0.1010366861	-0.0244139356	-0.0835283728	-0.1063890403	0.21928996
-0.0708007604	0.0387265345	0.0044271617	-0.0463142688	0.0749510924	-0.0821447785	0.0658372492	0.05580790000000002	0.124385	0.0511511	-0.00162035	-0.000512166	0.00373254	0.0103603797	0.060775043	0.0113879153	-0.0878203583	0.0609235942	0.0762827195	0.23927466
-0.0712532484	0.0402825336	0.0017715775	-0.04333825400000002	0.0729807789	-0.0825432638	0.0693946722	0.0645097	0.08778689999999999	0.0150196	-0.0007873839999999999	-0.000436562	0.00341001	0.0166118967	-0.08511193140000001	0.0061750037	-0.07923143349999999	-0.0630359108	-0.0455537888	0.1429864
-0.0716975448	0.0418200091	-0.0008858397	-0.0402825336	0.0708007604	-0.0826002426	0.0725613598	0.052860500000000005	0.0872314	0.0619576	-0.00167154	-0.0007522360000000001	0.00337721	0.0074132680000000015	0.066774312	-0.0650732009	-0.1273108817	0.0692930053	0.0427037655	0.12077420000000005
-0.0721335987	0.04333825400000002	-0.0035423403000000007	-0.0371527273	0.0684173009	-0.0823154793	0.0753194814	0.064349	0.11191	0.0279327	-0.00178627	-0.0007692009999999997	0.00320838	-0.045726746	-0.0229917275	0.0626707742	-0.1164259601	-0.0318405224	-0.0173648273	0.08521824999999998
-0.0725613598	0.0448365703	-0.0061951761	-0.0339545915	0.0658372492	-0.0816901521	0.0776535072	0.0634005	0.08536589999999998	0.0415149	-0.00154081	-0.0009252539999999999	0.00334285	-0.0154138767	-0.015527099	-0.05194605150000002	-0.0918053647	-0.0241711208	0.0355490479	0.06787395000000003
-0.0729807789	0.0463142688	-0.0088416023	-0.030694008	0.0630680188	-0.080726848	0.0795502952	0.0560305	0.10714800000000001	0.031246100000000002	-0.00135212	-0.000506111	0.00282328	-0.0479771292	0.0767335549	0.0245930286	-0.0922193138	-0.0343323904	-0.0391105556	0.09579105
-0.073391808	0.0477706702	-0.0114788812	-0.0273769736	0.0601175669	-0.0794295525	0.08099916509999999	0.057959199999999995	0.08851139999999999	0.045682	-0.00169361	-0.000323967	0.0032070999999999996	-0.0366614038	0.035029632799999995	0.0488526501	0.0162120492	0.0458485017	0.0583893587	0.08037389999999997
-0.0737943996	0.0492051046	-0.014104284	-0.0240095886	0.056994371399999987	-0.077803633	0.081991959	0.0532621	0.134205	0.036456300000000004	-0.00197478	-0.00048710800000000004	0.0030623	0.0280718466	-0.1012719895	-0.0177611179	-0.0037532192	-0.1179542786	-0.0516576911	0.08907195000000001
-0.0741885076	0.0506169125	-0.0167150947	-0.0205980464	0.0537074066	-0.0758558164	0.0825230869	0.0569932	0.0699374	0.0433443	-0.00134872	-0.0006978039999999999	0.00337572	0.048744047	-0.0007150435	-0.0709484049	-0.0618958233	-0.0196446485	0.05595910690000002	0.13239550000000005
-0.0745740866	0.0520054446	-0.019308612	-0.017148621200000002	0.0502661174	-0.0735941614	0.0825895581	0.059433000000000014	0.141118	0.049611300000000004	-0.00219582	-0.000641858	0.00338975	-0.0450907127	0.0396981538	0.0267675834	-0.0719088255	-0.1219798488	-0.0287300787	0.12574119999999994
-0.0749510924	0.0533700625	-0.0218821528	-0.013667657	0.0466803921	-0.0710280251	0.0821909983	0.0587123	0.0774332	0.0402035	-0.00176746	-0.000718349	0.00305107	-0.0720669871	-0.0331635007	0.0712848995	0.0834281878	0.0406643263	0.0185239772	0.11598985
-0.0753194814	0.0547101387	-0.0244330544	-0.010161556	0.042960534	-0.06816802450000001	0.0813296518	0.06825189999999999	0.159501	0.0474788	-0.00227571	-0.0008134429999999997	0.00329048	-0.0457537958	0.0061674681	-0.0564691906	0.1032072545	0.0026052557	-0.1617850931	0.1410204
-0.07567921150000001	0.0560250569	-0.0269586778	-0.0066367663	0.0391172318	-0.0650259921	0.0800103684	0.07969039999999998	0.0706794	0.025550599999999996	-0.00138891	-0.000970829	0.00331109	0.0400047931	-0.0160220805	-0.1080180061	0.0729182745	0.0214221272	-0.050693111	0.17542809999999998
-0.0760302412	0.0573142124	-0.0294564099	-0.0030997705	0.0351615291	-0.0616149276	0.0782405765	0.06380830000000001	0.153588	0.0563946	-0.00221978	-0.0007762389999999999	0.00347843	0.0087219762	0.0356688619	0.0354585264	-0.0494230951	-0.073607193	-0.0121153511	0.18927470000000002
-0.0763725302	0.0585770125	-0.0319236667	0.0004429262	0.0311047922	-0.0579489435	0.0760302412	0.0652231	0.0726064	0.035619599999999994	-0.00116545	-0.0007762389999999999	0.00338706	-0.008170805699999999	-0.0607584091	0.0114717305	-0.0003187748	0.0241178429	-0.0070499069999999985	0.16045640000000005
-0.0767060391	0.0598128765	-0.0343578954	0.0039848083	0.0269586778	-0.0540432071	0.073391808	0.0618776	0.131857	0.054886800000000006	-0.00206109	-0.0007762389999999999	0.00351146	-0.06179396	0.0096735198	-0.0634487873	0.0073621447	-0.0011515123	-0.0975059294	0.13286530000000002
-0.0770307297	0.0610212361	-0.0367565777	0.0075193617	0.0227350996	-0.0499138777	0.0703401329	0.049529000000000004	0.07274850000000001	0.0204719	-0.0013317000000000001	-0.000739119	0.00312867	-0.0330009816	0.0365801875	0.0314305892	0.0194367217	0.0693402581	-0.0439227546	0.16333699999999998
-0.0773465645	0.0622015356	-0.0391172318	0.0110400859	0.0184461937	-0.0455780395	0.0668923989	0.050251699999999996	0.132125	0.048263	-0.00203568	-0.00120751	0.00381565	-0.0658182053	-0.0613809757	-0.0118196519	-0.0166851979	0.0262125998	-0.0456322968	0.18085785
-0.0776535072	0.0633532322	-0.0414374156	0.0145405056	0.014104284	-0.0410536312	0.0630680188	0.0520144	0.09270199999999999	0.0202611	-0.00111483	-0.00109096	0.00353329	0.0011386892	0.0488077595	-0.1134638712	0.0537580931	0.1128903189	-0.0081296498	0.13517559999999998
-0.0779515227	0.0644757965	-0.0437147285	0.018014183200000002	0.0097218466	-0.0363593716	0.0588885262	0.0477202	0.15626800000000002	0.0194174	-0.000450343	-0.000669807	0.00404304	-0.092970582	0.075035431	0.0179034775	0.0218128634	-0.0627483404	0.0614092109	0.14847339999999998
-0.0782405765	0.0655687121	-0.0459468144	0.0214547298	0.0053114742	-0.0315146823	0.0543774543	0.0615273	0.049159100000000004	0.0159708	-0.0007853710000000001	-0.000829663	0.00370209	-0.0956890328	-0.0913520701	-0.0331949675	0.029684096200000006	-0.0419301929	0.0656795364	0.16615429999999998
-0.0785206355	0.06663147650000001	-0.0481313641	0.024855818	0.0008858397	-0.0265396073	0.0495602034	0.0625909	0.158083	0.03938169999999999	-0.00165105	-0.0009550580000000001	0.00385651	-0.0625114533	0.0927894419	-0.0442465958	0.058323721	0.0238840576	-0.0319755512	0.1906731
-0.0787916676	0.06766360099999999	-0.0502661174	0.0282111925	-0.0035423403000000007	-0.0214547298	0.0444638974	0.0647799	0.06012090000000001	0.013727200000000002	-0.000688125	-0.0007762389999999999	0.00379304	0.0140191261	-0.001728251	0.1180694485	0.0639839701	-0.0038369177	-0.0288864315	0.1860663
-0.0790536414	0.068664611	-0.0523488658	0.0315146823	-0.0079603416	-0.0162810877	0.0391172318	0.06217869999999999	0.167464	0.0722015	-0.00189647	-0.00133908	0.00401215	0.0681145316	-0.0342762306	0.0044432534	0.0661588227	-0.024991174900000003	0.0128434532	0.26793340000000004
-0.079306527	0.06963404620000001	-0.0543774543	0.0347602118	-0.0123554694	-0.0110400859	0.0335503118	0.0687341	0.07814749999999998	0.0329422	-0.00107454	-0.00101794	0.00406624	0.1383068792	0.0234356429	-0.0097668142	0.0628887135	0.095045664	-0.1007186807	0.1949892
-0.0795502952	0.0705714608	-0.05634978440000001	0.0379418119	-0.0167150947	-0.005753407800000001	0.0277944824	0.0639359	0.170749	0.0854344	-0.00248595	-0.00126214	0.00402527	0.0903575806	0.026177099900000004	0.0854557592	0.0204468674	0.0414951678	0.04789054	0.23472089999999998
-0.079784918	0.0714764238	-0.0582638153	0.0410536312	-0.0210266903	-0.0004429262	0.0218821528	0.07314679999999997	0.10169600000000001	0.00973968	-0.00143828	-0.00133126	0.00372059	0.0496912258	-0.0835402107	-0.0047796278	-0.0341154318	-0.0360970547	-0.0172811002	0.22503212
-0.0800103684	0.07234851889999999	-0.0601175669	0.044089946500000005	-0.0252778672	0.004869388	0.0158466129	0.04853590000000002	0.13005999999999998	0.0406215	-0.00156083	-0.00111579	0.00401287	0.05054714440000002	0.0462726285	-0.0483039336	-0.06959585089999999	0.0219825467	0.0703000675	0.11537172
-0.08022662059999999	0.07318734519999999	-0.0619091212	0.0470451738	-0.0294564099	0.010161556	0.0097218466	0.0557856	0.113229	0.033983	-0.00148889	-0.00125708	0.00361122	0.0473828895	0.0533461109	0.0229830921	-0.0222530689	-0.00497828	0.0408183093	0.061463199999999996
-0.0804336496	0.07399251700000001	-0.0636366248	0.0499138777	-0.0335503118	0.0154116826	0.0035423403000000007	0.0557539	0.0985797	0.06196910000000001	-0.00167232	-0.00119985	0.00344299	-0.06590903070000001	-0.0420288923	0.0739366422	-0.0137679805	0.0177091116	-0.0009334243	0.06311159999999999
-0.0806314317	0.0747636639	-0.0652982905	0.0526907823	-0.0375478092	0.0205980464	-0.0026571115999999995	0.061916599999999995	0.0718027	0.017470199999999998	-0.0013288000000000006	-0.0008369659999999998	0.00339139	-0.0672925208	-0.0152139743	-0.0663500721	0.0134887491	0.0037394122	-0.0419517341	0.11533879999999998
-0.0808199441	0.0755004314	-0.0668923989	0.0553707806	-0.0414374156	0.0256991899	-0.0088416023	0.0574627	0.0820448	0.0568484	-0.00140037	-0.0007846059999999998	0.00375536	-0.06277507980000001	0.0870191049	-0.0262595818	-0.0327367559	0.0012070639	0.0804622549	0.0784692
-0.08099916509999999	0.0762024808	-0.0684173009	0.0579489435	-0.0452079546	0.030694008	-0.0149763093	0.0609553	0.11657100000000001	0.0281298	-0.0008881199999999998	-0.0007411439999999999	0.00383122	-0.0300803704	0.069601459	0.0629570386	-0.0039666391	-0.022515776	0.0403366101	0.09831599999999996
-0.0811690742	0.076869489	-0.0698714189	0.06042052940000001	-0.048848591600000005	0.035561835800000004	-0.0210266903	0.054312900000000004	0.07649199999999999	0.0586029	-0.00109182	-0.0007411439999999999	0.00398533	0.00801683	-0.027033346	0.0754123266	0.088652274	0.0250469185	0.0695065137	0.09508499999999998
-0.0813296518	0.0775011496	-0.0712532484	0.0627809927	-0.0523488658	0.0402825336	-0.0269586778	0.0723964	0.146627	0.0376464	-0.00154944	-0.0013703500000000006	0.00388521	0.094963046	-0.0611703942	-0.0216680731	0.0527874268	-0.067647375	-0.0446512696	0.1685223
-0.0814808795	0.0780971719	-0.0725613598	0.0650259921	-0.0556987191	0.0448365703	-0.0327388711	0.0694175	0.0558689	0.0781006	-0.00176596	-0.00111188	0.00400265	0.0916573509	0.0121859475	0.0158748984	0.0670368578	-0.0066911709	-0.0016115270000000002	0.1638127
-0.08162273980000001	0.0786572819	-0.0737943996	0.0671513987	-0.0588885262	0.0492051046	-0.0383347241	0.065627	0.13855300000000004	0.0573089	-0.0020468	-0.00100198	0.00387115	-0.0019016221	-0.0230375494	0.029293529	0.0091073294	-0.0463820765	0.017299936999999998	0.13337829999999998
-0.0817552165	0.0791812221	-0.0749510924	0.0691533037	-0.0619091212	0.0533700625	-0.0437147285	0.0649258	0.07023070000000001	0.0456694	-0.00118547	-0.000807953	0.00400265	0.0436944307	-0.0597222167	-0.0457907537	0.0309950578	-0.057939247	-0.0180368606	0.14000585
-0.0818782943	0.0796687514	-0.0760302412	0.0710280251	-0.06475182480000001	0.0573142124	-0.048848591600000005	0.06197680000000001	0.13455999999999999	0.07874830000000001	-0.0014803	-0.0011107100000000002	0.00400266	0.0895910592	0.05722142700000001	0.007049075500000002	0.0723632298	0.0123291668	-0.0363512616	0.13023705
-0.081991959	0.0801196458	-0.0770307297	0.07277211509999999	-0.06740846860000001	0.0610212361	-0.0537074066	0.06156080000000001	0.0826572	0.0653516	-0.00110833	-0.00123242	0.00408215	0.137248808	0.052008538	0.0895329027	0.08023333740000001	-0.0200519204	-0.0492049316	0.09437399999999996
-0.0820961977	0.0805336979	-0.0779515227	0.0743823661	-0.0698714189	0.0644757965	-0.0582638153	0.0635922	0.142824	0.0911431	-0.00219603	-0.00145172	0.00408143	0.048855090199999986	-0.0190972022	0.066555837	0.0353490601	0.008672864399999999	0.0408310852	0.15337570000000006
-0.0821909983	0.0809107173	-0.0787916676	0.0758558164	-0.0721335987	0.06766360099999999	-0.0624921622	0.0580322	0.0750398	0.018275599999999996	-0.00164276	-0.0015432	0.00389686	0.0609892486	-0.1037312198	-0.0345064389	-0.0281529261	-0.0555778325	-0.0361137331	0.1876777
-0.08227635	0.0812505306	-0.0795502952	0.0771897563	-0.0741885076	0.0705714608	-0.06636863900000001	0.0476378	0.111625	0.0600053	-0.00312597	-0.0020343	0.00370767	0.0439041415	-0.0059242971	-0.0744960863	-0.1574407541	0.0574530262	0.051243549400000005	0.19688429999999998
-0.0823522428	0.0815529816	-0.08022662059999999	0.0783817324	-0.0760302412	0.07318734519999999	-0.0698714189	0.074783	0.16212000000000001	0.0607393	-0.00288885	-0.00172348	0.00425266	0.0228035078	0.0636347617	-0.0211048725	-0.0908920263	-0.0206404737	-0.0143693036	0.13302070000000002
-0.0824186682	0.0818179311	-0.0808199441	0.0794295525	-0.0776535072	0.0755004314	-0.0729807789	0.07259269999999997	0.08129609999999997	0.07473830000000001	-0.00221525	-0.0016394000000000005	0.00401542	-0.0895490878	-0.055137728	0.0701400053	0.0379807918	0.1293527722	0.0227854196	0.14675920000000006
-0.08247561839999999	0.0820452574	-0.0813296518	0.0803312895	-0.0790536414	0.0775011496	-0.07567921150000001	0.0554923	0.14840599999999998	0.053965599999999996	-0.00244478	-0.00165944	0.00377156	-0.1289014128	-0.058426191900000014	-0.0584607742	-0.011570903600000002	-0.0453479177	0.0122173792	0.12965449999999998
-0.0825230869	0.0822348559	-0.0817552165	0.0810852849	-0.08022662059999999	0.0791812221	-0.0779515227	0.07122769999999999	0.0717898	0.0462564	-0.00171312	-0.00161348	0.00383813	-0.1308929087	-0.0226598548	-0.0632259447	-0.0145131056	0.0123281147	0.028071861	0.1422703
-0.0825610682	0.0823866395	-0.0820961977	0.0816901521	-0.0811690742	0.0805336979	-0.079784918	0.063263	0.16237100000000002	0.08897530000000001	-0.00288575	-0.00182028	0.00386926	-0.076539346	0.0941325395	-0.0181363141	-0.024387779100000003	-0.0214880051	-0.0643128026	0.21179279999999998
-0.0825895581	0.0825005382	-0.0823522428	0.0821447785	-0.0818782943	0.0815529816	-0.0811690742	0.0721367	0.0783072	0.0514312	-0.0024121	-0.00184932	0.00381934	0.0566569962	0.0815117193	-0.0310909577	-0.0466954634	0.1111974788	-0.039060761400000005	0.15811209999999998
-0.0826085531	0.08257649980000001	-0.0825230869	0.0824483281	-0.0823522428	0.0822348559	-0.0820961977	0.0594165	0.170396	0.0971573	-0.00309449	-0.00157089	0.00364378	0.0031076071	0.02427904	0.0220266665	-0.016086384	-0.0725490077	0.08985923	0.2073541
-0.0826180512	0.0826144894	-0.0826085531	0.0826002426	-0.0825895581	0.08257649980000001	-0.0825610682	0.0645274	0.101079	0.0560832	-0.002378	-0.00146783	0.00363203	-0.0933126949	-0.1058972936	0.0177212232	-0.0608836498	0.0015389935	-0.0059387516	0.15706699999999998
