0.0918610248	0.0918549718	0.0918448838	0.0918307613	0.0918126049	0.0	0.07494119999999999	0.0217689	-0.00120078	-0.0	0.0	-0.0015734284	-0.021183394700000004	0.1939197985	0.0909894883	-0.1710072252	-0.1878520599	0.0
0.0918448838	0.0917904153	0.0916996582	0.0915726486	0.0914094366	-0.0096958	0.10818499999999999	0.023336799999999998	-0.00245071	-0.000378508	0.000530864	0.0163508401	-0.0367366332	-0.0693568639	0.0117406899	0.0130675968	-0.0580697243	0.1524726
0.0918126049	0.0916613475	0.0914094366	0.0910571485	0.0906048703	-0.0194384	0.10339300000000001	0.0682018	-0.00284991	-0.00037898900000000004	0.000531368	0.0637227447	-0.010543345700000002	0.17267462949999998	-0.052274001	0.0176731413	-0.0790769588	0.07940885000000003
0.0917641935	0.0914678594	0.0909746778	0.0902857102	0.0894024392	-0.010722200000000001	0.0739948	0.039594599999999994	-0.00247527	-0.000315602	0.0005332480000000001	0.0643069562	0.0985648203	-0.0283060775	0.0459237004	0.001132661	0.0039728874	0.08871695000000003
0.0916996582	0.0912100867	0.0903960694	0.0892605018	0.0878074234	-0.0156739	0.124279	0.0768785	-0.00310652	-0.00048752199999999994	0.000427475	0.047383027800000005	0.0005465956	0.0635075367	0.0468049884	0.0710963256	-0.046108126500000006	0.13796695000000006
0.0916190104	0.0908882107	0.0896745262	0.087984405	0.08582682679999999	-0.011420399999999999	0.09404349999999999	0.0546321	-0.00280269	-0.000562121	0.000466416	0.0398513591	-0.0672936095	-0.0207145229	0.004327290300000001	-0.1314839951	-0.0073128337	0.0776039
0.0915222642	0.0905024577	0.0888111892	0.0864610066	0.0834693467	-0.011395	0.12258699999999999	0.09671460000000001	-0.00328782	-0.00038844	0.000401045	0.0235407278	0.0160627511	0.0119571103	-0.0310515181	-0.1185244912	0.0461550967	0.10686049999999997
0.0914094366	0.09005309859999999	0.0878074234	0.08469458839999999	0.0807453353	-0.011165799999999998	0.0891932	0.04643680000000002	-0.00233824	-0.000439596	0.000556187	0.0267177806	0.06358283740000001	-0.1191180727	0.0895749399	0.0023009798	0.0630060545	0.14169469999999998
0.0912805474	0.0895404494	0.08666481599999999	0.0826901155	0.0776667542	-0.011416500000000001	0.12638	0.0863077	-0.00336483	-0.00037313	0.000336817	0.0119540542	-0.0221333635	-0.0058546168	0.0422628449	0.0275566047	-0.00959127	0.1429297
0.0911356193	0.0889648703	0.0853851737	0.0804532217	0.07424712230000001	-0.00102996	0.0993554	0.040251199999999994	-0.00239381	-5.74006e-05	0.00028627599999999997	0.0057913468	0.0188738893	-0.0142998178	0.005171357	-0.0981687047	0.0725160124	0.15033216
0.0909746778	0.0883267658	0.08397052	0.07799019459999999	0.07050145570000001	-0.00562546	0.14602599999999996	0.06988639999999999	-0.00366243	-0.00014773	0.000273053	-0.0032146097	0.0300307688	-0.0097383313	0.034251537	-0.0328607093	0.08084858639999999	0.14950991999999996
0.0907977511	0.0876265845	0.0824230915	0.07530795700000001	0.0664462025	-0.00531054	0.0935773	0.063233	-0.00293865	-0.000135706	0.000444839	0.0010225198	-0.0157112765	-0.104269512	0.0506539374	0.06352488	0.0490577874	0.10479651999999996
0.0906048703	0.0868648184	0.0807453353	0.072414048	0.0620991702	-0.008173619999999998	0.135273	0.0699003	-0.00364674	-0.000512974	0.000409662	-0.0078225553	0.0172680605	0.0754620756	-0.0410301126	0.074123311	-0.0225447008	0.10725283
0.0903960694	0.08604200279999999	0.078939904	0.0693166017	0.0574794475	-0.008565929999999998	0.0823746	0.051367899999999994	-0.00246081	-0.0004506030000000001	0.000380449	0.0269591379	0.0786020492	-0.0415026352	0.0265762031	-0.0338049889	-0.0364397403	0.13569881
0.0901713849	0.08515871609999999	0.0770096525	0.0660243242	0.0526073205	-0.00577099	0.12958499999999998	0.07644049999999998	-0.00316427	-0.000467849	0.000490134	-0.0285668061	-0.0165113651	-0.0284769457	0.0180543141	0.0432582378	-0.037124748	0.11659748999999996
0.08993085640000001	0.08421557910000001	0.074957633	0.0625464692	0.0475041838	-0.00504102	0.0932284	0.0413307	-0.0026264	-0.00055115	0.0004994919999999999	-0.0432249897	-0.0683077033	0.0184940377	0.0268774188	-0.08488988089999999	0.0034948804	0.10372282
0.0896745262	0.0832132545	0.07278709	0.058892812	0.0421924464	-0.00578988	0.12268299999999999	0.08590989999999997	-0.00314952	-0.000328961	0.00041850199999999996	-0.0309061534	0.03700968	0.001069464	-0.0380745829	-0.0264804353	0.0657391357	0.11609761
0.0894024392	0.08215244690000001	0.07050145570000001	0.05507362230000002	0.0366954331	0.00708489	0.0941381	0.0468225	-0.00266444	-0.000571269	0.0008366149999999998	-0.0008922530000000002	0.0596858356	-0.0567765428	0.0904511042	0.1206311222	0.0429878101	0.13778211999999998
0.0891146434	0.0810339018	0.0681043441	0.0510996347	0.0310372824	0.0068313	0.13056600000000002	0.0984944	-0.00482913	-0.000800212	0.0008633659999999999	0.0163176636	-0.0424655372	-0.0152901773	-0.0564365744	0.061480184000000014	-0.0162529945	0.20937259
0.0888111892	0.0798584053	0.0655995455	0.0469820191	0.0252428406	0.00687594	0.0721896	0.0493165	-0.0033571999999999994	-0.000658634	0.000717713	-0.0024179816	0.0417324795	-0.0165805615	0.0766473551	-0.0051349612	0.0465018142	0.19555699
0.08849212990000001	0.07862678349999999	0.0629910206	0.0427323491	0.0193375523	0.00668239	0.112823	0.0692865	-0.00398411	-0.0008522239999999997	0.000837643	-0.044331293	-0.0270596204	-0.048271805999999993	-0.006023001	0.0517759941	-0.0396991998	0.10781845
0.0881575217	0.0773399021	0.0602828939	0.0383625694	0.0133473487	0.00337069	0.0626385	0.0651865	-0.00319964	-0.00051438	0.000604037	-0.008991474000000001	-0.050872126100000005	0.0267960446	0.0006818175	-0.0843832868	-0.0008154823	0.12539220000000004
0.0878074234	0.0759986654	0.0574794475	0.0338849624	0.0072985341	-0.00162324	0.132953	0.077528	-0.00401708	-0.00061046	0.00048786699999999996	0.0147163211	0.0315595017	-0.0768443433	-0.09349719	-0.0126348373	0.0390138736	0.13913442999999998
0.08744189640000001	0.0746040162	0.0545851143	0.0293121133	0.0012176701	-0.00343447	0.07780419999999999	0.0847285	-0.00355464	-0.000387111	0.000471936	0.0347393489	0.1104210179	-0.0534903436	0.0477062086	0.134284712	0.0191522746	0.09924652999999996
0.0870610049	0.0731569346	0.0516044709	0.0246568755	-0.004868541	-0.00241503	0.148531	0.0706346	-0.00447013	-0.000600498	0.0005906780000000001	-0.006908119599999999	-0.109837847	-0.0737417851	-0.0549060233	0.0525184521	-0.0277368914	0.14822109
0.08666481599999999	0.0716584376	0.0485422302	0.0199323335	-0.0109333732	-0.00390632	0.109126	0.09645319999999999	-0.00482476	-0.000391941	0.00045441300000000003	-0.0317587217	-0.072297714	0.0645510812	-0.1000775574	0.001542903	0.08412030779999999	0.10168749
0.0862533992	0.0701095784	0.0454032342	0.0151517667	-0.0169501947	-0.0029933000000000004	0.127619	0.07891419999999999	-0.00433386	-0.00037763	0.000255853	-0.0114144406	0.0157572783	-0.044054898899999986	-0.1316304442	-0.0608084694	0.0695391253	0.07213357
0.08582682679999999	0.0685114455	0.0421924464	0.0103286123	-0.0228925844	-0.0121882	0.159136	0.0903242	-0.00452435	-0.000343638	0.00033723199999999997	-0.0093127777	-0.0007022658	-0.023090484900000003	-0.07496843339999999	-0.028866955	-0.0008776966000000001	0.06741494999999996
0.0853851737	0.066865162	0.0389149436	0.005476426800000001	-0.028734448	-0.00149447	0.100643	0.0573258	-0.0037911999999999998	-0.000229654	0.000352969	-0.0646111624	0.0031816505	-0.059563212699999986	-0.1002473832	0.1306729609	-0.055636095700000006	0.14532868
0.0849285176	0.0651718852	0.0355759084	0.0006088484	-0.034450132599999995	-0.00332936	0.131583	0.0791965	-0.00415212	-0.000325768	0.00047254400000000003	-0.1250985252	0.0189550907	0.0274501659	-0.1181801143	0.0337842076	0.017568790900000002	0.08347603999999997
0.0844569388	0.0634328049	0.0321806203	-0.0042604413	-0.0400145395	-0.00354906	0.126994	0.047925800000000005	-0.00428542	-0.000586728	0.00046490800000000004	-0.0785177327	0.08254425559999999	0.0638806951	-0.0032092059000000004	0.0806086779	-0.0027596453000000003	0.05617420000000002
0.08397052	0.0616491434	0.028734448	-0.0091177559	-0.0454032342	-0.00381147	0.13754	0.0976954	-0.00468714	-0.000349809	0.0005146269999999999	-0.1045115761	-0.0710958442	-0.0642944654	-0.0780914286	0.0573398373	0.014800782	0.09499591
0.0834693467	0.0598221543	0.0252428406	-0.0139494429	-0.0505925538	-0.00364744	0.139308	0.00913929	-0.00443556	-0.000583166	0.000264627	-0.0424407181	0.0802407584	0.16384488349999998	-0.0278568829	0.006772761899999999	0.0698323901	0.12723499000000002
0.082953507	0.0579531217	0.0217113192	-0.0187419216	-0.055559711	-0.00141015	0.0807929	0.098971	-0.00450928	-0.00070657	0.0005146269999999999	0.0226130717	-0.015179527	-0.0980198951	-0.0763049258	-0.0026966338	0.0495274541	0.17294030000000002
0.0824230915	0.056043359	0.0181454677	-0.0234817216	-0.0602828939	0.00784458	0.112754	0.0392638	-0.00452102	-0.000890142	0.00102531	0.048577225	-0.17982483719999998	0.0560364534	0.0507421583	0.0111053873	0.1095880876	0.13622278
0.0818781935	0.054094208600000006	0.0145509244	-0.0281555204	-0.064741362	0.0418142	0.0432117	0.0162312	-0.00293905	-0.00134938	0.0018721	0.0581682688	-0.0397620293	-0.0004231354	0.0316579031	-0.06941962900000001	-0.017687525	0.27094442
0.0813189087	0.0521070402	0.0109333732	-0.0327501813	-0.0689155372	0.009201799999999998	0.170438	0.035912599999999996	-0.00369069	-0.00100995	0.00111565	0.0043525688	0.0251588683	0.1153612353	0.0473978961	0.0375761925	-0.0334087571	0.2718961
0.0807453353	0.0500832505	0.0072985341	-0.0372527898	-0.07278709	0.00589951	0.07422729999999997	0.0683582	-0.00248208	-0.0005192840000000001	0.000867668	0.0025098147	0.0241706622	-0.0538217539	0.0419905256	0.0328558077	-0.0386795301	0.22932149
0.0801575741	0.0480242618	0.0036521544	-0.0416506902	-0.07633901950000001	0.008539639999999998	0.163437	0.0623957	-0.00360358	-0.000893337	0.000978588	0.0614076123	-0.0644034029	0.0329517523	0.0788060203	0.0157866178	0.0224346235	0.17813598000000005
0.0795557284	0.0459315212	0.0	-0.0459315212	-0.0795557284	0.012421799999999998	0.0859457	0.0622767	-0.00304076	-0.0009188369999999999	0.00122167	0.1378822208	0.0523974118	-0.0152520859	0.046110738	-0.038429719300000005	-0.1089739103	0.12306255999999995
0.078939904	0.0438064995	-0.0036521544	-0.0500832505	-0.0824230915	0.00114741	0.14960599999999996	0.0644088	-0.00421359	-0.00106892	0.00122936	0.0642720415	-0.0058644477	0.0462733442	-0.0295147516	0.0151011887	-0.0562912895	0.14359693999999998
0.0783102091	0.0416506902	-0.0072985341	-0.054094208600000006	-0.0849285176	0.016422799999999998	0.07838789999999997	0.0694162	-0.00325905	-0.00141533	0.00150187	-0.0020007857	0.0716764692	-0.0161195672	0.0519622905	-0.0421201851	-0.0520602491	0.17017388999999994
0.0776667542	0.0394656084	-0.0109333732	-0.0579531217	-0.0870610049	0.0191313	0.15412999999999996	0.0446224	-0.00471456	-0.00143649	0.00123143	-0.0194731618	-0.1510564094	-0.0254639856	0.0702649246	-0.0190199833	-0.0095200565	0.1905999
0.0770096525	0.0372527898	-0.0145509244	-0.0616491434	-0.0888111892	0.00893927	0.058178499999999994	0.0420893	-0.00329821	-0.00122877	0.00144833	0.0199277715	0.0312291858	0.0180224476	-0.0066711049	-0.1261034369	-0.0150748386	0.20072513
0.07633901950000001	0.0350137895	-0.0181454677	-0.0651718852	-0.0901713849	0.0102988	0.151764	0.043176199999999984	-0.00473272	-0.0011841200000000005	0.000822192	0.0194659851	-0.0388256246	0.0221692576	0.0301806865	0.08534439	-0.0348577669	0.20129683
0.0756549729	0.0327501813	-0.0217113192	-0.0685114455	-0.0911356193	0.018856400000000002	0.0673876	0.0647832	-0.00365424	-0.0008162039999999997	0.00114515	-0.009144576	0.008304397	-0.0311688075	-0.0417709994	-0.0931063602	-0.0948291943	0.20300870000000001
0.074957633	0.0304635559	-0.0252428406	-0.0716584376	-0.0916996582	0.017777999999999995	0.160113	0.052149	-0.00413572	-0.00153056	0.00113472	-0.0904034061	0.0002020004	-0.0016123492000000002	0.028643099900000007	0.0178512886	-0.0148784868	0.16675129999999996
0.07424712230000001	0.0281555204	-0.028734448	-0.0746040162	-0.0918610248	0.0127101	0.0813195	0.07011339999999999	-0.0035732	-0.0008955069999999998	0.00101556	-0.0984725344	-0.119061835	-0.0135584333	0.018634698	0.0058531431	-0.0666199744	0.16766245
0.0735235656	0.0258276969	-0.0321806203	-0.0773399021	-0.0916190104	0.00598295	0.162043	0.0670966	-0.00474946	-0.000944304	0.000828653	-0.0667951471	0.0927299418	0.074591713	-0.0615317215	0.0300959109	0.0725692984	0.16106564999999998
0.07278709	0.0234817216	-0.0355759084	-0.0798584053	-0.0909746778	0.00451545	0.111262	0.058497	-0.00369113	-0.00067688	0.0008520949999999997	-0.0087328387	0.1027185015	-0.0092994147	0.0166574881	0.0743296051	-0.0812974976	0.12830789999999995
0.0720378251	0.021119243	-0.0389149436	-0.08215244690000001	-0.08993085640000001	-0.00466228	0.14872	0.0802277	-0.00450126	-0.00043513300000000004	0.000799111	-0.0649482286	-0.0450678358	-0.0586105906	-0.0113633865	0.06521376849999999	-1.85629e-05	0.12360948
0.0712759023	0.0187419216	-0.0421924464	-0.08421557910000001	-0.08849212990000001	0.00351495	0.132383	0.026527600000000002	-0.00425394	-0.00075595	0.000818276	-0.0380702884	0.006465423499999999	0.0467707779	-0.024023911	-0.0623599644	-0.0400728912	0.10757943
0.07050145570000001	0.0163514282	-0.0454032342	-0.08604200279999999	-0.08666481599999999	-0.00354861	0.15872999999999998	0.0708804	-0.00484528	-0.00075595	0.00044405	-0.0812351837	0.0266393078	-0.0069759762	-0.0143606625	-0.0192667633	-0.0466483066	0.12604166000000006
0.0697146213	0.0139494429	-0.0485422302	-0.0876265845	-0.0844569388	0.00239805	0.11095	0.047678	-0.00402584	-0.0005118540000000001	0.000537788	-0.05424224230000002	-0.1272305122	0.0513536896	0.0322902994	0.0200121493	-0.01458762	0.13479276000000004
0.0689155372	0.0115376538	-0.0516044709	-0.0889648703	-0.0818781935	-0.00023186799999999998	0.1342	0.09103589999999999	-0.00474961	-0.000430006	0.000374488	-0.0332687777	0.036583003	0.05149126440000002	-0.0720690294	-0.0012755439	0.08888413199999999	0.117683718
0.0681043441	0.0091177559	-0.0545851143	-0.09005309859999999	-0.078939904	-0.000287102	0.12269600000000006	0.0500515	-0.00440299	-0.0007681710000000001	0.000598734	0.0359273901	0.0967023745	0.0637304211	-0.0029513397	0.1124718925	0.0581589422	0.09799518400000004
0.06728118429999999	0.00669145	-0.0574794475	-0.0908882107	-0.0756549729	-0.00610306	0.12013099999999999	0.11947200000000001	-0.00475648	-0.0007378369999999998	0.000624065	0.0366325662	-0.0388437315	-0.0031905645	-0.061092738	0.017161655300000002	0.047423421900000005	0.09825920800000004
0.0664462025	0.0042604413	-0.0602828939	-0.0914678594	-0.0720378251	-0.00193251	0.12175200000000005	0.032095900000000004	-0.00449271	-0.00100174	0.000864375	0.0243837366	0.08658481779999999	0.0342210525	-0.0151090753	-0.0095402189	0.122277381	0.13156680000000004
0.0655995455	0.0018264382	-0.0629910206	-0.0917904153	-0.0681043441	0.0009693010000000002	0.11349600000000006	0.09392719999999999	-0.00457345	-0.000983651	0.000859057	0.0132051214	0.0116347918	0.0198724005	7.12576e-05	0.0298915714	0.0632150424	0.07819646100000001
0.064741362	-0.0006088484	-0.0655995455	-0.0918549718	-0.0638718027	0.00257057	0.114175	0.060606799999999995	-0.0042613	-0.000850539	0.000616176	0.0391108272	-0.0832593287	-0.0013071538	0.0020262527	-0.1286216202	0.0582363881	0.070007819
0.0638718027	-0.0030437072	-0.0681043441	-0.0916613475	-0.0593587869	-0.00318028	0.153826	0.0918013	-0.00505231	-0.00104256	0.0007964409999999997	0.0412977752	-0.0116851831	-0.0138375166	-0.0314792299	-0.06041598240000001	0.0299313967	0.13476115
0.0629910206	-0.005476426800000001	-0.07050145570000001	-0.0912100867	-0.0545851143	-0.000283737	0.112908	0.0678893	-0.00420596	-0.00109327	0.000644474	0.0309465332	0.0307231761	-0.0678909162	0.0368069316	0.1102876476	0.016036821399999998	0.12017789300000001
0.0620991702	-0.0079052975	-0.07278709	-0.0905024577	-0.0495717471	-0.00519942	0.159339	0.102094	-0.00430919	-0.000771338	0.000783816	0.0412413986	-0.0320970228	0.0622219471	0.0094841825	0.0796332064	-0.016727602	0.113776583
0.0611964085	-0.0103286123	-0.074957633	-0.0895404494	-0.0443407	0.0108955	0.092916	0.0607536	-0.00405352	-0.00105282	0.00107224	0.0745230345	0.0200626707	0.0126141421	0.0126354422	-0.0754590213	-0.0405531017	0.16513712000000005
0.0602828939	-0.0127446681	-0.0770096525	-0.0883267658	-0.0389149436	0.0165507	0.144819	0.09792689999999996	-0.0049952	-0.0012025	0.0009601810000000001	0.015894570900000002	0.0132973473	-0.049792617	-0.029534877200000007	0.0436714121	-0.0264990883	0.15490245
0.0593587869	-0.0151517667	-0.078939904	-0.0868648184	-0.0333183036	0.00941404	0.0970178	0.0782329	-0.00408704	-0.0010988	0.00099948	-0.0362285391	-0.0539420297	0.0382674539	0.0076018608	-0.1022609778	0.035930995	0.12718981
0.0584242501	-0.0175482166	-0.0807453353	-0.08515871609999999	-0.027575356	0.00834437	0.160484	0.10298399999999999	-0.0054894	-0.00133372	0.0009012270000000002	-0.056989522	0.024931079900000003	-0.0867462923	-0.0395561967	-0.0206341086	0.0256965876	0.17606361999999998
0.0574794475	-0.0199323335	-0.0824230915	-0.0832132545	-0.0217113192	0.00285131	0.114816	0.0907142	-0.00440013	-0.0010597999999999998	0.000832782	-0.035568266	-0.1027490981	-0.0138063384	0.05704456650000001	0.0037763559	0.047499403	0.13501261
0.0565245452	-0.0223024417	-0.08397052	-0.0810339018	-0.0157519435	0.00697619	0.151278	0.0377725	-0.00505626	-0.00121361	0.000747108	0.0182269299	0.06398964559999999	0.0203199818	0.0043966516	-0.0048896823	0.0312938251	0.13830927999999998
0.055559711	-0.0246568755	-0.0853851737	-0.07862678349999999	-0.0097233977	0.00591196	0.08973289999999999	0.0926888	-0.0038483000000000002	-0.00102037	0.0007657419999999999	0.0028824578000000004	-0.0060483938	-0.034591384	0.0306866046	0.047772145	-0.0184063644	0.18851733
0.0545851143	-0.0269939802	-0.08666481599999999	-0.0759986654	-0.0036521544	-0.00037958400000000003	0.15929000000000001	0.0776858	-0.00505655	-0.00130721	0.0008216569999999999	0.0230373542	0.0327676101	0.070664295	-0.0618063207	-0.0596126765	-0.0235411303	0.168401894
0.05360092650000002	-0.0293121133	-0.0878074234	-0.0731569346	0.0024351262	0.00539399	0.0783735	0.0930577	-0.00405887	-0.0012386500000000006	0.00102108	0.0267638051	0.0682541961	-0.0371285127	0.0411758842	-0.0522542693	-0.0973402129	0.16534512399999998
0.0526073205	-0.0316096456	-0.0888111892	-0.0701095784	0.0085117137	-0.00172887	0.162496	0.07484299999999999	-0.00472115	-0.00120098	0.000860933	0.0270242877	-0.111970149	-0.0361223783	0.0592233477	-0.0015594970000000002	0.0020128568	0.15246491
0.0516044709	-0.0338849624	-0.0896745262	-0.066865162	0.0145509244	0.00267402	0.0874289	0.09813250000000001	-0.00407844	-0.00106762	0.0009905839999999999	0.0598649711	-0.031177567000000007	0.025308297200000003	0.0090906625	-0.1377441764	-0.0675699005	0.14804554
0.0505925538	-0.0361364644	-0.0903960694	-0.0634328049	0.0205262391	-0.000379559	0.17438999999999996	0.06731430000000001	-0.00428558	-0.00112442	0.000590642	0.0474256505	0.0693442404	-0.0535214547	0.0146146306	-0.0064618006	0.0173703515	0.154026979
0.0495717471	-0.0383625694	-0.0909746778	-0.0598221543	0.0264114187	-0.00543291	0.0796428	0.0661975	-0.00361015	-0.0009251960000000001	0.0007098639999999999	0.0644381601	0.0008399194	-0.0163001923	0.0377302402	0.07926639889999999	-0.0707055786	0.15061115099999994
0.0485422302	-0.0405617128	-0.0914094366	-0.056043359	0.0321806203	-0.00455247	0.156944	0.0876317	-0.0045666000000000005	-0.000938602	0.00042928800000000016	-0.0101589955	0.0347316032	0.06680275599999999	-0.0141435038	0.0111057894	-0.0066863792	0.16213744000000002
0.0475041838	-0.0427323491	-0.0916996582	-0.0521070402	0.03780851	-0.00593764	0.0879896	0.06589249999999999	-0.00355793	-0.0007670539999999998	0.0005963709999999999	0.0195548548	0.084088526	0.06241180280000001	0.0678355429	0.0066304677	-0.060795148499999986	0.15944382
0.046457790599999986	-0.0448729527	-0.0918448838	-0.0480242618	0.0432703747	-0.0050569	0.146091	0.11264500000000001	-0.00446349	-0.0008698239999999999	0.000631982	-0.0108766847	-0.0069202176	-0.1064290222	-0.0050169098	0.0205913476	0.0591003724	0.15793169
0.0454032342	-0.0469820191	-0.0918448838	-0.0438064995	0.0485422302	0.00537027	0.10569200000000001	0.0846984	-0.00392473	-0.0007875639999999999	0.0007701769999999999	0.061092228	-0.081899334	0.0468756349	-0.0102731292	-0.0693732593	-0.0038141048	0.11673351999999998
0.0443407	-0.049058066100000006	-0.0916996582	-0.0394656084	0.05360092650000002	-0.00128721	0.12186500000000001	0.124001	-0.00504072	-0.000646897	0.0008525199999999997	0.019902634	0.027566214300000003	-0.1048758013	-0.1546982247	-0.103048572	0.055658950599999986	0.12908308
0.0432703747	-0.0510996347	-0.0914094366	-0.0350137895	0.0584242501	0.00167273	0.15095	0.0808928	-0.00442298	-0.00105936	0.000772639	0.0214746843	0.0761804296	0.0060921662	-0.0172770943	0.037569655	-0.0915872532	0.13065734
0.0421924464	-0.053105289900000005	-0.0909746778	-0.0304635559	0.0629910206	-0.00284475	0.13013	0.12626700000000002	-0.00477285	-0.000993745	0.000638045	-0.0852367929	0.077711457	-0.1499881934	-0.0567305899	0.0849589279	-0.1234948804	0.09821563000000004
0.0411071044	-0.05507362230000002	-0.0903960694	-0.0258276969	0.06728118429999999	-0.0011772000000000006	0.146012	0.0669663	-0.00509032	-0.0010091000000000002	0.0006123459999999999	-0.1383788303	-0.0732914434	0.0746416492	0.009682928	-0.0023637088	-0.0395022322	0.09477644999999996
0.0400145395	-0.0570032484	-0.0896745262	-0.021119243	0.0712759023	-0.00203561	0.117737	0.0980064	-0.00432084	-0.000879772	0.000630764	-0.1549502834	0.0023409276	0.015851508400000002	-0.0054546365	-0.1022872244	0.0498486226	0.10603480999999997
0.0389149436	-0.058892812	-0.0888111892	-0.0163514282	0.074957633	-0.00198272	0.149234	0.051021300000000006	-0.004400899999999999	-0.00109604	0.000468115	-0.0559416637	0.1288753392	0.055487959100000005	0.1151033705	0.06887861070000001	0.1224456527	0.10148384
0.03780851	-0.0607409853	-0.0878074234	-0.0115376538	0.0783102091	-0.00621639	0.110371	0.09913999999999999	-0.00395654	-0.0010462300000000002	0.0007569239999999999	0.0310834046	-0.0199869516	-0.043725514900000005	0.0961859241	-0.0198442598	0.0638859353	0.13036432000000006
0.0366954331	-0.0625464692	-0.08666481599999999	-0.00669145	0.0813189087	0.00212806	0.119414	0.0561499	-0.00401472	-0.000998213	0.000696302	0.08417940480000001	0.0245320596	0.0781546023	0.0452298708	-0.0765411093	0.098601137	0.06871850000000003
0.0355759084	-0.0643079948	-0.0853851737	-0.0018264382	0.08397052	0.000511374	0.11801199999999999	0.11382	-0.00418384	-0.000960041	0.000839627	0.0956359569	0.0247698926	-0.08911676199999999	0.0864947149	-0.0481625309	0.0896859299	0.07821963599999998
0.034450132599999995	-0.0660243242	-0.08397052	0.0030437072	0.0862533992	-0.000862201	0.13189800000000002	0.0763668	-0.00420403	-0.000887176	0.00103507	0.1229306848	-0.1217186434	-0.0254855183	0.14457918949999998	0.0381799015	0.0017249132	0.067137675
0.0333183036	-0.067694251	-0.0824230915	0.0079052975	0.0881575217	0.000158138	0.125209	0.152064	-0.00457974	-0.000827503	0.000796736	0.0984376795	0.0049563599	-0.0517606607	-0.0173515666	-0.06448822400000001	-0.0578852466	0.11709238899999998
0.0321806203	-0.0693166017	-0.0807453353	0.0127446681	0.0896745262	0.00470444	0.136399	0.07824989999999997	-0.00425541	-0.0008931819999999999	0.00095329	0.0744750192	0.0617800089	-0.014151595	0.0771966883	0.0698972967	-0.0617775277	0.11687855199999996
0.0310372824	-0.070890236	-0.078939904	0.0175482166	0.0907977511	-0.00043146	0.14066099999999998	0.130873	-0.00481313	-0.00104462	0.000856291	0.0505849284	0.010526803	-0.0767702099	0.0152892586	0.0460926366	-0.1385654909	0.10232884999999996
0.0298884911	-0.072414048	-0.0770096525	0.0223024417	0.0915222642	0.000632996	0.120922	0.0580539	-0.00440758	-0.000794619	0.0008016189999999999	0.0168586202	0.0425040893	0.0463890147	0.049161193099999986	-0.051924797	-0.0929017985	0.129133706
0.028734448	-0.0738869668	-0.074957633	0.0269939802	0.0918448838	-0.00179095	0.12864	0.114178	-0.00491538	-0.0008998439999999998	0.000811028	-0.0369642459	0.0214598977	-0.0938248616	0.011466667	-0.0703959943	-0.0863380169	0.09738774599999996
0.027575356	-0.07530795700000001	-0.07278709	0.0316096456	0.0917641935	0.0119305	0.12847	0.07076210000000001	-0.00537604	-0.000648575	0.0009864189999999999	-0.0263161521	-0.1097283918	0.0669024532	0.1077482702	0.06264275799999999	0.0195387435	0.10167335000000004
0.0264114187	-0.07667602009999999	-0.07050145570000001	0.0361364644	0.0912805474	0.014398900000000001	0.0926944	0.130773	-0.00835943	-0.000519151	0.001377	-0.0037014002	-0.0191112658	0.0001220056	-0.1900501099	-0.0305677412	0.0963564396	0.27342464999999994
0.0252428406	-0.07799019459999999	-0.0681043441	0.0405617128	0.0903960694	0.00528067	0.17774799999999996	0.0865853	-0.00803216	-0.000794896	0.00117026	-0.0048463687	0.0295461403	0.0971091244	-0.0655108002	0.08253171349999999	-0.0202320353	0.17884727999999991
0.0240698272	-0.0792495569	-0.0655995455	0.0448729527	0.0891146434	0.00367748	0.142247	0.12234300000000001	-0.00643386	-0.000782118	0.00106285	-0.0516568242	0.008837708199999999	-0.0819460793	-0.0719183426	0.08714574970000001	-0.1302801151	0.15878628999999994
0.0228925844	-0.0804532217	-0.0629910206	0.049058066100000006	0.08744189640000001	0.00420758	0.198429	0.0706647	-0.00709034	-0.000678685	0.0008053439999999999	-0.120323113	0.0066041537	0.1091993291	-0.0553536771	0.022366593	-0.0255994253	0.15926134999999994
0.0217113192	-0.0816003433	-0.0602828939	0.053105289900000005	0.0853851737	0.00418739	0.0963118	0.09600449999999999	-0.00556374	-0.000617296	0.000609641	-0.1247328402	0.0453716703	-0.0052944158	-0.017406303300000002	-0.07717581230000001	0.0282668232	0.21666179
0.0205262391	-0.0826901155	-0.0574794475	0.0570032484	0.082953507	0.00352012	0.176529	0.088298	-0.00657287	-0.000580825	0.000991117	-0.06371440839999999	-0.0578990425	-0.0395747443	0.088043359	0.0117161554	0.1424118876	0.15994482
0.0193375523	-0.0837217722	-0.0545851143	0.0607409853	0.0801575741	0.00696035	0.09965860000000004	0.117157	-0.00628795	-0.000586115	0.00126132	0.0847543732	-0.024153156	-0.0183930563	0.0217939921	0.0980736313	0.0165492237	0.13719028
0.0181454677	-0.08469458839999999	-0.0516044709	0.0643079948	0.0770096525	0.00392967	0.159419	0.149093	-0.00704111	-0.000663903	0.0008436889999999999	0.0610694856	-0.0728145343	0.041615559100000005	-0.0216184821	0.0506784447	0.0630719834	0.15715603
0.0169501947	-0.08560788050000001	-0.0485422302	0.067694251	0.0735235656	0.011431299999999998	0.108172	0.07696899999999998	-0.006859100000000001	-0.000627695	0.000943533	0.0742730039	0.0393682034	0.0522643768	-0.0305073422	-0.0685626427	-0.0809351624	0.14677573
0.0157519435	-0.0864610066	-0.0454032342	0.070890236	0.0697146213	-0.00175833	0.145458	0.130375	-0.00675192	-0.000506696	0.000864788	-0.0635854092	-0.0159561066	-0.0470856789	0.0107097446	-0.0573145965	0.0001624931	0.11922783
0.0145509244	-0.0872533671	-0.0421924464	0.0738869668	0.0655995455	0.00547131	0.139492	0.0714909	-0.00603871	-0.0008282549999999999	0.000583426	-0.0391457834	-0.1391419004	0.0189654989	0.102675416	-0.007746843499999999	-0.007654225799999998	0.13788628999999994
0.0133473487	-0.087984405	-0.0389149436	0.07667602009999999	0.0611964085	0.00443801	0.136463	0.127551	-0.00660577	-0.000643742	0.00100539	-0.0136362222	0.05234172980000002	0.0415269408	-0.0517492791	-0.0622565532	0.1338348249	0.11879925000000002
0.0121414276	-0.0886536067	-0.0355759084	0.0792495569	0.0565245452	0.00768117	0.13616600000000004	0.08938839999999999	-0.00625567	-0.000761928	0.0008996489999999998	0.07217415419999999	0.0793784419	-0.0131202144	0.043396883	0.1277416476	0.0733521795	0.07040411000000002
0.0109333732	-0.0892605018	-0.0321806203	0.0816003433	0.0516044709	0.00302174	0.131152	0.143123	-0.00651416	-0.00046196400000000004	0.00103553	0.0570049751	-0.0505834572	-0.062156394	-0.0359867492	0.0621903163	0.0574666012	0.09812478
0.0097233977	-0.0898046638	-0.028734448	0.0837217722	0.046457790599999986	0.00724009	0.158723	0.08242349999999997	-0.007569799999999998	-0.000925915	0.00110282	0.08812853279999999	0.0417530223	0.081618285	-0.0268711133	-0.0503133713	-0.0271367108	0.17183289999999998
0.0085117137	-0.0902857102	-0.0252428406	0.08560788050000001	0.0411071044	0.0110191	0.128088	0.13151300000000002	-0.007469639999999999	-0.000836713	0.00124591	-0.0261275637	0.0294028672	-0.0609053749	-0.070032225	0.0478568214	-0.0892082008	0.10012611
0.0072985341	-0.0907033029	-0.0217113192	0.0872533671	0.0355759084	0.00991962	0.159583	0.0712567	-0.00708349	-0.000678978	0.0009179769999999999	-0.1095272577	-0.0280598272	0.0667472399	-0.0049384472	0.0025620548	-0.0317735302	0.13644167999999998
0.006084071999999999	-0.0910571485	-0.0181454677	0.0886536067	0.0298884911	0.0264454	0.100722	0.130864	-0.00754698	-0.0008217949999999997	0.00129021	-0.135718302	0.0239659529	-0.0097398743	-0.047823028	-0.090489219	0.1341868683	0.18392108
0.004868541	-0.0913469983	-0.0145509244	0.0898046638	0.0240698272	0.022690900000000003	0.15679399999999996	0.141138	-0.010541600000000002	-0.00108489	0.00150376	-0.0207029415	0.0080614741	0.0002241623	-0.036031555	0.0478485526	0.1409500302	0.24366375
0.0036521544	-0.0915726486	-0.0109333732	0.0907033029	0.0181454677	0.015654399999999995	0.127104	0.16775	-0.00942249	-0.00130475	0.00163031	0.0196039105	0.06001495730000001	-0.038398291800000005	-0.0352879048	0.0893012846	-0.0018899615	0.13661449999999994
0.0024351262	-0.0917339407	-0.0072985341	0.0913469983	0.0121414276	0.0227569	0.21418800000000002	0.129942	-0.00932755	-0.0014913699999999995	0.00127629	-0.0205748273	-0.0807428528	-0.0128537404	-0.0319507457	0.0422399791	-0.0287599988	0.1637735
0.0012176701	-0.0918307613	-0.0036521544	0.0917339407	0.006084071999999999	0.0244185	0.114988	0.150534	-0.0094581	-0.00114874	0.00133917	-0.052585742000000005	-0.0193047038	0.0307933615	-0.0386275597	-0.0907553146	-0.0490305636	0.14825660000000002
0.0	-0.0918630424	-0.0	0.0918630424	0.0	0.0218192	0.179292	0.11249100000000001	-0.00883996	-0.00114601	0.00118236	-0.0616005427	-0.1179510866	-0.0161915471	0.0038547473	0.0559335122	0.0004513864	0.14383030000000008
-0.0012176701	-0.0918307613	0.0036521544	0.0917339407	-0.006084071999999999	0.022373	0.112696	0.156712	-0.00814271	-0.000632312	0.00125779	0.0022085255	-0.0003188091	0.0989857516	-0.0589392875	-0.0778686594	0.0245301909	0.17568970000000006
-0.0024351262	-0.0917339407	0.0072985341	0.0913469983	-0.0121414276	0.0216501	0.157911	0.12170299999999999	-0.00881107	-0.00104042	0.00128122	0.0451785081	0.0338567929	-0.0065110396	-0.0016148334	0.13494577800000002	0.0965608817	0.13594180000000006
-0.0036521544	-0.0915726486	0.0109333732	0.0907033029	-0.0181454677	0.026587400000000004	0.115462	0.16447699999999998	-0.00864641	-0.00101577	0.00163031	0.0698954297	-0.1204860133	-0.0203720711	-0.0365809404	0.0037708345	0.0410574155	0.11708030000000005
-0.004868541	-0.0913469983	0.0145509244	0.0898046638	-0.0240698272	0.022612200000000002	0.17565699999999998	0.103776	-0.00898495	-0.00116127	0.0013151	0.0956226552	0.0248011505	0.0267656228	-0.0564498333	-0.0170859951	-0.0730392673	0.16483370000000006
-0.006084071999999999	-0.0910571485	0.0181454677	0.0886536067	-0.0298884911	0.010947900000000002	0.10873	0.155472	-0.00873073	-0.000997663	0.00133126	-0.0058255486	-0.0532550508	0.0122303114	-0.0775593004	0.06550966230000001	-0.1370647057	0.15198665
-0.0072985341	-0.0907033029	0.0217113192	0.0872533671	-0.0355759084	0.0251625	0.146399	0.08783939999999997	-0.008848299999999998	-0.00123733	0.00122015	-0.07668975530000001	0.0775744937	0.0574533751	0.001994617	-0.0071811399	-0.0351800084	0.14293354999999994
-0.0085117137	-0.0902857102	0.0252428406	0.08560788050000001	-0.0411071044	0.0227055	0.11620499999999999	0.154313	-0.00785711	-0.000920723	0.00146197	-0.0588887083	0.0437275954	-0.0130200562	0.0044789893	0.0306659001	-0.0061525235	0.17660544999999994
-0.0097233977	-0.0898046638	0.028734448	0.0837217722	-0.046457790599999986	0.030463599999999997	0.18279700000000002	0.104592	-0.008888369999999998	-0.000988446	0.00147209	0.0025803168	-0.1367160203	0.0463873022	0.0536597088	-0.056886515	0.0462785569	0.17952624999999994
-0.0109333732	-0.0892605018	0.0321806203	0.0816003433	-0.0516044709	0.0354976	0.106245	0.164213	-0.0101235	-0.0007702419999999998	0.00166302	0.0786131935	-0.005359320999999999	0.0186628774	-0.1659280825	-0.08678558189999999	0.0351689601	0.2234202
-0.0121414276	-0.0886536067	0.0355759084	0.0792495569	-0.0565245452	0.0316368	0.180819	0.180056	-0.0110317	-0.000701962	0.00185637	0.053602011500000005	-0.0117627035	0.0172021586	-0.1066321401	0.088815224	-0.004339042	0.15276929999999994
-0.0133473487	-0.087984405	0.0389149436	0.07667602009999999	-0.0611964085	0.0336933	0.11820399999999999	0.177491	-0.010090300000000002	-0.00105862	0.00170232	0.016439800900000003	-0.0537057852	-0.0623373581	-0.1341721394	-0.0311592531	-0.0565318999	0.1398419
-0.0145509244	-0.0872533671	0.0421924464	0.0738869668	-0.0655995455	0.0319262	0.207842	0.136433	-0.00979314	-0.0010156	0.001166	-0.0756127471	0.0049056188	-0.0280532678	-0.0954593046	-0.0739324783	-0.0627066908	0.17628809999999998
-0.0157519435	-0.0864610066	0.0454032342	0.070890236	-0.0697146213	0.0274966	0.070923	0.152305	-0.008964299999999998	-0.000891891	0.00135296	-0.1236178303	-0.0567101358	0.0212282493	-0.0605609257	0.14710673400000002	-0.044052020199999986	0.21419605000000005
-0.0169501947	-0.08560788050000001	0.0485422302	0.067694251	-0.0735235656	0.0421955	0.174454	0.143402	-0.00886138	-0.00115932	0.00144068	-0.1315935521	-0.0116924723	0.0546243913	-0.036126156	0.0050722615	0.056934992	0.15003635
-0.0181454677	-0.08469458839999999	0.0516044709	0.0643079948	-0.0770096525	0.0662626	0.035104199999999995	0.054665	-0.00576753	-0.0012355100000000006	0.00196956	-0.0272249832	0.0079990979	0.1317018646	0.1811860332	0.0073660763	-0.0762092083	0.4370999
-0.0193375523	-0.0837217722	0.0545851143	0.0607409853	-0.0801575741	0.062255999999999985	0.130607	0.11515299999999999	-0.00607926	-0.000969925	0.00186222	-0.0429843291	0.0175422922	-0.0214820013	0.06443935860000001	-0.0754049615	0.0864360059	0.19423015
-0.0205262391	-0.0826901155	0.0574794475	0.0570032484	-0.082953507	0.05279930000000002	0.111304	0.061523	-0.00524061	-0.00146308	0.00165233	0.0149049863	0.0964363942	0.0193291419	0.1425265245	0.0323163495	-0.015928604199999998	0.15947445000000002
-0.0217113192	-0.0816003433	0.0602828939	0.053105289900000005	-0.0853851737	0.0395611	0.128999	0.15746099999999996	-0.00588547	-0.0008532569999999997	0.00152606	-0.0013415485	-0.001148761	-0.004852374699999999	0.0213776347	-0.0332343077	0.0188323349	0.19591885
-0.0228925844	-0.0804532217	0.0629910206	0.049058066100000006	-0.08744189640000001	0.0532192	0.14573599999999998	0.08110259999999997	-0.00612945	-0.00153065	0.00159464	0.058747083600000014	0.1119469177	0.0194152106	0.0677525249	0.023408957200000004	-0.0240570565	0.15625114999999998
-0.0240698272	-0.0792495569	0.0655995455	0.0448729527	-0.0891146434	0.058408	0.11672900000000005	0.154101	-0.00649795	-0.00135701	0.00179862	0.0676602867	-0.0524404477	-0.0212215637	0.0269858617	0.0433729031	-0.0188667341	0.14450019999999994
-0.0252428406	-0.07799019459999999	0.0681043441	0.0405617128	-0.0903960694	0.056895	0.107154	0.096524	-0.00603743	-0.00142912	0.00172654	0.0449043239	0.0949717942	-0.011820833300000002	0.0762564629	-0.0567273539	0.0602123749	0.09890049999999996
-0.0264114187	-0.07667602009999999	0.07050145570000001	0.0361364644	-0.0912805474	0.0338299	0.149318	0.11108499999999999	-0.00616359	-0.000884812	0.00138987	0.0203224189	0.0333255855	-0.0360519891	0.0327685294	0.0010880647	-0.026639908700000003	0.130147
-0.027575356	-0.07530795700000001	0.07278709	0.0316096456	-0.0917641935	0.0439005	0.0694776	0.12078399999999999	-0.00558256	-0.0008736889999999998	0.00161152	0.017713542199999998	-0.0457797834	-0.0095186832	0.0147537475	-0.0954936527	-0.0246985314	0.14030014999999998
-0.028734448	-0.0738869668	0.074957633	0.0269939802	-0.0918448838	0.0460292	0.155697	0.108431	-0.00551153	-0.0009623339999999999	0.00144126	0.0406692913	0.1076265866	-0.0090364914	-0.0130365914	-0.0291262256	0.0134746759	0.11719785000000002
-0.0298884911	-0.072414048	0.0770096525	0.0223024417	-0.0915222642	0.049049800000000005	0.0630357	0.122609	-0.00501745	-0.00136549	0.0016164999999999999	0.0647945725	0.0681627446	-0.04294982	0.0663705584	0.1081591289	-0.0551936162	0.1634837
-0.0310372824	-0.070890236	0.078939904	0.0175482166	-0.0907977511	0.0495575	0.147653	0.11445300000000005	-0.00610774	-0.00150583	0.00157582	0.0230631067	0.0034522493	-0.0228556798	-0.0116553927	0.0309047141	-0.0203723228	0.15684650000000006
-0.0321806203	-0.0693166017	0.0807453353	0.0127446681	-0.0896745262	0.0453638	0.0720868	0.10893599999999999	-0.00498454	-0.00131335	0.00184253	0.0380019384	0.0768607041	0.0023483937	0.1287281499	-0.0321898226	-0.0464562084	0.1643964
-0.0333183036	-0.067694251	0.0824230915	0.0079052975	-0.0881575217	0.045729	0.154225	0.131232	-0.00614226	-0.000964915	0.00152092	-0.0172848934	-0.0193944006	-0.12841958609999998	0.0398775235	0.0055685815	0.0194374001	0.19618765
-0.034450132599999995	-0.0660243242	0.08397052	0.0030437072	-0.0862533992	0.046259800000000004	0.103679	0.100268	-0.0055103	-0.00144366	0.00186108	0.0300284116	-0.00179127	0.1314146481	0.0928608638	-0.095625706	-0.0293347303	0.15458405
-0.0355759084	-0.0643079948	0.0853851737	-0.0018264382	-0.08397052	0.045345800000000006	0.138294	0.14521099999999998	-0.00607121	-0.00107484	0.00159121	-0.0039930702000000005	0.06873073440000001	-0.1733568736	0.025686024900000003	-0.1081944391	-0.002247276	0.14045199999999994
-0.0366954331	-0.0625464692	0.08666481599999999	-0.00669145	-0.0813189087	0.0515679	0.16776	0.04896230000000002	-0.00632004	-0.00157175	0.00134508	0.0412188123	-0.1229707248	0.0902081754	0.0850467938	0.04695863980000002	-0.0786733858	0.18153029999999998
-0.03780851	-0.0607409853	0.0878074234	-0.0115376538	-0.0783102091	0.0492477	0.014803	0.103775	-0.00494154	-0.0008974029999999999	0.00145142	-0.0003550736	0.0328712513	-0.0734092002	-0.0325072941	-0.12187242	-0.0985914922	0.31804924999999995
-0.0389149436	-0.058892812	0.0888111892	-0.0163514282	-0.074957633	0.0439729	0.12938400000000005	0.12917599999999999	-0.00588704	-0.000790848	0.0011795999999999998	-0.0516809289	0.0302909168	-0.0272698728	0.1050664221	-0.0613252946	0.0038026905	0.21145055
-0.0400145395	-0.0570032484	0.0896745262	-0.021119243	-0.0712759023	0.0418494	0.09596310000000001	0.105126	-0.00583003	-0.000619029	0.00125436	-0.0102179394	-0.08309766519999999	-0.1089369379	0.036648104	0.0044735617	0.0292915601	0.07477385
-0.0411071044	-0.05507362230000002	0.0903960694	-0.0258276969	-0.06728118429999999	0.0448401	0.156124	0.14977000000000001	-0.0061881	-0.000782008	0.00144012	0.0157262426	-0.0104889886	0.0566830733	0.0036901725	0.0910877766	0.0423814029	0.14313605
-0.0421924464	-0.053105289900000005	0.0909746778	-0.0304635559	-0.0629910206	0.047908099999999995	0.11137999999999999	0.0908335	-0.00614473	-0.000907908	0.00141607	0.0233702954	0.0453867793	-0.0290678621	-0.0509655635	-0.0746682911	-0.0575190651	0.1164145
-0.0432703747	-0.0510996347	0.0914094366	-0.0350137895	-0.0584242501	0.0410202	0.140549	0.121843	-0.00627195	-0.0008612410000000001	0.00132698	-0.0704484191	0.013406783	0.0195288517	0.0198701692	0.0064194097	-0.0302462204	0.08021525
-0.0443407	-0.049058066100000006	0.0916996582	-0.0394656084	-0.05360092650000002	0.0429466	0.119006	0.11568900000000001	-0.00561106	-0.000985637	0.00131382	-0.043821671900000005	-0.1503421815	-0.0195071752	0.044272304000000005	-0.0717627706	-0.0008016146000000001	0.0695457
-0.0454032342	-0.0469820191	0.0918448838	-0.0438064995	-0.0485422302	0.0474489	0.135743	0.13441800000000004	-0.00617762	-0.000862448	0.00146004	0.0054131754	0.0903452101	0.0405826261	-0.0580386115	0.0109162943	0.1258589131	0.08176675
-0.046457790599999986	-0.0448729527	0.0918448838	-0.0480242618	-0.0432703747	0.06617239999999999	0.157771	0.0668968	-0.00554458	-0.00123495	0.00184874	0.0952113621	0.0780114703	0.0207180549	0.0192638817	0.0613856183	0.0106365064	0.1779848
-0.0475041838	-0.0427323491	0.0916996582	-0.0521070402	-0.03780851	0.061393899999999994	0.109777	0.12409400000000001	-0.00596446	-0.00125927	0.00191349	0.0077539451	-0.0059946961	-0.0047280685	-0.07914590519999999	0.0337068874	-0.1081741599	0.13541720000000002
-0.0485422302	-0.0405617128	0.0914094366	-0.056043359	-0.0321806203	0.06143070000000001	0.094341	0.0835143	-0.00549791	-0.00125302	0.00184874	-0.1000797906	0.0705109208	0.0143026605	0.046999768600000005	-0.0639627564	0.0373030242	0.08292999999999999
-0.0495717471	-0.0383625694	0.0909746778	-0.0598221543	-0.0264114187	0.0644484	0.133404	0.12953399999999998	-0.00608139	-0.00165055	0.00210363	-0.0906022228	0.0420965383	-0.1160247696	0.0465103272	-0.1050925989	0.0838252113	0.14989539999999998
-0.0505925538	-0.0361364644	0.0903960694	-0.0634328049	-0.0205262391	0.0724135	0.115792	0.094349	-0.00700521	-0.00150128	0.0021462	0.014021448999999998	-0.0208046381	-0.0239310177	0.0419914648	0.0141089185	0.118269028	0.11654510000000005
-0.0516044709	-0.0338849624	0.0896745262	-0.066865162	-0.0145509244	0.0712716	0.11053199999999999	0.148944	-0.00687579	-0.00179973	0.00252797	0.0488647371	0.051121111100000005	-0.1044118538	0.0236642537	0.0185307855	0.0330398392	0.10147890000000004
-0.0526073205	-0.0316096456	0.0888111892	-0.0701095784	-0.0085117137	0.0740826	0.18848	0.11763699999999999	-0.00722868	-0.00194613	0.002226	0.0369546246	-0.0766596258	-0.0416554097	0.0167357282	0.0616664607	-0.0465753888	0.152129
-0.05360092650000002	-0.0293121133	0.0878074234	-0.0731569346	-0.0024351262	0.0693584	0.08292489999999997	0.139683	-0.00642778	-0.00155747	0.00207997	-0.028473626	-0.0204058256	-0.0172158461	-0.07151026190000001	-0.005731059300000001	-0.0892515668	0.19910479999999997
-0.0545851143	-0.0269939802	0.08666481599999999	-0.0759986654	0.0036521544	0.060701099999999994	0.15994	0.127412	-0.006728699999999999	-0.00140445	0.00187527	-0.0991701779	0.0311784551	-0.012932726499999998	-0.0034411716	-0.0727786191	0.0608911931	0.1308754
-0.055559711	-0.0246568755	0.0853851737	-0.07862678349999999	0.0097233977	0.0657166	0.0904387	0.10266099999999999	-0.00546435	-0.00152176	0.0021714000000000004	-0.0239179764	0.0600309539	0.0047228235	0.1450044492	0.0235525627	0.0128113264	0.1831573
-0.0565245452	-0.0223024417	0.08397052	-0.0810339018	0.0157519435	0.053727199999999996	0.129491	0.172147	-0.00700403	-0.0015114	0.0021714000000000004	0.0288800255	-0.060741935199999986	-0.0801202912	0.0374094117	-0.0499651361	0.0433469049	0.1980297
-0.0574794475	-0.0199323335	0.0824230915	-0.0832132545	0.0217113192	0.0514356	0.0922822	0.11201400000000004	-0.0082099	-0.000750138	0.0021714000000000004	0.1315183659	-0.1143566961	0.12529633210000002	-0.0017151035	0.0452271905	0.0573048584	0.19799
-0.0584242501	-0.0175482166	0.0807453353	-0.08515871609999999	0.027575356	0.029522900000000005	0.113962	0.13250699999999999	-0.00877543	-0.000342209	0.00187803	0.1062481491	-0.1020839896	-0.0023236267000000003	-0.1910461785	0.017127046	0.051197603	0.12742695000000007
-0.0593587869	-0.0151517667	0.078939904	-0.0868648184	0.0333183036	0.0562773	0.193879	0.140046	-0.00835219	-0.00130208	0.0017208499999999995	0.0548160015	-0.0030774364	0.0983764951	-0.1155337126	-0.0142052741	-0.064294808	0.19122495
-0.0602828939	-0.0127446681	0.0770096525	-0.0883267658	0.0389149436	0.056808199999999996	0.102754	0.135382	-0.00783379	-0.00125888	0.00202214	-0.0247247589	0.0691400975	-0.0750956067	-0.1232369824	0.1079775923	-0.1314907575	0.1394644
-0.0611964085	-0.0103286123	0.074957633	-0.0895404494	0.0443407	0.0481843	0.168255	0.149095	-0.008643309999999998	-0.00121725	0.00163312	-0.1337663411	-0.0435267516	0.0948224254	-0.0785240578	0.1206170403	-0.0687644465	0.14984639999999996
-0.0620991702	-0.0079052975	0.07278709	-0.0905024577	0.0495717471	0.05152819999999999	0.0827916	0.112879	-0.007792379999999998	-0.00106285	0.00175705	-0.0995705332	-0.0884130332	0.0398009818	-0.0303320715	-0.0353644214	0.0499208854	0.1814863
-0.0629910206	-0.005476426800000001	0.07050145570000001	-0.0912100867	0.0545851143	0.05491	0.180393	0.130313	-0.0079185	-0.00138601	0.0017358199999999995	-0.0578917914	0.07342884870000001	0.136051656	-0.0604949522	0.0814877865	0.1246665885	0.14194270000000006
-0.0638718027	-0.0030437072	0.0681043441	-0.0916613475	0.0593587869	0.05804450000000001	0.105852	0.11864100000000001	-0.00753451	-0.00123968	0.00204138	0.0553731547	0.1104347579	0.0282753292	0.0328713713	0.0478217043	0.1301074874	0.13114150000000002
-0.064741362	-0.0006088484	0.0655995455	-0.0918549718	0.0638718027	0.0568822	0.148587	0.15457399999999996	-0.007943699999999998	-0.00141385	0.00186106	0.1090944389	-0.0713552993	-0.0223657777	0.056982175	0.0373482011	0.1165848918	0.11801429999999995
-0.0655995455	0.0018264382	0.0629910206	-0.0917904153	0.0681043441	0.0559764	0.103131	0.14081	-0.007659479999999998	-0.0012484000000000002	0.00208966	0.1349276286	-0.1249686936	0.07871613849999999	0.0042003549	0.044996048	-0.0092997812	0.0940393
-0.0664462025	0.0042604413	0.0602828939	-0.0914678594	0.0720378251	0.0440681	0.12335399999999999	0.18693099999999999	-0.00807887	-0.0013774700000000006	0.0021714000000000004	0.118755675	-0.0412728513	0.0418941351	-0.0684993884	0.1314702187	0.0261051675	0.10976230000000003
-0.06728118429999999	0.00669145	0.0574794475	-0.0908882107	0.0756549729	0.057638699999999994	0.11005699999999999	0.141653	-0.00850414	-0.00148577	0.0021714000000000004	0.1400684607	-0.016802886399999998	0.055425719000000005	-0.0827260814	-0.0415366764	-0.043107235300000005	0.09882410000000004
-0.0681043441	0.0091177559	0.0545851143	-0.09005309859999999	0.078939904	0.051870400000000004	0.133854	0.175202	-0.00866186	-0.00157739	0.00226228	0.0657640067	0.0258842241	-0.0656320162	-0.1113835417	-0.1258158045	-0.08777860109999999	0.08012530000000001
-0.0689155372	0.0115376538	0.0516044709	-0.0889648703	0.0818781935	0.060407900000000014	0.146893	0.135748	-0.008747579999999998	-0.00157344	0.00207204	-0.0235071814	-0.025282236800000003	-0.0283626979	-0.0299801211	0.0646942938	-0.0385861301	0.07502599999999998
-0.0697146213	0.0139494429	0.0485422302	-0.0876265845	0.0844569388	0.057586	0.108222	0.184042	-0.008037469999999998	-0.00148064	0.00235394	-0.0943438003	-0.0201033375	-0.008935991800000001	-0.06804881269999999	0.0818955956	0.0568898263	0.14402740000000006
-0.07050145570000001	0.0163514282	0.0454032342	-0.08604200279999999	0.08666481599999999	0.0458866	0.16248800000000002	0.113159	-0.00793883	-0.00165765	0.00174154	-0.0316349855	0.0786483881	0.1135524438	-0.0283208882	-0.0244491624	0.0436894644	0.1812509
-0.0712759023	0.0187419216	0.0421924464	-0.08421557910000001	0.08849212990000001	0.0595116	0.0918796	0.16025699999999998	-0.007492429999999999	-0.00157429	0.0021714000000000004	-0.016074996499999997	0.0542353102	-0.0206320324	-0.0245163353	-0.0739333606	-0.0309605966	0.17931239999999998
-0.0720378251	0.021119243	0.0389149436	-0.08215244690000001	0.08993085640000001	0.059319900000000016	0.170265	0.112049	-0.0072845	-0.00179772	0.0018695	-0.0335743585	-0.0984985	-0.0353938017	0.0440886958	0.0007030837	-0.0183629184	0.1634481
-0.07278709	0.0234817216	0.0355759084	-0.0798584053	0.0909746778	0.0510725	0.0970282	0.144156	-0.00699849	-0.00116264	0.00202146	-0.044583177	-0.023314599	0.0399840913	-0.0412085824	-0.1152837968	-0.0333227652	0.16724370000000002
-0.0735235656	0.0258276969	0.0321806203	-0.0773399021	0.0916190104	0.0688717	0.155668	0.20011099999999998	-0.00953746	-0.00195115	0.00254099	-0.0601930915	0.0344063239	-0.12915470199999998	-0.0369797657	-0.0181955168	0.1044261914	0.32474450000000005
-0.07424712230000001	0.0281555204	0.028734448	-0.0746040162	0.0918610248	0.052378499999999995	0.121369	0.13884100000000002	-0.00759749	-0.00196034	0.00187874	-0.0288349132	-0.0133528109	-0.0119149612	0.0156737775	0.1266889194	-0.0321256561	0.24263269999999995
-0.074957633	0.0304635559	0.0252428406	-0.0716584376	0.0916996582	0.0628856	0.051313199999999996	0.021929499999999998	-0.00648861	-0.00187098	0.0020656999999999997	-0.047944702	0.0684590753	0.0741061291	0.05772827320000001	-0.018961056	-0.0660156026	0.26673440000000004
-0.0756549729	0.0327501813	0.0217113192	-0.0685114455	0.0911356193	0.0652067	0.124574	0.10705899999999999	-0.00636793	-0.00200963	0.00197846	-0.1109251281	-0.0574406441	0.0895107933	0.0488938679	-0.0222804612	-0.0852935521	0.1780399
-0.07633901950000001	0.0350137895	0.0181454677	-0.0651718852	0.0901713849	0.0587867	0.122799	0.129956	-0.00708897	-0.00182387	0.00169089	-0.13428014300000002	-0.123593679	-0.0409446745	0.0862249633	-0.0448927571	0.0538283344	0.0908105
-0.0770096525	0.0372527898	0.0145509244	-0.0616491434	0.0888111892	0.0643131	0.156109	0.146571	-0.00719708	-0.00180193	0.00192626	-0.0503411627	0.0459984298	0.1307714314	-0.0115965422	0.0614922442	0.0188613967	0.0737224
-0.0776667542	0.0394656084	0.0109333732	-0.0579531217	0.0870610049	0.0618101	0.104797	0.14936300000000002	-0.0071043999999999986	-0.00173978	0.00191799	0.0079202981	0.0996404079	0.0060265874	0.0754399955	0.021189681600000003	0.0255788733	0.06476199999999996
-0.0783102091	0.0416506902	0.0072985341	-0.054094208600000006	0.0849285176	0.050523900000000004	0.17141800000000001	0.158504	-0.00735769	-0.00172809	0.00176846	0.0680295682	-0.1135320632	0.0285983557	0.0433425014	0.08548895849999999	-0.0465471304	0.10777370000000001
-0.078939904	0.0438064995	0.0036521544	-0.0500832505	0.0824230915	0.0518942	0.0742573	0.172078	-0.007271289999999999	-0.00184396	0.00216944	0.08630865189999999	-0.0149301124	0.0307618896	0.0020064062	-0.1193946507	-0.0280904076	0.1422675
-0.0795557284	0.0459315212	0.0	-0.0459315212	0.0795557284	0.0570082	0.163987	0.18056	-0.00814131	-0.00186421	0.00203874	0.1112237784	0.0423147131	0.0062168526	-0.0088619901	0.0243781601	0.0005791743	0.15437420000000002
-0.0801575741	0.0480242618	-0.0036521544	-0.0416506902	0.07633901950000001	0.0659033	0.07910839999999998	0.17963099999999999	-0.00777454	-0.00200436	0.00216818	0.1063706762	-0.0850732743	-0.0827014176	-0.0046487973	0.006395238100000001	-0.0393166298	0.12652069999999999
-0.0807453353	0.0500832505	-0.0072985341	-0.0372527898	0.07278709	0.0688017	0.160044	0.195634	-0.00852392	-0.00179394	0.00198643	0.08966019869999999	0.0702056121	0.0414963051	-0.0965798697	-0.0305972398	0.0260666911	0.15691449999999998
-0.0813189087	0.0521070402	-0.0109333732	-0.0327501813	0.0689155372	0.0786448	0.09018680000000001	0.163624	-0.00783443	-0.00230197	0.0022324000000000003	0.0990996119	0.13324957029999998	-0.0421925942	0.0276590373	0.0498115862	-0.0270565699	0.1838848
-0.0818781935	0.054094208600000006	-0.0145509244	-0.0281555204	0.064741362	0.075563	0.110818	0.178558	-0.007725959999999999	-0.00181148	0.00252348	0.0374502362	-0.0408131063	-0.105773355	0.004164919	0.0555820496	-0.0436582152	0.083149
-0.0824230915	0.056043359	-0.0181454677	-0.0234817216	0.0602828939	0.08133859999999997	0.10313699999999999	0.134275	-0.00786066	-0.00199283	0.00234821	0.0590858374	0.023152231800000003	0.017174002600000002	0.0095714098	-0.0640030001	-0.0385992647	0.0823056
-0.082953507	0.0579531217	-0.0217113192	-0.0187419216	0.055559711	0.08703439999999997	0.100452	0.20309000000000002	-0.008802239999999998	-0.00193782	0.00269255	-0.032019159900000004	0.022091456	-0.0592100979	-0.0796143601	-0.0019148551	-0.06431438769999999	0.14424229999999996
-0.0834693467	0.0598221543	-0.0252428406	-0.0139494429	0.0505925538	0.07845139999999999	0.08529969999999999	0.139248	-0.00780171	-0.00199381	0.00226036	-0.1272448131	-0.0677304421	-0.0402027229	0.044783165	0.0408995589	0.0556399493	0.16201279999999993
-0.08397052	0.0616491434	-0.028734448	-0.0091177559	0.0454032342	0.07833329999999998	0.151884	0.176238	-0.00843295	-0.00183224	0.00212267	-0.1122183606	0.0637706508	0.0397079045	-0.0548354872	-0.0612793864	0.0829435256	0.15021739999999995
-0.0844569388	0.0634328049	-0.0321806203	-0.0042604413	0.0400145395	0.08727369999999998	0.10541700000000001	0.12278299999999999	-0.00727271	-0.00230806	0.00231816	-0.0838860571	0.1180248387	-0.0509152126	0.1029704361	0.0674475083	0.0604503914	0.20043989999999998
-0.0849285176	0.0651718852	-0.0355759084	0.0006088484	0.034450132599999995	0.08229649999999998	0.180604	0.169152	-0.00827153	-0.00217871	0.00214367	-0.045970210199999986	-0.0611614235	-0.0692411768	-0.0009175864	-0.0050881695	0.0157715806	0.1916662
-0.0853851737	0.066865162	-0.0389149436	0.005476426800000001	0.028734448	0.0895171	0.0881971	0.13111500000000004	-0.00710891	-0.00224839	0.00269255	-0.0121831949	0.06542141139999999	-0.0063697702	0.0311677125	-0.0799335452	0.0374830937	0.22672349999999994
-0.08582682679999999	0.0685114455	-0.0421924464	0.0103286123	0.0228925844	0.08289769999999999	0.167492	0.160195	-0.007929389999999998	-0.00226825	0.00238978	-0.028650162000000007	-0.0046162268	-0.1117603666	0.0102731891	-0.0249508383	0.0308657567	0.17214979999999994
-0.0862533992	0.0701095784	-0.0454032342	0.0151517667	0.0169501947	0.097125	0.09415470000000001	0.11981800000000001	-0.007380549999999999	-0.00223795	0.00269255	-0.027431612	0.025410394	0.0634696384	0.0496745928	-0.1098452545	0.0057917362	0.1720371
-0.08666481599999999	0.0716584376	-0.0485422302	0.0199323335	0.0109333732	0.10507899999999999	0.10563800000000001	0.19054200000000002	-0.00886344	-0.00243226	0.00304818	-0.0468406336	0.0803056686	-0.16833148239999998	-0.0267920112	-0.083680357	0.0502650476	0.1918028
-0.0870610049	0.0731569346	-0.0516044709	0.0246568755	0.004868541	0.09508839999999999	0.0992784	0.131269	-0.007848809999999998	-0.00211539	0.00303605	-0.0603377185	-0.1305606275	-0.0140154151	0.08454545	0.0304625455	-0.015075758799999997	0.14280470000000006
-0.08744189640000001	0.0746040162	-0.0545851143	0.0293121133	-0.0012176701	0.09472390000000004	0.137149	0.047286199999999994	-0.00651089	-0.00215817	0.00258671	-0.0113900431	0.0344445894	0.0534679684	-0.0475083776	-0.0553197117	-0.1241039853	0.21371990000000002
-0.0878074234	0.0759986654	-0.0574794475	0.0338849624	-0.0072985341	0.08231419999999999	0.087438	0.119959	-0.00674827	-0.0023123	0.00269255	-0.1042210061	0.0206261436	0.0367392511	0.0403437208	-0.08958616050000001	-0.1433466948	0.159661
-0.0881575217	0.0773399021	-0.0602828939	0.0383625694	-0.0133473487	0.08972679999999998	0.119315	0.0670095	-0.00639781	-0.00240874	0.00252718	-0.1373909326	-0.06382270129999999	-0.0200509465	0.1051515556	0.0124977578	-0.0522509584	0.12285259999999998
-0.08849212990000001	0.07862678349999999	-0.0629910206	0.0427323491	-0.0193375523	0.0908911	0.11789200000000001	0.11244000000000001	-0.00568269	-0.00240123	0.00261555	-0.1184485484	0.035191715400000004	0.1695248232	0.0780373833	-0.0056862099	-0.012827270900000002	0.08856780000000003
-0.0888111892	0.0798584053	-0.0655995455	0.0469820191	-0.0252428406	0.09711339999999999	0.106555	0.07501569999999999	-0.00552768	-0.00240752	0.00264085	-0.0021214312	0.1677254583	0.033248529900000004	0.1175196014	-0.0222159084	-0.0176884853	0.06431359999999997
-0.0891146434	0.0810339018	-0.0681043441	0.0510996347	-0.0310372824	0.10238	0.11291099999999996	0.163076	-0.0066893000000000005	-0.00220521	0.00295229	0.0410846333	0.0226945463	-0.06430315219999999	0.1383748769	-0.0403362773	0.0207129745	0.1834514
-0.0894024392	0.08215244690000001	-0.07050145570000001	0.05507362230000002	-0.0366954331	0.114875	0.111017	0.127667	-0.00717367	-0.00250116	0.00320833	0.10003583	-0.1266111945	-0.1418279209	0.1030664155	-0.0009105838	-0.0401970661	0.101616
-0.0896745262	0.0832132545	-0.07278709	0.058892812	-0.0421924464	0.107584	0.142578	0.167721	-0.00767885	-0.00242636	0.00266185	0.053442202	-0.0120466278	0.0633149551	-0.0196125263	-0.0457207363	-0.1239300824	0.13522900000000002
-0.08993085640000001	0.08421557910000001	-0.074957633	0.0625464692	-0.0475041838	0.100397	0.10015700000000001	0.10968900000000001	-0.00669416	-0.00212395	0.00251809	-0.0393097782	0.101183606	-0.0502142484	0.1029052422	0.0062733573	-0.091499919	0.17918299999999998
-0.0901713849	0.08515871609999999	-0.0770096525	0.0660243242	-0.0526073205	0.114375	0.121465	0.18873499999999999	-0.00812322	-0.00252951	0.00321381	-0.1063671665	-0.0133926629	-0.1099035708	0.0337747854	0.037431814	-0.073581388	0.2408490000000001
-0.0903960694	0.08604200279999999	-0.078939904	0.0693166017	-0.0574794475	0.10374000000000001	0.102325	0.116034	-0.00967358	-0.00154355	0.00321381	-9.56929e-05	-0.0447525079	0.0554445401	-0.0246542655	0.013027076499999998	0.035480191800000005	0.229292
-0.0906048703	0.0868648184	-0.0807453353	0.072414048	-0.0620991702	0.07954859999999997	0.11682999999999999	0.111759	-0.010083100000000001	-0.00152911	0.00286773	0.0429736971	-0.0239439431	0.025040388700000003	-0.1639698445	0.0088795483	0.0414657607	0.08147340000000003
-0.0907977511	0.0876265845	-0.0824230915	0.07530795700000001	-0.0664462025	0.08530749999999998	0.217469	0.138153	-0.00985058	-0.00160941	0.00214672	0.0433499621	0.0364235837	-0.0076908967000000016	-0.0539372137	-0.0442855854	-0.0922198705	0.1844834
-0.0909746778	0.0883267658	-0.08397052	0.07799019459999999	-0.07050145570000001	0.08411060000000001	0.09448730000000001	0.142768	-0.00887133	-0.00152519	0.00227371	-0.0132851218	0.0490336362	-0.0015915219	-0.1028748264	0.1494120571	-0.1507475356	0.18831660000000008
-0.0911356193	0.0889648703	-0.0853851737	0.0804532217	-0.07424712230000001	0.0712298	0.141157	0.153258	-0.008837299999999998	-0.00120753	0.00185813	-0.1358121115	-0.0097613228	-0.0246770153	-0.0617504583	0.1057543674	-0.0544717247	0.10840400000000007
-0.0912805474	0.0895404494	-0.08666481599999999	0.0826901155	-0.0776667542	0.07257679999999997	0.092029	0.116377	-0.00918634	-0.00106753	0.00200516	-0.0738566744	-0.0756504337	0.1256343418	0.0584462294	0.0275062397	0.0320838674	0.11915950000000004
-0.0914094366	0.09005309859999999	-0.0878074234	0.08469458839999999	-0.0807453353	0.072201	0.0979553	0.17221	-0.00903343	-0.00110874	0.00197772	-0.0251039883	0.0267578243	-0.0054607245	-0.0529735322	0.0790239561	0.170638791	0.07321309999999998
-0.0915222642	0.0905024577	-0.0888111892	0.0864610066	-0.0834693467	0.0669317	0.140796	0.13911600000000002	-0.00903045	-0.00106262	0.00167124	0.0952637387	-0.007134994499999998	0.18440176100000005	0.0420753765	0.0800747138	0.1156084873	0.098983
-0.0916190104	0.0908882107	-0.0896745262	0.087984405	-0.08582682679999999	0.0663625	0.06841389999999999	0.191611	-0.00935203	-0.00111763	0.00199686	0.1218550259	-0.07639335929999999	-0.0341050668	-0.0980078554	-0.0380459112	0.09968962039999996	0.16055680000000006
-0.0916996582	0.0912100867	-0.0903960694	0.0892605018	-0.0878074234	0.0667362	0.165156	0.180499	-0.010051000000000001	-0.0011889000000000001	0.00170361	0.1212400349	0.0170113025	0.1364688065	-0.0670070307	0.0164423468	0.0826689248	0.16140229999999992
-0.0917641935	0.0914678594	-0.0909746778	0.0902857102	-0.0894024392	0.07620139999999999	0.0650563	0.17164000000000001	-0.00926274	-0.00132033	0.00206948	0.1162675281	0.07304840259999999	-0.022719736	-0.07184156259999999	-0.0612469502	-0.0133989518	0.1827019
-0.0918126049	0.0916613475	-0.0914094366	0.0910571485	-0.0906048703	0.08154799999999998	0.168021	0.213162	-0.0102908	-0.0017984000000000001	0.00214494	0.0699299444	-0.0075645974	-0.068511664	0.0492312666	-0.022766574700000004	0.0764375561	0.22891279999999997
-0.0918448838	0.0917904153	-0.0916996582	0.0915726486	-0.0914094366	0.0832552	0.108279	0.163104	-0.00965312	-0.00158659	0.00221241	0.0662097106	-0.1439329161	-0.0430964107	0.0188013547	-0.0227398432	0.0321817942	0.1573552
-0.0918610248	0.0918549718	-0.0918448838	0.0918307613	-0.0918126049	0.07537979999999997	0.11468900000000005	0.20893699999999998	-0.0100841	-0.00118047	0.00225843	0.028964653	-0.0112318898	-0.0367834677	-0.1167781737	-0.0089066654	0.07551051980000001	0.10427440000000003
