0.0868729224	0.08686834380000001	0.08686071320000001	0.0868500306	0.08683629650000001	0.08681951130000001	-0.00173769	0.0879522	0.012646600000000001	-0.0027188000000000004	-0.00019414400000000002	0.0005843080000000001	0.17377382989999998	0.1332057908	-0.0301065738	-0.0609048458	0.0199045104	0.0517920188	0.0
0.08686071320000001	0.08681951130000001	0.0867508561	0.0866547691	0.0865312808	0.0863804302	-0.0105532	0.130981	0.06352819999999999	-0.00257317	-0.000145751	0.000178446	0.1974705299	-0.0126215856	-0.0010032951	0.0134690127	-0.0020389496	-0.07634360679999999	0.13272016
0.08683629650000001	0.0867218737	0.0865312808	0.0862646851	0.0859223209	0.08550448869999999	-0.0107842	0.0891927	0.055788	-0.00221492	-0.000225209	8.72345e-05	-0.0086831445	-0.028466543700000006	-0.1485526574	-0.0489086966	0.0729805595	0.0343423326	0.076205475
0.08679967570000001	0.0865754859	0.0862022651	0.0856806557	0.08501155560000001	0.0841961167	-0.0108711	0.166506	0.099962	-0.00341046	-0.00020393900000000001	0.0	0.0389657244	-0.0466439777	0.0400348911	-0.1012357339	-0.0441609241	-0.1141237528	0.186776425
0.0867508561	0.0863804302	0.0857642251	0.0849039939	0.0838021842	0.0824619312	-0.0106704	0.0660169	0.08916289999999999	-0.00322903	-0.00022958	0.00017565700000000002	-0.0590260489	-0.08947998630000001	0.0949410792	0.0659185843	0.0631119767	-0.0308586779	0.13062530000000006
0.0866898444	0.0861368163	0.0852177147	0.0839364457	0.0822984546	0.08031070259999999	-0.0243841	0.151818	0.11072	-0.0038209000000000003	-0.000607652	0.00022835	-0.0216730451	-0.036508852	0.0098857034	0.0807257659	0.0302078561	-0.10290573	0.17220365
0.08661664919999999	0.08584478109999999	0.0845634253	0.0827801866	0.08050564860000001	0.0777533106	-0.020950299999999998	0.06688	0.0714689	-0.00300427	-0.0007683560000000001	0.00042674	-0.015271404099999997	0.007077278	-0.0595509121	-0.0805012874	0.0123686246	0.0621457771	0.18640910000000002
0.0865312808	0.08550448869999999	0.0838021842	0.0814378161	0.0784300636	0.074802689	-0.012208799999999999	0.16598	0.0949687	-0.00383765	-0.0006480009999999999	0.000311904	0.0645462939	0.0416961596	0.0582796867	-0.0162465738	-0.033700848900000004	-0.0502808174	0.18476985
0.08643375130000001	0.08511613050000001	0.08293495440000001	0.0799123522	0.0760789902	0.07147376009999999	-0.0195445	0.08918149999999997	0.08886729999999997	-0.00322155	-0.000896215	0.00042674	0.005861228	-0.001988008	0.0634520455	0.0140185442	0.0565526967	0.017743302	0.13919310000000001
0.0863240742	0.0846799248	0.0819628325	0.0782072245	0.0734606865	0.0677833598	-0.0203172	0.173534	0.0943297	-0.00368876	-0.0008703619999999999	0.00042674	-0.0292619236	-0.0204086957	-0.0360087623	0.0817479354	0.0925220775	0.0482703104	0.11524075
0.0862022651	0.0841961167	0.0808870481	0.0763262666	0.0705843495	0.06375015190000001	-0.0195152	0.10681199999999999	0.09142660000000001	-0.00296162	-0.000778206	0.00042674	-0.0689159438	-0.0415078949	-0.005541889300000001	0.1022743969	0.0950104275	-0.08126210240000001	0.11139189999999999
0.0860683411	0.0836649783	0.07970896179999999	0.0742737074	0.0674600824	0.0593945339	-0.0183135	0.191655	0.105524	-0.00425136	-0.0007540039999999999	0.00042674	0.0096305596	0.0295956915	-0.0446964549	-0.0141182952	0.0084639325	-0.0657648793	0.1658392
0.0859223209	0.08308680809999999	0.0784300636	0.0720541615	0.0640988592	0.054738534000000005	-0.0249242	0.0911898	0.0857488	-0.00343293	-0.0008623949999999999	0.000653038	0.0374165678	0.0706793549	0.0007413432000000001	-0.06842080860000001	0.0372983588	0.0480214254	0.18450705
0.0857642251	0.0824619312	0.077051971	0.0696726192	0.0605124865	0.0498056993	-0.0112833	0.176931	0.10895	-0.00441115	-0.000704381	0.00042674	0.0516074662	0.0911314337	0.0582576074	0.0103780006	-0.04808006980000002	-0.00010489	0.1907099
0.0855940759	0.0817906987	0.07557642690000001	0.0671344347	0.0567135615	0.0446209772	-0.0108026	0.09773440000000004	0.106652	-0.00389836	-0.000540401	0.00042674	-0.0533753572	-0.0157316894	0.1004219733	0.0614727502	0.08583780869999999	-0.0175771574	0.1158138
0.0854118973	0.0810734882	0.0740052975	0.06444531440000001	0.052715428	0.039210589	-0.010657	0.183092	0.135928	-0.00506076	-0.000844448	0.00049065	-0.0763515998	0.031443173	-0.0374434103	0.0790625275	0.04497537	0.0006036801	0.19129705
0.0852177147	0.08031070259999999	0.0723405698	0.0616113044	0.0485321297	0.0336018971	-0.01602	0.11013900000000001	0.11718900000000004	-0.00436401	-0.0007218039999999999	0.0007022739999999999	-0.1132301708	0.0018716895	-0.1056919688	-0.0352611277	0.0253563215	0.0097521887	0.14860589999999999
0.08501155560000001	0.0795027708	0.0705843495	0.058638776	0.0441783605	0.0278232669	-0.0097862	0.171708	0.137148	-0.00497357	-0.00119148	0.000538959	-0.0233696528	0.0740127621	-0.0100884621	-0.0640642358	-0.0686683155	-0.0034652604	0.14988935
0.08479344890000001	0.0786501471	0.0687388576	0.0555344125	0.0396694132	0.0219039234	-0.014211700000000002	0.10653399999999999	0.11083900000000001	-0.00432977	-0.00090759	0.0007318099999999997	0.0204374816	0.0554923414	0.0857645883	-0.0136550061	0.0387091257	0.027936891	0.15193555
0.0845634253	0.0777533106	0.0668064281	0.0523051931	0.0350211256	0.0158738029	-0.00621237	0.183113	0.121452	-0.00522999	-0.000872218	0.00042674	-0.0222344525	0.0543104605	-0.0310591819	0.0719560436	0.0549631043	0.0432706263	0.15722443000000005
0.084321517	0.0768127656	0.06478950530000001	0.0489583781	0.0302498251	0.0097634022	-0.010146700000000002	0.108332	0.112935	-0.00452722	-0.0008250019999999999	0.000817342	-0.044268762	-0.0091932614	-0.0464786489	0.0837723224	0.0618245806	-0.0367368225	0.14426173
0.0840677581	0.0758290407	0.0626906399	0.0455014918	0.0253722709	0.0036036241	-0.00959265	0.173671	0.142784	-0.00539072	-0.0009283230000000002	0.000722778	-0.0391326081	0.0050868553	-0.0244023038	-0.0263286994	-0.0218673069	-0.0204591629	0.14881129999999998
0.0838021842	0.074802689	0.0605124865	0.0419423064	0.0204055957	-0.002574379	-0.00719467	0.13053800000000002	0.111417	-0.00506081	-0.00137318	0.0007950299999999997	-0.0521963858	-0.0116093063	-0.0023363506	-0.113794002	-0.0002039549	0.0615267706	0.11924893
0.0835248327	0.0737342873	0.0582578	0.0382888237	0.0153672451	-0.0087393624	-0.008791079999999998	0.190943	0.157356	-0.00603439	-0.00153413	0.00081941	-0.0373751847	0.0178146327	0.0420426676	-0.0340168063	-0.0441931099	0.0448694289	0.16588591
0.0832357426	0.07262443639999999	0.05592943190000002	0.0345492578	0.0102749165	-0.0148601474	-0.008571129999999998	0.126447	0.100939	-0.00506401	-0.00150199	0.000778351	-0.058920999400000014	-0.0293316441	0.0359935488	0.0487944735	-0.0008510060000000001	0.0087950693	0.1733119
0.08293495440000001	0.07147376009999999	0.053530327	0.0307320162	0.0051464969	-0.0209057786	-0.00919011	0.200568	0.16605899999999998	-0.00637143	-0.00163212	0.0009739330000000001	-0.0553861959	0.0138892452	-0.0211218283	0.0365411824	-0.0157634206	-0.0165304144	0.22151658
0.0826225104	0.0702829053	0.0510635197	0.026845681	0.0	-0.026845681	-0.018124099999999997	0.119831	0.117024	-0.00502019	-0.0018013999999999999	0.00106268	-0.0333743303	-0.0002359401	-8.91142e-05	-0.0787095692	0.005009506	0.0183974602	0.21916934
0.0822984546	0.06905254129999999	0.0485321297	0.0228989897	-0.0051464969	-0.0326498139	-0.043241800000000004	0.18270999999999998	0.12147999999999999	-0.00651075	-0.00252371	0.000828995	0.0432992971	0.0131211041	0.0626817356	-0.0228651522	-0.0791183163	0.0606305671	0.21478045
0.0819628325	0.0677833598	0.0459393588	0.0189008155	-0.0102749165	-0.0382888237	-0.042549000000000003	0.08751649999999997	0.060042599999999995	-0.00571392	-0.00223838	0.000954038	0.035576506800000005	-0.04907427650000002	0.0501703969	0.0786999372	-0.0562990261	-0.0322823227	0.21768385
0.0816156912	0.0664760744	0.043288486	0.0148601474	-0.0153672451	-0.0437341916	-0.0253009	0.17660399999999998	0.154565	-0.00632843	-0.00230663	0.000990268	0.0811069238	0.0412147196	-0.06680853190000001	-0.0163692789	-0.1164013567	-0.0107367234	0.2368075000000001
0.0812570796	0.0651314197	0.040582864100000005	0.0107860698	-0.0204055957	-0.0489583781	-0.00920901	0.130073	0.11168499999999999	-0.0052427	-0.00226148	0.0010199	0.06875780599999999	0.0117078179	0.1266347823	-0.0700378923	0.0274347663	0.0327307659	0.16352849000000005
0.0808870481	0.06375015190000001	0.037825915	0.0066877423	-0.0253722709	-0.0539349624	-0.0006062730000000001	0.20258199999999998	0.15021900000000002	-0.00562773	-0.00234188	0.00109673	0.0161029849	0.0030879263	0.0166751626	0.0482098602	0.0565495557	0.0371613755	0.14675873699999994
0.08050564860000001	0.062333047300000013	0.0350211256	0.002574379	-0.0302498251	-0.058638776	-0.00914079	0.158426	0.125372	-0.00527728	-0.00236861	0.00111974	-0.08597528900000001	-0.0336774493	-0.1062921191	-0.0282614617	0.054324982	0.0271070582	0.09754701700000004
0.08011293480000001	0.0608809025	0.0321720432	-0.0015447720999999998	-0.0350211256	-0.06304602990000001	-0.0163933	0.178698	0.17113299999999998	-0.00558095	-0.00270185	0.00133048	-0.0471285399	0.0063868431	-0.046655427	-0.0562393003	-0.0135680841	-0.0567178464	0.11566801
0.07970896179999999	0.0593945339	0.0292822713	-0.0056604503000000006	-0.0396694132	-0.0671344347	-0.00476305	0.176569	0.122123	-0.00599958	-0.00242354	0.000861812	-0.0334221321	-0.0312105174	0.0501200799	-0.0787640149	-0.0205431207	0.0175536593	0.12104964999999998
0.0792937865	0.057874777	0.0263554645	-0.0097634022	-0.0441783605	-0.0708833137	-0.010754000000000001	0.1353	0.171944	-0.00604397	-0.0029579	0.00147284	-0.0140989247	-0.0172748949	0.027258362	0.0522231052	-0.0386273708	0.0151358819	0.15656985
0.0788674671	0.0563224862	0.0233953247	-0.0138444035	-0.0485321297	-0.0742737074	-0.000372946	0.172399	0.1202	-0.006687	-0.00279296	0.0008940349999999998	-0.0006715982000000001	-0.0191985952	-0.06463172519999999	0.0659127449	-0.0385865557	0.0763943525	0.16856280399999998
0.0784300636	0.054738534000000005	0.0204055957	-0.017894278899999998	-0.052715428	-0.0772884692	-0.0241025	0.127521	0.14577699999999996	-0.00624468	-0.00292081	0.00149145	-0.0214823344	-0.0061103346	-0.0194541993	0.0021327816	-0.1006173245	-0.0160442028	0.152563804
0.0779816375	0.0531238108	0.017390058700000002	-0.0219039234	-0.0567135615	-0.0799123522	-0.0117285	0.210669	0.14275	-0.00713306	-0.00306487	0.00114577	-0.036965342000000005	-0.029990316800000007	-0.0099909728	-0.0763954582	-0.0967070469	-0.0165083324	0.16745500000000002
0.0775222518	0.0514792244	0.0143525276	-0.0258643221	-0.0605124865	-0.0821320864	-0.0176388	0.11605399999999999	0.157325	-0.00643973	-0.00285881	0.00124445	0.021346346600000003	-0.0400544811	0.0466837346	-0.0171874975	-0.0926979322	0.08537383529999999	0.16500379999999998
0.077051971	0.0498056993	0.0112968441	-0.0297665711	-0.0640988592	-0.0839364457	-0.016983900000000003	0.18727	0.129549	-0.0074016	-0.00293297	0.00108229	0.0422995812	-0.0134761728	-0.035665482799999995	0.0884243489	-0.1224572547	0.0103114415	0.1595564
0.0765708613	0.0481041762	0.008226873	-0.0336018971	-0.0674600824	-0.0853163048	-0.020479300000000002	0.13324	0.165244	-0.00669984	-0.00301075	0.00122426	0.0678131537	-0.0199371571	-0.0707395666	0.0524278663	-0.1461851249	0.0378617028	0.13929589999999994
0.0760789902	0.0463756116	0.0051464969	-0.0373616773	-0.0705843495	-0.0862646851	-0.0126299	0.177438	0.146374	-0.00693879	-0.00288541	0.0010096	-0.0027394088	-0.0190769995	0.032155614	-0.06463269099999999	-0.0923127932	-0.0178634971	0.09986489999999999
0.07557642690000001	0.0446209772	0.0020596118	-0.0410374587	-0.0734606865	-0.0867767904	-0.0208363	0.149898	0.199453	-0.00717312	-0.00326573	0.00117805	-0.0146297598	-0.0462509128	0.0432958017	-0.0086693168	-0.086773769	0.0305794942	0.12798039999999994
0.075063242	0.042841259400000005	-0.0010298783	-0.0446209772	-0.0760789902	-0.0868500306	-0.00740096	0.178475	0.126458	-0.00716349	-0.00328962	0.00108551	-0.0586980227	-0.0650458176	-0.0575163639	0.0505926221	-0.0999650377	0.099163684	0.12131033999999995
0.0745395077	0.0410374587	-0.0041180657	-0.0481041762	-0.0784300636	-0.08648403539999999	-0.012811000000000001	0.151284	0.175512	-0.0075426999999999985	-0.00303782	0.0012487100000000005	0.0113939372	-0.0336035737	0.0076150331999999986	-0.0438883737	-0.17033258769999998	0.0349486985	0.12136554000000002
0.0740052975	0.039210589	-0.0072010449	-0.0514792244	-0.08050564860000001	-0.0856806557	-0.011573300000000005	0.15588	0.11856199999999999	-0.00687957	-0.00324555	0.00104401	-0.024591047	-0.0607365861	0.0443746745	0.0875132959	-0.1451321196	0.0453559883	0.11656169999999999
0.0734606865	0.0373616773	-0.0102749165	-0.054738534000000005	-0.0822984546	-0.08444395460000001	-0.00969179	0.16428099999999998	0.197988	-0.00772181	-0.00325691	0.00116871	-0.0082924808	-0.0614040729	-0.0374056471	0.0409276652	-0.17456778739999998	-0.0043178892	0.13862351000000006
0.0729057513	0.0354917629	-0.0133357929	-0.057874777	-0.0838021842	-0.0827801866	-0.0167713	0.15195699999999998	0.15476600000000001	-0.00713668	-0.00304464	0.00116351	-0.0602266535	-0.0987233638	0.1011442745	-0.0406285194	-0.102809416	0.08224281650000001	0.10275551
0.0723405698	0.0336018971	-0.0163798029	-0.0608809025	-0.08501155560000001	-0.08069776599999999	0.00625047	0.177974	0.224034	-0.00708237	-0.00298425	0.00169206	-0.0489249226	-0.0829011192	0.0686509695	0.0714345305	-0.1154500154	-0.0349718533	0.15046927
0.0717652216	0.0316931422	-0.0194030965	-0.06375015190000001	-0.0859223209	-0.0782072245	-0.023483700000000003	0.07049	0.068415	-0.00560012	-0.00341451	0.00147685	-0.0586210343	-0.1094821325	-0.0910837675	-0.0018892138	0.023554352200000003	0.0688632989	0.39922317
0.0711797874	0.0297665711	-0.0224018501	-0.0664760744	-0.0865312808	-0.0753211577	0.00167021	0.091326	0.0565547	-0.00421129	-0.00402994	0.00172817	0.0352752394	-0.1170909444	0.00364971	-0.0578130762	0.0984170581	-0.0023156287	0.17062921
0.0705843495	0.0278232669	-0.0253722709	-0.06905254129999999	-0.08683629650000001	-0.0720541615	0.029861000000000002	0.12051600000000001	0.0208606	-0.00316699	-0.00395445	0.00113304	0.0766315427	-0.0483692462	-0.0607711616	-0.0213056004	0.047656679	0.0241795635	0.17882089
0.0699789916	0.0258643221	-0.0283106021	-0.07147376009999999	-0.08683629650000001	-0.06842275860000001	0.0330385	0.132699	0.08910599999999999	-0.00341625	-0.004769399999999999	0.00170874	0.1570841838	0.0156121859	0.0088692924	0.013765135	0.1007343554	-0.058769085599999986	0.16560139999999998
0.0693637988	0.0238908378	-0.0312131275	-0.0737342873	-0.0865312808	-0.06444531440000001	0.016828	0.132347	0.0267252	-0.00380394	-0.00519858	0.0014289000000000005	0.0578200508	0.0001146865	-0.102078052	0.0300378196	0.1096519154	0.0163831174	0.13377880000000006
0.0687388576	0.0219039234	-0.0340761761	-0.0758290407	-0.0859223209	-0.0601419444	0.049874199999999994	0.18404600000000002	0.118248	-0.00449969	-0.00594756	0.00152521	0.0708714488	0.0380044314	0.0123526745	-0.1283823684	0.1199232201	-0.0883148469	0.25331999999999993
0.0681042557	0.0199046958	-0.036896126800000005	-0.0777533106	-0.08501155560000001	-0.0555344125	0.0611867	0.12233800000000004	0.059777	-0.00357711	-0.00581702	0.00175801	0.0194431339	0.0433991003	-0.006622943199999999	0.0459682745	0.1818833321	-0.08633751519999999	0.1957875
0.0674600824	0.017894278899999998	-0.0396694132	-0.0795027708	-0.0838021842	-0.0506460208	0.0417311	0.156086	0.131072	-0.0039689	-0.00603386	0.0016989999999999998	0.07537422769999999	0.0611523155	-0.0749818484	-0.0556105141	0.1202257334	-0.1126571962	0.1578806
0.0668064281	0.0158738029	-0.0423925277	-0.0810734882	-0.0822984546	-0.0455014918	0.043875	0.141767	0.07019260000000001	-0.00381455	-0.005714899999999999	0.00155958	0.0301943332	0.0223801437	0.0985138137	-0.0332487795	0.1291879983	-0.0235427816	0.1079788
0.0661433849	0.0138444035	-0.0450620262	-0.0824619312	-0.08050564860000001	-0.0401268436	0.0452145	0.14141900000000002	0.142742	-0.00489127	-0.00585866	0.0010700999999999998	-0.0092151969	0.0160144324	0.0520738264	0.087166859	0.1032765397	-0.1038759546	0.15973489999999999
0.0654710458	0.0118072215	-0.0476745325	-0.0836649783	-0.0784300636	-0.0345492578	0.057201	0.125623	0.10696800000000001	-0.0040533	-0.00548237	0.00133388	-0.0799264382	0.039562253	-0.1125415973	-0.044965713600000005	0.1025306211	0.0478416911	0.13745849999999998
0.06478950530000001	0.0097634022	-0.0502267424	-0.0846799248	-0.0760789902	-0.0287969426	0.0429414	0.166185	0.13681	-0.00454619	-0.00595169	0.00149048	0.0064702636	0.0398389799	0.0299272059	-0.0753314217	0.0357592363	-0.1054288065	0.14060409999999998
0.0640988592	0.0077140944	-0.052715428	-0.08550448869999999	-0.0734606865	-0.0228989897	0.049146499999999996	0.09491820000000001	0.0657046	-0.00389494	-0.00581723	0.0012659000000000001	0.0008561834	0.0172758429	0.0529978854	0.0902938371	0.08822261039999997	-0.0787512462	0.19909179999999999
0.0633992047	0.0056604503000000006	-0.05513744190000002	-0.0861368163	-0.0705843495	-0.0168852274	0.0418334	0.158356	0.12695	-0.00498294	-0.00588552	0.00124862	0.0227322796	0.0288936324	-0.0615019169	0.0153138012	0.0537315625	-0.0653990035	0.1906748000000001
0.0626906399	0.0036036241	-0.0574897206	-0.0865754859	-0.0674600824	-0.0107860698	0.0397745	0.141306	0.0580418	-0.00443772	-0.00523917	0.0010700999999999998	-0.0130909146	0.0409048655	0.0313327907	-0.1002971432	0.0881854704	0.0426281705	0.1565216
0.0619732646	0.0015447720999999998	-0.0597692892	-0.08681951130000001	-0.0640988592	-0.0046323627	0.018762599999999997	0.162353	0.11789300000000001	-0.00541889	-0.00509978	0.0010700999999999998	0.0272322023	0.0244769085	0.0237830007	0.0526483857	0.0390165505	-0.0082845278	0.1579381
0.0612471794	-0.0005149482	-0.0619732646	-0.08686834380000001	-0.0605124865	0.0015447720999999998	0.0195584	0.126531	0.055484900000000004	-0.00490401	-0.00483942	0.0010700999999999998	0.0029030578000000004	0.0272253357	-0.098106487	0.0950041815	0.018384968600000003	0.058098869	0.1377879
0.0605124865	-0.002574379	-0.0640988592	-0.0867218737	-0.0567135615	0.0077140944	0.019256099999999998	0.177547	0.116474	-0.00558953	-0.00513159	0.00101688	0.0172630809	0.0577644104	-0.0289751123	-0.024479171400000003	0.0133925473	-0.1041697261	0.1638529
0.0597692892	-0.0046323627	-0.0661433849	-0.0863804302	-0.052715428	0.0138444035	0.0370614	0.14519200000000002	0.0539878	-0.00575718	-0.00531367	0.0010700999999999998	-0.017096733	0.0184337207	0.0943292941	-0.046201877800000006	0.034585329500000005	0.0670417252	0.13279400000000002
0.0590176918	-0.0066877423	-0.0681042557	-0.08584478109999999	-0.0485321297	0.0199046958	0.037730599999999996	0.161307	0.118827	-0.00562342	-0.00542188	0.00104487	0.0097046159	0.0503066097	0.072736371	0.0585144874	0.020991303	-0.0192583178	0.09498339999999998
0.0582578	-0.0087393624	-0.0699789916	-0.08511613050000001	-0.0441783605	0.0258643221	0.0208232	0.13610799999999998	0.0627823	-0.00475802	-0.00458923	0.000633709	0.0151365259	0.0327439841	-0.1035224457	0.0546261471	-0.0019813269	0.1033791835	0.20361165
0.0574897206	-0.0107860698	-0.0717652216	-0.0841961167	-0.0396694132	0.0316931422	0.0225363	0.178358	0.102547	-0.00564605	-0.00477639	0.00072892	0.056778011	0.036397121	-0.0073119034	-0.0021206964	-0.0356910892	-0.0984204253	0.14224784999999998
0.0567135615	-0.0128267138	-0.0734606865	-0.08308680809999999	-0.0350211256	0.0373616773	0.0192042	0.126495	0.0409111	-0.00507856	-0.00501033	0.000676736	0.0067939963	0.0066783667000000005	0.0744658947	-0.0565669459	0.0084393211	0.0383550171	0.15951169999999998
0.05592943190000002	-0.0148601474	-0.075063242	-0.0817906987	-0.0302498251	0.042841259400000005	0.0196752	0.172322	0.10534600000000001	-0.00567144	-0.00496648	0.0007707929999999998	-0.0013865456	0.0024350597	0.072615551	0.0044285349	0.0239805922	-0.0165681007	0.14727225000000002
0.05513744190000002	-0.0168852274	-0.0765708613	-0.08031070259999999	-0.0253722709	0.0481041762	0.029412900000000002	0.12444000000000001	0.041167199999999994	-0.0052528	-0.00506228	0.000759048	-0.0279912134	0.0095436564	-0.0030081104	0.1092312037	0.0387760574	-0.020300747	0.14810775
0.054337702800000005	-0.0189008155	-0.0779816375	-0.0786501471	-0.0204055957	0.0531238108	0.0218459	0.16486099999999998	0.09707310000000001	-0.00569649	-0.00489325	0.0007695999999999997	0.0071082128	0.04987515730000002	-0.0520397453	0.0186117679	-0.0148117403	-0.0461747715	0.13505749999999994
0.053530327	-0.0209057786	-0.0792937865	-0.0768127656	-0.0153672451	0.057874777	0.030782599999999997	0.144733	0.0470684	-0.00545174	-0.0051018999999999995	0.000672286	-0.0006425637	0.0593614515	0.0300629801	-0.0750435386	0.031575287	0.0657470198	0.10660510000000002
0.052715428	-0.0228989897	-0.08050564860000001	-0.074802689	-0.0102749165	0.062333047300000013	0.022327	0.149025	0.102153	-0.00543631	-0.00530905	0.0008050510000000001	0.0345267163	0.0238009457	0.0536779917	0.0013601628	0.049878101	0.0283738381	0.08559945
0.0518931204	-0.0248793282	-0.0816156912	-0.07262443639999999	-0.0051464969	0.0664760744	0.033092199999999995	0.167278	0.0371001	-0.00606976	-0.00545078	0.0008012889999999997	-0.0020282773000000003	0.0327216553	-0.0200407385	0.08613998390000001	0.0165552665	0.0329534583	0.13301820000000006
0.0510635197	-0.026845681	-0.0826225104	-0.0702829053	-0.0	0.0702829053	0.029983099999999995	0.135939	0.106123	-0.00546148	-0.00543295	0.00086774	-0.0139870074	0.0617703199	-0.0235151845	0.0649203184	-0.016134838500000002	-0.0627260112	0.13809905
0.0502267424	-0.0287969426	-0.0835248327	-0.0677833598	0.0051464969	0.0737342873	0.03890130000000002	0.15698800000000002	0.061693	-0.00552435	-0.00517894	0.000725521	-0.0467609946	0.0692287917	-0.0288660802	-0.0975137166	0.0067966308	0.0500153089	0.09735214999999994
0.0493829062	-0.0307320162	-0.084321517	-0.0651314197	0.0102749165	0.0768127656	0.0321759	0.12275599999999999	0.12493199999999999	-0.00558747	-0.00504399	0.000821088	-0.0048034389	0.0647682791	0.0079588465	-0.0866173593	-0.0418310392	0.0349771918	0.11887825
0.0485321297	-0.0326498139	-0.08501155560000001	-0.062333047300000013	0.0153672451	0.0795027708	0.0359323	0.13654500000000006	0.044424599999999995	-0.00557601	-0.00511928	0.000806135	-0.0342211408	0.0360906502	0.0602353626	0.08527506060000001	-0.001338084	0.0765643253	0.10313795
0.0476745325	-0.0345492578	-0.0855940759	-0.0593945339	0.0204055957	0.0817906987	0.0232292	0.134421	0.10641700000000001	-0.00532773	-0.00513036	0.0008992589999999998	-0.0143813352	0.076701308	-0.0436186074	0.036217812200000005	-0.07702417980000001	-0.0283758793	0.09444369999999996
0.046810235	-0.03642928	-0.0860683411	-0.0563224862	0.0253722709	0.0836649783	0.0361652	0.11595599999999999	0.0653712	-0.00499659	-0.00523288	0.0008824189999999998	-0.0294057697	0.0584037705	0.0404361997	-0.0636923397	-0.0163095695	0.0722924221	0.09497180000000001
0.0459393588	-0.0382888237	-0.08643375130000001	-0.0531238108	0.0302498251	0.08511613050000001	0.027470400000000002	0.14366400000000001	0.0477109	-0.00563954	-0.00475516	0.000506882	0.000994143	0.0272719519	0.0574475299	-0.0353634579	-0.0925874786	0.007594371099999999	0.12887344999999994
0.0450620262	-0.0401268436	-0.0866898444	-0.0498056993	0.0350211256	0.0861368163	0.081928	0.18626600000000001	-0.07562619999999999	-0.00608072	-0.0053589	8.427760000000001e-05	-0.0300459253	0.0005522977999999999	0.0054597031	0.0389121606	0.0057644787	0.1006691681	0.29377292
0.0441783605	-0.0419423064	-0.08683629650000001	-0.0463756116	0.0396694132	0.0867218737	0.018706900000000002	0.0283029	0.009786220000000005	-0.0048417	-0.00379879	4.81275e-05	0.0637863506	0.0251282478	-0.0281781444	-0.052956595700000005	-0.0735233503	0.0142391696	0.448360625
0.043288486	-0.0437341916	-0.0868729224	-0.042841259400000005	0.0441783605	0.08686834380000001	-0.000156537	0.0756706	0.0486134	-0.00443248	-0.00358089	0.000172591	0.1383351922	0.0427886445	0.0757850147	-0.0286102591	-0.0800496313	0.0792227116	0.14263749199999998
0.0423925277	-0.0455014918	-0.08679967570000001	-0.039210589	0.0485321297	0.0865754859	0.00992999	0.159752	0.0564376	-0.00454071	-0.00481195	0.000489774	0.0301369677	0.0019658970000000003	0.0107193131	0.06158018570000001	0.040983496800000005	-0.0400491789	0.184815777
0.0414906114	-0.0472432137	-0.08661664919999999	-0.0354917629	0.052715428	0.08584478109999999	0.010456700000000001	0.162749	0.100856	-0.00498725	-0.00530552	0.000540516	-0.0473040897	-0.0138670693	-0.0023553496	0.0524398188	0.044684716500000006	-0.100144426	0.09748471000000004
0.040582864100000005	-0.0489583781	-0.0863240742	-0.0316931422	0.0567135615	0.0846799248	0.00321079	0.187392	0.130181	-0.00452186	-0.00495885	0.000813255	-0.1458525573	-0.0617376723	-0.0416415823	-0.0070691668	0.0740540348	-0.0574824183	0.11545386000000002
0.0396694132	-0.0506460208	-0.0859223209	-0.0278232669	0.0605124865	0.08308680809999999	0.0009529660000000001	0.178979	0.07739580000000001	-0.00443948	-0.00493295	0.000658902	-0.2494103667	-0.0960476246	-0.084655454	-0.08656358189999999	0.06468768400000001	-0.015886672	0.07658767399999998
0.0387503871	-0.0523051931	-0.0854118973	-0.0238908378	0.0640988592	0.0810734882	0.0120765	0.0969865	0.0315796	-0.00377573	-0.00367037	0.0006712339999999999	-0.1652880499	-0.135245267	-0.0026106078	-0.1391170785	0.0481452592	-0.1186588266	0.23586533399999995
0.037825915	-0.0539349624	-0.08479344890000001	-0.0199046958	0.0674600824	0.0786501471	0.00526375	0.149699	0.034268099999999996	-0.00443226	-0.00432486	0.000489774	-0.0476294447	-0.082963206	0.0125208466	0.0289159752	-0.0062430543	-0.1065607571	0.13683774999999998
0.036896126800000005	-0.0555344125	-0.0840677581	-0.0158738029	0.0705843495	0.0758290407	-0.00672371	0.10873699999999999	0.0165568	-0.00394756	-0.00378189	0.0004584080000000001	-0.0415243625	-0.0699375996	-0.0414914402	-0.0806255399	0.0001778032	0.0124231158	0.12361256
0.0359611532	-0.0571026442	-0.0832357426	-0.0118072215	0.0734606865	0.07262443639999999	-0.00641954	0.14511300000000002	0.07407419999999999	-0.00498441	-0.00432805	0.000489774	-0.0104139824	-0.0517303634	0.07537974110000001	-0.0831363291	-0.026091169	-0.0102725118	0.17491637
0.0350211256	-0.058638776	-0.0822984546	-0.0077140944	0.0760789902	0.06905254129999999	0.00658187	0.135171	-0.00112574	-0.00544608	-0.00504197	0.000578235	-0.1032731888	-0.0914867077	0.0635851486	0.1024757729	0.0030984090000000003	-0.0228962634	0.1613459
0.0340761761	-0.0601419444	-0.0812570796	-0.0036036241	0.0784300636	0.0651314197	0.007957149999999998	0.134573	0.0704059	-0.00566713	-0.00518411	0.000908231	-0.0433286638	-0.0373869208	-0.0553134797	0.0320930705	-0.0523972833	-0.0631231251	0.10816422
0.0331264375	-0.0616113044	-0.08011293480000001	0.0005149482	0.08050564860000001	0.0608809025	0.0121036	0.141269	0.0122175	-0.00579151	-0.00507839	0.000489775	-0.0157019653	0.0002933605	0.0486527633	-0.0426948625	0.0073637363	0.1075700172	0.10145864999999994
0.0321720432	-0.06304602990000001	-0.0788674671	0.0046323627	0.0822984546	0.0563224862	0.0085987	0.130547	0.026640800000000003	-0.00595916	-0.00516671	0.000489775	0.047807865	0.012030802	-0.0344228713	0.0792758814	-0.0607037461	-0.0279035927	0.041448699999999984
0.0312131275	-0.06444531440000001	-0.0775222518	0.0087393624	0.0838021842	0.0514792244	0.00458636	0.0924328	0.0625966	-0.00545741	-0.00507771	0.000489774	0.0856451297	0.0612741993	-0.0990272804	0.0180919074	-0.0517120079	0.047046851900000006	0.10761988999999997
0.0302498251	-0.0658083714	-0.0760789902	0.0128267138	0.08501155560000001	0.0463756116	0.011489399999999999	0.166486	0.013628200000000002	-0.00623153	-0.005243899999999999	0.000489775	0.0795698143	0.0291456378	0.054424583	-0.0508959151	0.009288692	0.0141095736	0.17694019
0.0292822713	-0.0671344347	-0.0745395077	0.0168852274	0.0859223209	0.0410374587	0.014665899999999999	0.12281500000000001	0.042338	-0.00564661	-0.00530271	0.000489774	0.0365526411	0.0111012262	0.0040505133	0.0669287093	0.0009011771	-0.0452552333	0.10774385
0.0283106021	-0.06842275860000001	-0.0729057513	0.0209057786	0.0865312808	0.0354917629	0.0188415	0.19714500000000001	0.027994099999999997	-0.00651324	-0.00515947	0.000489774	0.0251014837	0.0103406968	-0.1072319023	-0.011553003700000002	0.0154719408	0.0529222546	0.143343
0.0273349542	-0.0696726192	-0.0711797874	0.0248793282	0.08683629650000001	0.0297665711	0.0207095	0.13713	0.0666184	-0.00555817	-0.005187	0.000489775	0.0293800523	-0.000274421	0.0219004277	-0.1107396459	-0.0173788967	0.0187655	0.14963734999999992
0.0263554645	-0.0708833137	-0.0693637988	0.0287969426	0.08683629650000001	0.0238908378	0.0165888	0.201621	0.06948910000000001	-0.00631612	-0.00538284	0.000489774	-0.0113684967	-0.041839321	0.0576274232	0.0388353516	-0.0544388603	-0.024307162	0.11917194999999994
0.0253722709	-0.0720541615	-0.0674600824	0.0326498139	0.0865312808	0.017894278899999998	0.0214806	0.14563299999999998	0.055067399999999996	-0.00632189	-0.00584902	0.000658837	-0.0598068647	-0.0771177165	0.0638011728	0.1094364556	-0.0683350809	-0.0832157261	0.10735215
0.0243855114	-0.0731845046	-0.0654710458	0.03642928	0.0859223209	0.0118072215	0.016186199999999998	0.198877	0.0637846	-0.00714428	-0.00597481	0.000489774	-0.0304938206	-0.0348534048	-0.0801793844	0.0174924141	-0.1037268354	0.015973783999999998	0.12311774999999996
0.0233953247	-0.0742737074	-0.0633992047	0.0401268436	0.08501155560000001	0.0056604503000000006	0.017921099999999995	0.11704300000000001	0.0781834	-0.00691282	-0.00560542	0.0005694119999999999	0.06363244009999999	-0.0175112175	0.032332993500000004	-0.0755224464	-0.08827313099999999	0.1103507513	0.13199210000000006
0.0224018501	-0.0753211577	-0.0612471794	0.0437341916	0.0838021842	-0.0005149482	0.014936099999999999	0.16208	-0.016044299999999997	-0.00712239	-0.00583928	0.000819658	0.045649794400000006	-0.0001155506	-0.0659284909	0.1112880488	-0.0130805478	0.0290439169	0.1769335
0.021405227	-0.0763262666	-0.0590176918	0.0472432137	0.0822984546	-0.0066877423	0.014741399999999997	0.14260599999999998	0.05481269999999999	-0.00653185	-0.00591623	0.0005793419999999999	0.0900218955	0.0122178868	-0.05358930940000002	-0.074375867	-0.0367161193	-0.0044789231	0.13591600000000004
0.0204055957	-0.0772884692	-0.0567135615	0.0506460208	0.08050564860000001	-0.0128267138	0.0224748	0.165569	-0.00243784	-0.00668887	-0.00589211	0.000438975	0.0760617222	0.0033703209000000003	0.0466814918	0.06405924860000001	-0.0043373648	0.0118096097	0.10402229000000003
0.0194030965	-0.0782072245	-0.054337702800000005	0.0539349624	0.0784300636	-0.0189008155	0.013276499999999998	0.133873	0.0637509	-0.0069197	-0.00576048	0.000581129	0.0677884423	0.0129429263	-0.0848523231	-0.0130390792	-0.0320946992	-0.0092404515	0.13231374
0.0183978704	-0.0790820161	-0.0518931204	0.0571026442	0.0760789902	-0.0248793282	0.029598000000000006	0.191169	0.017429499999999997	-0.00727881	-0.00598628	0.0005957240000000001	0.0554811052	-0.0028967946	0.0622966936	-0.0084847228	0.0394484098	0.0280100058	0.14991415000000002
0.017390058700000002	-0.0799123522	-0.0493829062	0.0601419444	0.0734606865	-0.0307320162	0.0249242	0.148945	0.0502114	-0.00722243	-0.00621061	0.000701372	0.0098539633	-0.017921514399999998	0.017270946699999998	0.08783625279999999	0.0022856541	-0.08269846	0.09899760000000002
0.0163798029	-0.08069776599999999	-0.046810235	0.06304602990000001	0.0705843495	-0.03642928	0.0342723	0.18116400000000002	0.018881400000000003	-0.0069197	-0.00573837	0.000489774	-0.0283910493	0.0117668398	-0.0806286974	-0.0745838646	0.0443187434	0.0746454602	0.12222550000000006
0.0153672451	-0.0814378161	-0.0441783605	0.0658083714	0.0674600824	-0.0419423064	0.027699500000000002	0.164398	0.0829296	-0.00675209	-0.00584255	0.0008768619999999997	0.0289763822	-0.011678021100000002	0.0052814308	-0.0599810466	0.0390793976	0.0215151696	0.12033090000000002
0.0143525276	-0.0821320864	-0.0414906114	0.06842275860000001	0.0640988592	-0.0472432137	0.036341399999999996	0.193653	-0.010045700000000001	-0.00791213	-0.00607802	0.000489774	0.0189564662	0.0036833275	-0.0781779163	0.0396196721	0.0404813213	0.0951576193	0.22000210000000006
0.0133357929	-0.0827801866	-0.0387503871	0.0708833137	0.0605124865	-0.0523051931	0.027489599999999996	0.16081199999999998	0.0706158	-0.00790142	-0.00601173	0.000489774	0.1182822686	0.0097293652	-0.006297247299999999	-0.0915526312	0.0010705505	0.0037708854	0.12620430000000002
0.0123171841	-0.0833817525	-0.0359611532	0.0731845046	0.0567135615	-0.0571026442	0.0333816	0.15373599999999998	-0.0181585	-0.007997479999999998	-0.00577968	0.000489774	0.08614178689999999	0.009447899	-0.0183389349	0.0910313759	0.0368402235	0.067375375	0.11814780000000001
0.0112968441	-0.0839364457	-0.0331264375	0.0753211577	0.052715428	-0.0616113044	0.028544099999999996	0.16839200000000001	0.058337699999999985	-0.007773129999999999	-0.00547295	0.000489774	0.1212970724	0.00145556	-0.0104852949	-0.0828273959	-0.007866966500000001	-0.07930417719999999	0.12254369999999995
0.0102749165	-0.08444395460000001	-0.0302498251	0.0772884692	0.0485321297	-0.0658083714	0.0295622	0.158172	-0.0161135	-0.007631459999999999	-0.00592711	0.000564316	0.0307810901	-0.0391953781	0.1004669127	0.0723970134	0.0460069142	0.0752060169	0.11920789999999998
0.0092515448	-0.0849039939	-0.0273349542	0.0790820161	0.0441783605	-0.0696726192	0.0256026	0.183497	0.039306	-0.007958909999999998	-0.00592567	0.000649321	0.0080517375	-0.06801618129999999	-0.07810753200000001	-0.0052293831	-0.0226482834	-0.0384120384	0.10539884999999996
0.008226873	-0.0853163048	-0.0243855114	0.08069776599999999	0.0396694132	-0.0731845046	0.011768899999999999	0.144466	0.0405527	-0.00688647	-0.00569428	0.0008193849999999997	0.020462543	-0.061963591	0.1086186396	-0.0545225945	0.016741006399999998	0.0873739523	0.12780609999999998
0.0072010449	-0.0856806557	-0.021405227	0.0821320864	0.0350211256	-0.0763262666	0.0237063	0.194914	0.03777	-0.00822578	-0.00581742	0.000489774	-0.0128130946	-0.0986785106	-0.0025945839	0.0572905992	0.01897048	-0.0819081946	0.15477115000000002
0.0061742047	-0.08599684169999999	-0.0183978704	0.0833817525	0.0302498251	-0.0790820161	0.011933299999999999	0.145147	0.0344109	-0.007326509999999999	-0.00556634	0.0005932040000000001	-0.0250365243	-0.0633196424	-0.064437428	-0.017657794299999998	0.0063823941	0.0664198142	0.12758810000000004
0.0051464969	-0.0862646851	-0.0153672451	0.08444395460000001	0.0253722709	-0.0814378161	0.015835299999999997	0.200901	0.07758239999999998	-0.0075749	-0.00579655	0.000828155	0.013671104	-0.0423630534	0.0270893254	-0.0651753588	0.0193516832	-0.0559311232	0.13850505
0.0041180657	-0.08648403539999999	-0.0123171841	0.0853163048	0.0204055957	-0.0833817525	0.012982800000000001	0.139147	0.00409637	-0.00704225	-0.0060666	0.0008058139999999999	-0.0339737355	-0.05740948360000001	0.012792428799999998	0.1027536614	0.0366198415	-0.0232737922	0.17934458
0.0030890558	-0.0866547691	-0.0092515448	0.08599684169999999	0.0153672451	-0.0849039939	0.026195599999999996	0.19152	0.07137139999999999	-0.007934	-0.00646857	0.000965483	0.0027187272	-0.0348762196	-0.0494404979	-0.0666546001	-0.0089459775	-0.0824817527	0.20553028
0.0020596118	-0.0867767904	-0.0061742047	0.08648403539999999	0.0102749165	-0.08599684169999999	0.022049000000000003	0.155869	-0.0007644699999999997	-0.00768571	-0.00635394	0.000986752	-0.0120549192	-0.0465907386	0.1441252368	-0.0242964333	0.0904518506	0.054301656100000005	0.13114292
0.0010298783	-0.0868500306	-0.0030890558	0.0867767904	0.0051464969	-0.0866547691	0.0265637	0.197202	0.04445	-0.00866954	-0.00665234	0.000965	-0.0312928315	-0.0454636408	0.0041388409	0.0466596064	0.0214478401	-0.1153134971	0.15626126999999998
0.0	-0.08687444859999999	-0.0	0.08687444859999999	0.0	-0.08687444859999999	0.0267322	0.11854500000000001	0.027027	-0.00800824	-0.00636572	0.000949602	-0.0255646776	0.0008909805	-0.003920541699999999	-0.0072852169	0.0158399792	0.0795159526	0.14441439999999994
-0.0010298783	-0.0868500306	0.0030890558	0.0867767904	-0.0051464969	-0.0866547691	0.030747900000000005	0.176234	0.0387358	-0.00915489	-0.00622201	0.0007193130000000001	0.0510893316	0.0040513715	-0.0018779689	0.024161067400000003	-0.0310599614	-0.02860165	0.14944595000000002
-0.0020596118	-0.0867767904	0.0061742047	0.08648403539999999	-0.0102749165	-0.08599684169999999	0.0154406	0.10506900000000001	0.0450825	-0.00815107	-0.00553965	0.000732461	0.0691734492	0.0385318088	-0.0862140224	0.0585101285	-0.055819495	0.0477061216	0.1777854
-0.0030890558	-0.0866547691	0.0092515448	0.08599684169999999	-0.0153672451	-0.0849039939	0.0307765	0.19628800000000002	0.0158607	-0.008454299999999998	-0.00581324	0.0006605439999999999	0.0252938152	0.0145266263	0.0284157926	-0.0686247543	-0.0155301222	-0.0402216892	0.16821354999999996
-0.0041180657	-0.08648403539999999	0.0123171841	0.0853163048	-0.0204055957	-0.0833817525	0.020347	0.11298499999999999	0.07491110000000001	-0.008274129999999998	-0.00624989	0.0009655439999999999	-0.0211320721	-0.0184592156	0.0221952254	0.0233629304	-0.0212652558	0.0417203885	0.1988739
-0.0051464969	-0.0862646851	0.0153672451	0.08444395460000001	-0.0253722709	-0.0814378161	0.033264499999999995	0.18789	0.022395099999999998	-0.00952874	-0.00643672	0.0007903389999999999	-0.0941082144	-0.0042913496	-0.0831386663	0.0147378951	0.0035762112	0.0620653248	0.22117075000000005
-0.0061742047	-0.08599684169999999	0.0183978704	0.0833817525	-0.0302498251	-0.0790820161	0.0244638	0.146282	0.08285249999999998	-0.00949087	-0.00637827	0.0008552319999999999	-0.0426952409	0.0205475692	0.0436507108	-0.0843965381	-0.058931266	0.0712699222	0.11892675000000005
-0.0072010449	-0.0856806557	0.021405227	0.0821320864	-0.0350211256	-0.0763262666	0.0374006	0.193078	0.0234384	-0.0107727	-0.00662636	0.000759936	-0.1080047838	-0.0079266177	0.0512178633	0.0833340691	-0.0678993511	-0.0236352567	0.20040770000000002
-0.008226873	-0.0853163048	0.0243855114	0.08069776599999999	-0.0396694132	-0.0731845046	0.020840599999999997	0.139457	0.06892539999999997	-0.0100625	-0.00630121	0.0008682409999999997	-0.1106666249	0.0094036323	-0.0617390235	0.0468113113	-0.12533271029999998	-0.0223154036	0.17285075000000005
-0.0092515448	-0.0849039939	0.0273349542	0.0790820161	-0.0441783605	-0.0696726192	0.0277717	0.1943	0.028339099999999996	-0.0109159	-0.00655348	0.000977829	-0.1180794216	0.019366183	0.053476616	-0.0216013891	-0.1234375451	-0.0367965203	0.16312329999999994
-0.0102749165	-0.08444395460000001	0.0302498251	0.0772884692	-0.0485321297	-0.0658083714	0.0211977	0.135141	0.0624047	-0.00995924	-0.00699101	0.000965261	-0.07965872809999999	0.0538387326	0.08505683480000001	0.0818094032	-0.1189127523	-0.0025980466	0.1701364999999999
-0.0112968441	-0.0839364457	0.0331264375	0.0753211577	-0.052715428	-0.0616113044	0.0299103	0.160955	-0.0120475	-0.010577600000000001	-0.00648293	0.000976872	-0.0815012602	0.1078870441	-0.0613055405	0.083746947	-0.10012623119999996	0.1069322856	0.16588134999999998
-0.0123171841	-0.0833817525	0.0359611532	0.0731845046	-0.0567135615	-0.0571026442	0.0290171	0.13399100000000005	0.0603586	-0.010347499999999999	-0.00667245	0.0009860340000000002	0.0091004968	0.1235406918	-0.0283680068	-0.062850474	-0.1677848187	-0.0350898863	0.12170239999999992
-0.0133357929	-0.0827801866	0.0387503871	0.0708833137	-0.0605124865	-0.0523051931	0.028225200000000002	0.133785	-0.0401959	-0.00868032	-0.00668157	0.0009506839999999999	-0.0625981113	0.1261324197	0.17003550829999994	-0.000121477	-0.0678769666	0.0974050198	0.18713490000000008
-0.0143525276	-0.0821320864	0.0414906114	0.06842275860000001	-0.0640988592	-0.0472432137	0.0363541	0.06714169999999997	-0.0687999	-0.00737954	-0.00630379	0.001719	-0.0620116736	0.0723354559	0.1040011898	0.0591935503	0.0498395939	-0.054208702699999986	0.22571999999999998
-0.0153672451	-0.0814378161	0.0441783605	0.0658083714	-0.0674600824	-0.0419423064	0.029649400000000006	0.177456	-0.036429699999999995	-0.007243829999999999	-0.00632057	0.00146767	0.0157579616	0.1317218698	0.0139883285	-0.0264463641	0.0511512552	0.0504917276	0.1695802
-0.0163798029	-0.08069776599999999	0.046810235	0.06304602990000001	-0.0705843495	-0.03642928	-0.00452147	0.14771800000000002	-0.07990719999999997	-0.00491502	-0.00522168	0.000894478	0.094046594	0.0756788449	0.0230663426	0.0274571664	0.0834204385	-0.0569405151	0.30743097
-0.017390058700000002	-0.0799123522	0.0493829062	0.0601419444	-0.0734606865	-0.0307320162	-0.00690641	0.0997102	-0.0691238	-0.00535897	-0.00516506	0.00108915	0.0395982498	0.1229941087	-0.1143576944	-0.0096673367	0.0934679155	0.0602069704	0.09593824000000002
-0.0183978704	-0.0790820161	0.0518931204	0.0571026442	-0.0760789902	-0.0248793282	0.00560484	0.171163	-0.054636300000000006	-0.005912	-0.00610456	0.00133321	-0.0099063233	0.1508662943	0.0905678394	-0.055867577300000006	0.09564955	-0.1384075291	0.18528105
-0.0194030965	-0.0782072245	0.054337702800000005	0.0539349624	-0.0784300636	-0.0189008155	-0.00970732	0.103848	-0.019721400000000004	-0.00534881	-0.00633801	0.00134871	-0.07129022089999999	0.1029611315	0.0651306686	0.0188518213	0.111553629	-0.0585634408	0.15814905999999998
-0.0204055957	-0.0772884692	0.0567135615	0.0506460208	-0.08050564860000001	-0.0128267138	-0.00493627	0.141785	-0.05711330000000001	-0.00627007	-0.00659165	0.00136285	-0.1493498027	0.1096786993	-0.06908445440000001	0.0106590475	0.1204526255	-0.0314073534	0.13955195000000006
-0.021405227	-0.0763262666	0.0590176918	0.0472432137	-0.0822984546	-0.0066877423	-0.0172666	0.0990953	0.0251547	-0.00609423	-0.00622004	0.00120809	-0.0807533533	0.1460108054	0.0036318898	-0.0580559599	0.017597210500000002	-0.0767637694	0.17239853000000002
-0.0224018501	-0.0753211577	0.0612471794	0.0437341916	-0.0838021842	-0.0005149482	-0.0058313	0.149515	-0.0325985	-0.00660351	-0.00639299	0.00117539	-0.0811628093	0.2058778854	0.0255420955	0.0674246896	0.0596421863	-0.0576865204	0.1553547
-0.0233953247	-0.0742737074	0.0633992047	0.0401268436	-0.08501155560000001	0.0056604503000000006	-0.00635152	0.106957	-0.00427249	-0.00608274	-0.00639806	0.00144779	-0.036919535	0.1872987756	-0.0404294702	0.029690845	0.0563508041	-0.0989505438	0.11131623
-0.0243855114	-0.0731845046	0.0654710458	0.03642928	-0.0859223209	0.0118072215	-0.00851021	0.12140899999999999	-0.038507599999999996	-0.00518164	-0.00577451	0.00129273	-0.1409583202	0.1919829689	-0.094978555	-0.0848101307	0.1256443078	-0.0278012428	0.1348313
-0.0253722709	-0.0720541615	0.0674600824	0.0326498139	-0.0865312808	0.017894278899999998	-0.025527200000000003	0.150101	-0.0178581	-0.0049756	-0.00472779	0.000598555	-0.05816968700000001	0.1485428597	0.0500437856	-0.1033780434	-0.0017902329	-0.0879806946	0.16370524000000006
-0.0263554645	-0.0708833137	0.0693637988	0.0287969426	-0.08683629650000001	0.0238908378	-0.071529	0.08218029999999997	-0.178395	-0.00280054	-0.00016143399999999999	-0.0015445	0.0609485897	-0.113067011	0.0200804103	0.0633936552	0.07612183019999999	-0.0002964806	0.71868295
-0.0273349542	-0.0696726192	0.0711797874	0.0248793282	-0.08683629650000001	0.0297665711	-0.177347	0.142619	-0.175039	-0.000820286	0.00132876	-0.00441888	0.1530715654	-0.2000354565	-0.0496410311	-0.0709919455	0.074825566	-0.0690058734	0.4868541000000001
-0.0283106021	-0.06842275860000001	0.0729057513	0.0209057786	-0.0865312808	0.0354917629	-0.172344	0.059899	-0.19251300000000002	-0.000555854	0.00101539	-0.00418505	0.1321181555	-0.1988269365	0.0676633749	-0.0535040404	0.0958394418	0.0514545007	0.14577859999999998
-0.0292822713	-0.0671344347	0.0745395077	0.0168852274	-0.0859223209	0.0410374587	-0.176898	0.12523199999999998	-0.16223900000000002	-0.00126674	0.0007875669999999998	-0.00365869	0.0991349662	-0.1983863695	-0.017210480400000002	0.0606713562	0.1008256847	0.0120872757	0.17341445
-0.0302498251	-0.0658083714	0.0760789902	0.0128267138	-0.08501155560000001	0.0463756116	-0.17286500000000002	0.0805303	-0.204866	-0.00137942	0.000649004	-0.00338972	0.0431511109	-0.214758075	-0.1050079839	0.0204019732	0.0713745492	0.04982306190000002	0.11737235
-0.0312131275	-0.06444531440000001	0.0775222518	0.0087393624	-0.0838021842	0.0514792244	-0.17469400000000002	0.145198	-0.11860699999999999	-0.00243629	0.000623589	-0.00344255	0.08456758029999999	-0.132048705	-0.0700608209	-0.0992110093	-0.0060616397	-0.0601568459	0.20951145
-0.0321720432	-0.06304602990000001	0.0788674671	0.0046323627	-0.0822984546	0.0563224862	-0.164847	0.07940909999999997	-0.167428	-0.00209369	0.000416472	-0.00369697	0.1082107917	-0.150315426	0.0574060468	0.0057497764	0.0302589047	0.0607094863	0.16466374999999994
-0.0331264375	-0.0616113044	0.08011293480000001	0.0005149482	-0.08050564860000001	0.0608809025	-0.189059	0.100252	-0.170122	-0.00202249	0.00090216	-0.00426913	0.1120006866	-0.1250937709	-0.0586226206	0.08608281300000001	0.0305686046	-0.0188586023	0.10420130000000004
-0.0340761761	-0.0601419444	0.0812570796	-0.0036036241	-0.0784300636	0.0651314197	-0.181504	0.11408499999999999	-0.21752800000000005	-0.00319221	0.000670405	-0.00393555	0.0383489122	-0.1100592117	-0.1288447468	-0.0522465151	0.0146709164	0.1556184337	0.15554675
-0.0350211256	-0.058638776	0.0822984546	-0.0077140944	-0.0760789902	0.06905254129999999	-0.17918900000000001	0.11753400000000006	-0.139475	-0.00244014	0.000230796	-0.00340106	0.0710235849	-0.1082151584	9.42917e-05	-0.0382990949	-0.0219017035	-0.004285967700000001	0.17012545
-0.0359611532	-0.0571026442	0.0832357426	-0.0118072215	-0.0734606865	0.07262443639999999	-0.16734300000000002	0.0698633	-0.200346	-0.00240749	0.00017371	-0.00330984	0.05145152	-0.0492723116	-0.0535815752	0.0270251391	0.012178864	0.0505001889	0.1294355
-0.036896126800000005	-0.0555344125	0.0840677581	-0.0158738029	-0.0705843495	0.0758290407	-0.17290999999999998	0.0972728	-0.14323300000000005	-0.00300448	0.000163371	-0.00355538	0.1437410626	-0.0184579864	0.026876072	-0.0240484496	-0.0462874792	-0.0286914524	0.13273295
-0.037825915	-0.0539349624	0.08479344890000001	-0.0199046958	-0.0674600824	0.0786501471	-0.17077699999999998	0.07143830000000001	-0.24916	-0.00309693	0.0008085139999999998	-0.00356487	0.1188437883	-0.04465036730000002	0.0184187897	0.08153680940000001	0.0128377926	0.0312912434	0.17124865
-0.0387503871	-0.0523051931	0.0854118973	-0.0238908378	-0.0640988592	0.0810734882	-0.17044	0.126673	-0.121823	-0.00268798	0.000730728	-0.00354994	0.06035923	-0.0142722626	-0.0929914553	-0.0339637261	-0.0090665452	-0.0073534145	0.207992
-0.0396694132	-0.0506460208	0.0859223209	-0.0278232669	-0.0605124865	0.08308680809999999	-0.171012	0.0912602	-0.20822100000000002	-0.00267427	0.000608251	-0.00364813	-0.0608721539	-0.1052846593	0.0906422584	-0.1056862246	0.049961296	0.0839623448	0.13410165
-0.040582864100000005	-0.0489583781	0.0863240742	-0.0316931422	-0.0567135615	0.0846799248	-0.179126	0.104833	-0.123868	-0.00236531	0.000630906	-0.00364645	-0.0382751684	-0.0918856033	0.0474358904	0.0437246006	0.0189686631	-0.0285936237	0.12270455
-0.0414906114	-0.0472432137	0.08661664919999999	-0.0354917629	-0.052715428	0.08584478109999999	-0.18312799999999999	0.100185	-0.200175	-0.00247832	0.000428393	-0.00357547	-0.0510694529	-0.0642621687	-0.0914207348	-0.0090192051	0.0694204151	0.0936672058	0.10428215
-0.0423925277	-0.0455014918	0.08679967570000001	-0.039210589	-0.0485321297	0.0865754859	-0.184829	0.103906	-0.105802	-0.0022178000000000002	0.000324327	-0.00371596	-0.0289135176	-0.0396916759	-0.0790098582	-0.1112378606	-0.0340558398	-0.0933754704	0.12504880000000002
-0.043288486	-0.0437341916	0.0868729224	-0.042841259400000005	-0.0441783605	0.08686834380000001	-0.17543499999999998	0.116119	-0.186598	-0.00301582	0.00037445400000000003	-0.00354726	-0.045342405	-0.0330753025	0.0703482013	-0.0343841621	-0.005807305699999999	0.029516121800000007	0.15324535
-0.0441783605	-0.0419423064	0.08683629650000001	-0.0463756116	-0.0396694132	0.0867218737	-0.179225	0.07706439999999999	-0.10769000000000001	-0.00284628	0.000334631	-0.00360587	0.0136044412	-0.0240055	-0.0350163731	0.0379914243	-0.0358163476	-0.1051539896	0.13515125
-0.0450620262	-0.0401268436	0.0866898444	-0.0498056993	-0.0350211256	0.0861368163	-0.176007	0.11227000000000001	-0.184384	-0.00340245	0.000353616	-0.00370217	0.05273249940000002	0.0406036173	0.0464521098	-0.042140662	-0.0069523636	0.048846249	0.14869034999999994
-0.0459393588	-0.0382888237	0.08643375130000001	-0.0531238108	-0.0302498251	0.08511613050000001	-0.17999500000000002	0.09149489999999999	-0.11998900000000001	-0.00283318	0.000417522	-0.00353457	0.0483311587	0.0180529919	0.0348774555	-0.0214778319	-0.0240544309	-0.0095006526	0.1291969
-0.046810235	-0.03642928	0.0860683411	-0.0563224862	-0.0253722709	0.0836649783	-0.179883	0.09080980000000001	-0.190518	-0.00329356	0.00033736300000000003	-0.00367029	-0.0510978776	-0.0119669958	-0.0148919997	0.08848949810000001	-0.012631737	0.0617346187	0.10513905
-0.0476745325	-0.0345492578	0.0855940759	-0.0593945339	-0.0204055957	0.0817906987	-0.179794	0.135787	-0.111669	-0.00353537	0.000695526	-0.00382354	-0.0189120616	-0.031267780499999995	0.0114558011	-0.0418001301	-0.1346346142	-0.0848859783	0.16157634999999998
-0.0485321297	-0.0326498139	0.08501155560000001	-0.062333047300000013	-0.0153672451	0.0795027708	-0.178834	0.08057660000000001	-0.21514	-0.00362688	0.00036821900000000003	-0.00398867	-0.0160064603	0.0149879011	0.0832262442	0.0813353454	-0.0648638213	0.0546837151	0.18883875
-0.0493829062	-0.0307320162	0.084321517	-0.0651314197	-0.0102749165	0.0768127656	-0.186394	0.122056	-0.12651400000000002	-0.0037183	0.0005411680000000001	-0.00372316	-0.0037426898	0.0248621862	-0.0812018962	0.047847100000000004	-0.0918128234	-0.0732874233	0.16415934999999998
-0.0502267424	-0.0287969426	0.0835248327	-0.0677833598	-0.0051464969	0.0737342873	-0.180954	0.08756489999999999	-0.191234	-0.00317318	0.000791192	-0.00379347	-0.0594237147	0.0407692596	0.0890143185	-0.0959671813	-0.0413236245	0.0911429228	0.1479238
-0.0510635197	-0.026845681	0.0826225104	-0.0702829053	-0.0	0.0702829053	-0.194678	0.11413499999999999	-0.13908299999999998	-0.00258841	0.0006610810000000001	-0.00349145	-0.0888873542	-0.006070221	0.0525272841	0.0627321549	-0.0590762824	-0.104959	0.14329014999999995
-0.0518931204	-0.0248793282	0.0816156912	-0.07262443639999999	0.0051464969	0.0664760744	-0.19304300000000002	0.0733975	-0.152558	-0.00255819	0.00039653	-0.00410143	-0.1042554243	0.001586615	-0.0646599234	-0.0246507356	-0.0708557034	0.0760873963	0.10108504999999997
-0.052715428	-0.0228989897	0.08050564860000001	-0.074802689	0.0102749165	0.062333047300000013	-0.195703	0.134798	-0.14644000000000001	-0.00309286	0.000540634	-0.00431906	-0.014808703700000004	0.0412795075	0.0091409533	0.0350550107	-0.1127701566	-0.007207898000000002	0.11499870000000002
-0.053530327	-0.0209057786	0.0792937865	-0.0768127656	0.0153672451	0.057874777	-0.2071	0.0493913	-0.139095	-0.00267078	0.000839267	-0.00438068	0.04992267190000002	0.0630643471	-0.0962222581	0.0493928516	-0.0668251043	0.0036310631	0.14326535
-0.054337702800000005	-0.0189008155	0.0779816375	-0.0786501471	0.0204055957	0.0531238108	-0.21061799999999997	0.11698499999999999	-0.196169	-0.00239146	0.0015685	-0.00506108	0.0142462802	0.0439968037	0.0893165714	-0.0219851768	-0.0181953458	-0.0190476889	0.21263335
-0.05513744190000002	-0.0168852274	0.0765708613	-0.08031070259999999	0.0253722709	0.0481041762	-0.27277399999999996	0.08526669999999999	-0.267875	-0.00311262	0.0032633000000000002	-0.00799462	-0.0478647861	-0.0165928122	0.014987504	0.0694229749	-0.0348068711	-0.0111692148	0.4330553
-0.05592943190000002	-0.0148601474	0.075063242	-0.0817906987	0.0302498251	0.042841259400000005	-0.253195	0.0543832	-0.26813000000000003	-0.00301157	0.0027473000000000003	-0.00705846	-0.08243920519999999	0.0058114013	-0.0074800654	-0.060398192300000014	-0.018694641	0.1298886723	0.128378
-0.0567135615	-0.0128267138	0.0734606865	-0.08308680809999999	0.0350211256	0.0373616773	-0.260346	0.142028	-0.151661	-0.00353757	0.00273043	-0.00701489	-0.0425562364	0.002876139	-0.0051832218	0.0201684266	-0.0944181895	-0.0357853763	0.2405868
-0.0574897206	-0.0107860698	0.0717652216	-0.0841961167	0.0396694132	0.0316931422	-0.264955	0.060116599999999985	-0.19362200000000002	-0.00282905	0.00261908	-0.00701407	-0.0560098246	-0.0038924757	-0.08642387119999999	0.086925154	-0.06146384980000001	0.0141233535	0.1695158999999999
-0.0582578	-0.0087393624	0.0699789916	-0.08511613050000001	0.0441783605	0.0258643221	-0.264072	0.124741	-0.176809	-0.00275906	0.00202248	-0.00656589	-0.0356755245	0.0049684729	0.0287664109	-0.027084647000000003	-0.116263283	-0.0792883683	0.13805890000000004
-0.0590176918	-0.0066877423	0.0681042557	-0.08584478109999999	0.0485321297	0.0199046958	-0.248146	-0.0144113	-0.264448	-0.00140392	0.00220016	-0.0063753	-0.0404116812	0.0239432411	0.0580665812	0.0669036296	-0.0534458592	0.0155544694	0.32888779999999995
-0.0597692892	-0.0046323627	0.0661433849	-0.0863804302	0.052715428	0.0138444035	-0.22528299999999998	0.119957	-0.272623	-0.0019233	0.00196492	-0.00593356	0.0019464713	0.0114150465	0.0172413652	-0.0184567868	-0.020853266	0.0278944952	0.2252243
-0.0605124865	-0.002574379	0.0640988592	-0.0867218737	0.0567135615	0.0077140944	-0.23493899999999998	0.0499851	-0.29162	-0.00145702	0.0025318000000000003	-0.00642176	0.017195993700000002	0.0225338752	0.0063259826	0.0674936142	-0.0111856078	-0.0271900106	0.17469289999999998
-0.0612471794	-0.0005149482	0.0619732646	-0.08686834380000001	0.0605124865	0.0015447720999999998	-0.255317	0.115603	-0.28893	-0.0013158000000000006	0.00270406	-0.00688262	0.005505933	0.056947254	-0.015806641399999998	-0.0848698105	0.0286420579	-0.0016611149	0.1274029
-0.0619732646	0.0015447720999999998	0.0597692892	-0.08681951130000001	0.0640988592	-0.0046323627	-0.25439	0.0617707	-0.238075	-0.00018811599999999997	0.00229035	-0.0070712000000000014	0.0203290374	0.0138494323	0.061001160599999986	-0.0997318613	-0.005422365300000001	0.027832674100000003	0.192113
-0.0626906399	0.0036036241	0.0574897206	-0.0865754859	0.0674600824	-0.0107860698	-0.251502	0.0858666	-0.333472	-0.000974258	0.00253923	-0.0071866	-0.0291545916	0.0218497687	-0.0136914916	0.0708383987	0.017386789	0.0417764023	0.179902
-0.0633992047	0.0056604503000000006	0.05513744190000002	-0.0861368163	0.0705843495	-0.0168852274	-0.254826	0.0326349	-0.220302	-0.0008337289999999999	0.00255423	-0.0070712000000000014	0.0473477521	0.0204421766	-0.027015769900000004	-0.0475642569	-0.056263659400000006	-0.030366746	0.18327215
-0.0640988592	0.0077140944	0.052715428	-0.08550448869999999	0.0734606865	-0.0228989897	-0.243333	0.0755092	-0.30911	-0.000736896	0.00250538	-0.0070712000000000014	0.024678516400000003	0.06587935360000001	0.0370528992	0.0757174161	0.0189180824	0.048370395199999985	0.15045945000000002
-0.06478950530000001	0.0097634022	0.0502267424	-0.0846799248	0.0760789902	-0.0287969426	-0.261065	0.0381217	-0.226257	-0.00107642	0.0026765	-0.00707537	0.0362380324	0.0481016277	-0.0962496122	-0.0062229824	-0.0165915463	-0.0683103548	0.16371319999999998
-0.0654710458	0.0118072215	0.0476745325	-0.0836649783	0.0784300636	-0.0345492578	-0.26454099999999997	0.0653297	-0.28481	-0.0006688289999999999	0.00253706	-0.00727776	-0.0015060634	0.0541232939	0.0883615344	-0.0358312468	0.0465652096	0.0480369377	0.12670805000000002
-0.0661433849	0.0138444035	0.0450620262	-0.0824619312	0.08050564860000001	-0.0401268436	-0.272812	0.0635322	-0.230929	-0.00010730300000000004	0.00255214	-0.00729285	-0.0031397829	0.013853778999999998	0.0664102433	-0.0192525567	0.0456659473	-0.0298891047	0.09353429999999996
-0.0668064281	0.0158738029	0.0423925277	-0.0810734882	0.0822984546	-0.0455014918	-0.26768000000000003	0.0707561	-0.33960500000000005	-0.000853282	0.0026656999999999996	-0.00747321	-0.0597184471	-0.0067591672	0.055180604400000006	0.1064466461	0.0662724392	0.0279765172	0.17302685
-0.0674600824	0.017894278899999998	0.0396694132	-0.0795027708	0.0838021842	-0.0506460208	-0.279022	0.05480790000000002	-0.217599	-0.000717491	0.00255459	-0.0074732	0.0234891856	0.0266079711	-0.07028295	0.011492216299999998	-0.0294142641	-0.0922669076	0.16164175000000006
-0.0681042557	0.0199046958	0.036896126800000005	-0.0777533106	0.08501155560000001	-0.0555344125	-0.275977	0.0522513	-0.318135	-0.000518075	0.00259223	-0.0074732	0.0363745216	0.0546609008	0.1059628295	-0.0061524815	0.0831858092	0.1152438032	0.11799040000000002
-0.0687388576	0.0219039234	0.0340761761	-0.0758290407	0.0859223209	-0.0601419444	-0.277557	0.0796443	-0.263151	-0.00038024	0.00237214	-0.00733388	0.0501130337	0.0251527352	0.0145071295	0.0574225718	0.0447206085	-0.0399070684	0.10881925
-0.0693637988	0.0238908378	0.0312131275	-0.0737342873	0.0865312808	-0.06444531440000001	-0.270806	0.05594630000000001	-0.33214699999999997	0.000242957	0.00274268	-0.00760083	-0.0306572379	0.0369269805	-0.0849383327	0.0211922596	0.1086640597	0.1055121336	0.16247935
-0.0699789916	0.0258643221	0.0283106021	-0.07147376009999999	0.08683629650000001	-0.06842275860000001	-0.272066	0.0920687	-0.25511999999999996	-0.00010530799999999999	0.00273612	-0.00744441	0.0240992326	0.0284939635	0.0150723254	-0.08796235949999999	-0.0264189441	-0.1183090916	0.13997164999999998
-0.0705843495	0.0278232669	0.0253722709	-0.06905254129999999	0.08683629650000001	-0.0720541615	-0.266546	0.036752999999999994	-0.31672100000000003	-0.00011954899999999999	0.0026536	-0.00752124	0.0217468127	0.007627459	0.08292820740000001	0.0650543225	0.0366870805	0.0604706571	0.13111624999999993
-0.0711797874	0.0297665711	0.0224018501	-0.0664760744	0.0865312808	-0.0753211577	-0.27210300000000004	0.07873059999999997	-0.263106	-0.00047565	0.00272233	-0.007508769999999999	0.0344822455	0.0274304338	-0.0820784923	0.0379471559	-0.0033026951	-0.0334784266	0.12301464999999998
-0.0717652216	0.0316931422	0.0194030965	-0.06375015190000001	0.0859223209	-0.0782072245	-0.275242	0.0283964	-0.28462800000000005	-8.29364e-05	0.00299647	-0.00775113	0.034060898	0.008871983	0.0911318491	-0.009608881	0.0497444876	0.1068584692	0.12045588000000006
-0.0723405698	0.0336018971	0.0163798029	-0.0608809025	0.08501155560000001	-0.08069776599999999	-0.281607	0.08486510000000001	-0.279528	-0.000646952	0.00268844	-0.00786491	0.0128180333	-0.0051092938	-0.015555291	0.054761331	0.0240337683	-0.015387533	0.11722497999999998
-0.0729057513	0.0354917629	0.0133357929	-0.057874777	0.0838021842	-0.0827801866	-0.284432	0.0503855	-0.29473499999999997	0.000126189	0.00307428	-0.00814666	-0.042008352	-0.004843962	-0.1023264813	0.0185157115	0.0592646335	0.1075220442	0.1245481500000001
-0.0734606865	0.0373616773	0.0102749165	-0.054738534000000005	0.0822984546	-0.08444395460000001	-0.290513	0.0947613	-0.270498	-0.000404102	0.00312463	-0.00800821	-0.0217358813	-0.0107842416	-0.000554261	-0.0800766197	0.0004953972	-0.1038041763	0.11064835
-0.0740052975	0.039210589	0.0072010449	-0.0514792244	0.08050564860000001	-0.0856806557	-0.27988	0.0188204	-0.29723299999999997	-0.000369915	0.00301148	-0.0080424	0.0238443963	0.021103308900000003	0.0462044647	0.07111055320000001	0.0209597716	0.0444207447	0.12238525000000006
-0.0745395077	0.0410374587	0.0041180657	-0.0481041762	0.0784300636	-0.08648403539999999	-0.274883	0.118449	-0.308803	-0.00117464	0.00362166	-0.00844076	0.0280149283	0.036555576400000005	-0.024640957400000003	-0.0213275974	0.0157053619	-0.026213303	0.20685885
-0.075063242	0.042841259400000005	0.0010298783	-0.0446209772	0.0760789902	-0.0868500306	-0.273917	0.022647	-0.287456	-0.000198553	0.00354043	-0.00798417	0.08153286259999999	0.0309406354	0.0061560063	0.0282334902	0.0177391345	0.078617847	0.19381035
-0.07557642690000001	0.0446209772	-0.0020596118	-0.0410374587	0.0734606865	-0.0867767904	-0.276885	0.0976982	-0.335187	-0.000885178	0.00373561	-0.00850315	-0.0294968559	0.0282391121	-0.0965686385	-0.0267001999	0.058302437	0.060264124	0.19578944999999992
-0.0760789902	0.0463756116	-0.0051464969	-0.0373616773	0.0705843495	-0.0862646851	-0.288995	0.0350966	-0.285512	0.00040647199999999995	0.00341219	-0.008174489999999998	-0.0040432273	-0.0284750388	0.0509223547	-0.0729617033	0.0304650589	0.1057738966	0.22157310000000002
-0.0765708613	0.0481041762	-0.008226873	-0.0336018971	0.0674600824	-0.0853163048	-0.28425300000000003	0.0847782	-0.375023	0.000158281	0.00335532	-0.00798219	-0.08425023429999999	-0.0203546561	-0.0426887699	0.0109724926	0.08353699049999999	0.045345914	0.16880264999999992
-0.077051971	0.0498056993	-0.0112968441	-0.0297665711	0.0640988592	-0.0839364457	-0.294512	0.0744383	-0.251888	0.000501002	0.0034900999999999995	-0.00831491	-0.0287663932	-0.0535401158	-0.0027309765	-0.1389468359	-0.0159951869	0.0141036895	0.18424495
-0.0775222518	0.0514792244	-0.0143525276	-0.0258643221	0.0605124865	-0.0821320864	-0.24704600000000002	0.08536889999999997	-0.243275	-9.74068e-05	0.00364692	-0.00753289	-0.0229663072	-0.0420944609	0.0099046125	0.028200646	0.0013435182	-0.0314552776	0.14387204000000006
-0.0779816375	0.0531238108	-0.017390058700000002	-0.0219039234	0.0567135615	-0.0799123522	-0.257352	0.0925044	-0.15978599999999998	-5.8797e-05	0.00320037	-0.007913	0.028902877	-0.0239709864	-0.0439559123	-0.0431136245	-0.0689011554	-0.1082950132	0.14419399
-0.0784300636	0.054738534000000005	-0.0204055957	-0.017894278899999998	0.052715428	-0.0772884692	-0.275361	0.0520966	-0.24397	0.000895195	0.00347721	-0.00819599	0.0107209303	-0.0375449491	0.0260450985	0.0390078579	0.0131812772	-0.0493535045	0.21829189999999998
-0.0788674671	0.0563224862	-0.0233953247	-0.0138444035	0.0485321297	-0.0742737074	-0.277863	0.08574889999999999	-0.2738	0.000974681	0.00280329	-0.00772554	0.0243851855	0.0038103818	-0.0239685335	0.036725374500000005	0.0317513024	-0.053359883	0.1271771
-0.0792937865	0.057874777	-0.0263554645	-0.0097634022	0.0441783605	-0.0708833137	-0.25806799999999996	0.0368549	-0.286434	0.00118927	0.00255852	-0.00731283	0.0314353529	-0.0062461512	0.0472880348	0.0390067831	0.0515343446	-0.0310142823	0.12492645000000002
-0.07970896179999999	0.0593945339	-0.0292822713	-0.0056604503000000006	0.0396694132	-0.0671344347	-0.27561399999999997	0.086214	-0.17633800000000002	0.000781216	0.00279097	-0.007595509999999998	0.1057267157	0.0143859701	-0.067867247	-0.0047109890000000005	-0.0303390585	-0.0505541827	0.2231603
-0.08011293480000001	0.0608809025	-0.0321720432	-0.0015447720999999998	0.0350211256	-0.06304602990000001	-0.27995	0.07753119999999998	-0.263892	0.00108177	0.00354908	-0.00753761	0.0667344825	0.0012528193	0.0657087063	0.031511256	0.0216224718	-0.0518301391	0.15640099999999998
-0.08050564860000001	0.062333047300000013	-0.0350211256	0.002574379	0.0302498251	-0.058638776	-0.288612	0.083275	-0.197006	0.00149937	0.00322904	-0.00765822	0.0381499668	-0.0206859851	-0.047444818	-0.0157893807	0.0266357178	-0.0614737992	0.12420430000000005
-0.0808870481	0.06375015190000001	-0.037825915	0.0066877423	0.0253722709	-0.0539349624	-0.292598	0.09738939999999999	-0.234073	0.00168782	0.00348587	-0.00794443	-0.0950724562	-0.0683659304	-0.0402530941	-0.1489072506	0.07118616900000001	-0.0107370909	0.09174190000000007
-0.0812570796	0.0651314197	-0.040582864100000005	0.0107860698	0.0204055957	-0.0489583781	-0.301194	0.131399	-0.18046900000000002	0.00115827	0.00319243	-0.00795094	-0.0660278492	-0.094922177	0.0272767475	-0.0980768254	-0.0122509057	-0.08394692869999999	0.13768459999999996
-0.0816156912	0.0664760744	-0.043288486	0.0148601474	0.0153672451	-0.0437341916	-0.29769	0.06551019999999999	-0.285064	0.00126773	0.00370165	-0.00805316	-0.0889041493	-0.0694444266	0.0098612724	0.0080099725	0.023567696000000003	-0.1030132445	0.2100328
-0.0819628325	0.0677833598	-0.0459393588	0.0189008155	0.0102749165	-0.0382888237	-0.302669	0.09368660000000001	-0.16388699999999998	0.0008488649999999998	0.003554500000000001	-0.00798954	0.0261259288	-0.0325596266	-0.0581507368	-0.0450483839	-0.0322334327	-0.0977483264	0.18581415
-0.0822984546	0.06905254129999999	-0.0485321297	0.0228989897	0.0051464969	-0.0326498139	-0.30005	0.0861178	-0.29518	0.0008488649999999998	0.00354804	-0.00801807	0.0098040515	-0.0454036662	0.1175946959	-0.0417371382	0.0426035755	-0.0259227838	0.14323030000000006
-0.0826225104	0.0702829053	-0.0510635197	0.026845681	0.0	-0.026845681	-0.298991	0.051922699999999995	-0.240707	0.0008488639999999997	0.003555300000000001	-0.00811384	0.0087206477	-0.051604442	0.0216729195	0.0364880638	0.0526985834	-0.0421073154	0.09487864999999998
-0.08293495440000001	0.07147376009999999	-0.053530327	0.0307320162	-0.0051464969	-0.0209057786	-0.29593200000000003	0.06756480000000001	-0.312959	0.00025797099999999996	0.00367744	-0.008129509999999998	-0.0900710419	-0.0700201658	-0.0765253624	-0.0023182056	0.0496249551	0.0615521065	0.12738824999999998
-0.0832357426	0.07262443639999999	-0.05592943190000002	0.0345492578	-0.0102749165	-0.0148601474	-0.300212	0.058636699999999986	-0.20483800000000002	0.00050429	0.00377248	-0.00803146	-0.0619931128	-0.0560636424	-0.0764532116	-0.0524913983	-0.0264775117	-0.0965249784	0.14329954999999991
-0.0835248327	0.0737342873	-0.0582578	0.0382888237	-0.0153672451	-0.0087393624	-0.30694299999999997	0.09890139999999999	-0.277624	-0.000178337	0.00351802	-0.008784979999999998	-0.0865368443	-0.0317382304	0.0414272831	-0.1172765488	-0.027256872	-0.0153925652	0.20431205
-0.0838021842	0.074802689	-0.0605124865	0.0419423064	-0.0204055957	-0.002574379	-0.295842	0.06074830000000001	-0.1984	0.000611159	0.00376107	-0.00814069	-0.0301850319	-0.0602799862	0.0408768405	-0.0014322797	-0.0245360015	-0.0032048332	0.2123199
-0.0840677581	0.0758290407	-0.0626906399	0.0455014918	-0.0253722709	0.0036036241	-0.28797399999999995	0.09884680000000001	-0.28884099999999996	-4.7187e-05	0.00357138	-0.008211899999999998	-0.0352666689	-0.0153138552	-0.0352985487	0.0854926023	-0.0021283097	0.0212144607	0.1823698
-0.084321517	0.0768127656	-0.06478950530000001	0.0489583781	-0.0302498251	0.0097634022	-0.30611700000000003	0.0564153	-0.189304	0.000259772	0.00390211	-0.00813792	0.052996791	0.0285249084	-0.0481137513	-0.0471137722	-0.08911278539999999	-0.0041538075	0.19569495
-0.0845634253	0.0777533106	-0.0668064281	0.0523051931	-0.0350211256	0.0158738029	-0.297643	0.11688299999999999	-0.24939099999999997	-4.7187e-05	0.00352609	-0.00827718	0.049709352000000005	0.0300208356	0.0081370826	0.1036387033	-0.0292329475	0.0161128726	0.17014065
-0.08479344890000001	0.0786501471	-0.0687388576	0.0555344125	-0.0396694132	0.0219039234	-0.30561	0.0711518	-0.20944699999999997	0.000420901	0.00374633	-0.00878419	0.061944533	0.0496039491	-0.1018161607	0.0497132765	-0.06248719320000001	-0.0183773019	0.15340910000000002
-0.08501155560000001	0.0795027708	-0.0705843495	0.058638776	-0.0441783605	0.0278232669	-0.294802	0.07731489999999999	-0.305996	-0.000426665	0.00349633	-0.008419299999999998	0.0998465847	0.0505370378	0.0706338094	0.0498909971	0.0235711453	0.0571325999	0.18664290000000008
-0.0852177147	0.08031070259999999	-0.0723405698	0.0616113044	-0.0485321297	0.0336018971	-0.300182	0.030848900000000002	-0.275013	-4.7187e-05	0.00392541	-0.008357959999999998	0.0940053021	0.0640626161	-0.0550531803	0.0567160453	0.0022221217000000003	-0.000977791	0.12632390000000002
-0.0854118973	0.0810734882	-0.0740052975	0.06444531440000001	-0.052715428	0.039210589	-0.30796999999999997	0.0922137	-0.275848	-0.000256631	0.00409869	-0.00879889	-0.010473628	0.0597441948	-0.07489739179999999	-0.0828413927	0.0322706517	0.0902675868	0.11117050000000003
-0.0855940759	0.0817906987	-0.07557642690000001	0.0671344347	-0.0567135615	0.0446209772	-0.32147600000000004	0.0722425	-0.184725	0.000484305	0.00423294	-0.00901709	0.006266596	-0.0105271027	-0.009594266	-0.1000618386	-0.0522729503	-0.0178418625	0.17926949999999992
-0.0857642251	0.0824619312	-0.077051971	0.0696726192	-0.0605124865	0.0498056993	-0.317321	0.086259	-0.242189	0.000541287	0.00394446	-0.00906309	-0.044123538	-0.0110418261	0.1163052514	0.016418468500000002	-0.0193636382	0.0053299773	0.0952085999999999
-0.0859223209	0.08308680809999999	-0.0784300636	0.0720541615	-0.0640988592	0.054738534000000005	-0.305769	0.08702709999999997	-0.19276	0.001103	0.00346052	-0.0080472	-0.0383699517	-0.0716757214	0.08622774050000001	0.0581474156	0.016477708400000003	-0.0409769478	0.16482625000000006
-0.0860683411	0.0836649783	-0.07970896179999999	0.0742737074	-0.0674600824	0.0593945339	-0.284526	0.0787781	-0.25956399999999996	0.000959494	0.00351096	-0.00768334	-0.0447788214	0.003233051	-0.07861906190000001	0.031954726600000004	0.0072634613	0.06772757830000001	0.12418630000000005
-0.0862022651	0.0841961167	-0.0808870481	0.0763262666	-0.0705843495	0.06375015190000001	-0.30268	0.08008479999999997	-0.19376300000000002	0.000686958	0.00380693	-0.0081328	0.07224221110000001	0.026090429	-0.0070820319999999985	-0.0094442363	-0.0520737791	-0.0249174175	0.13616000000000006
-0.0863240742	0.0846799248	-0.0819628325	0.0782072245	-0.0734606865	0.0677833598	-0.301064	0.0608322	-0.297249	0.000439761	0.00419352	-0.00856275	0.0542170521	0.0686011188	-0.055114175	0.0684261511	0.0224006128	0.1317938292	0.1775414499999999
-0.08643375130000001	0.08511613050000001	-0.08293495440000001	0.0799123522	-0.0760789902	0.07147376009999999	-0.310501	0.08779489999999998	-0.197185	0.000258218	0.00403623	-0.008503699999999998	0.058306222699999986	0.0550277291	-0.0205076973	-0.04407119650000002	-0.0176497518	-0.0616970737	0.15635785000000002
-0.0865312808	0.08550448869999999	-0.0838021842	0.0814378161	-0.0784300636	0.074802689	-0.304716	0.072219	-0.30494	0.00011225200000000001	0.00408714	-0.008603889999999998	-0.0332420513	0.005230286	0.1443133051	-0.0377219883	0.0352106582	0.0762180088	0.14396920000000002
-0.08661664919999999	0.08584478109999999	-0.0845634253	0.0827801866	-0.08050564860000001	0.0777533106	-0.305332	0.0738908	-0.23329899999999998	0.000258218	0.0038501	-0.00839186	-0.0306803233	-0.0134147034	0.0344614072	0.045431894400000006	-0.0017626767000000004	-0.0534872134	0.10368060000000004
-0.0866898444	0.0861368163	-0.0852177147	0.0839364457	-0.0822984546	0.08031070259999999	-0.303562	0.08234730000000001	-0.268021	-0.00013107899999999998	0.00377576	-0.008603899999999998	-0.0814782403	0.0123162332	-0.08083052730000001	-0.0383780717	0.0085378272	0.1162555748	0.07873235
-0.0867508561	0.0863804302	-0.0857642251	0.0849039939	-0.0838021842	0.0824619312	-0.313548	0.08935279999999997	-0.170958	0.000270602	0.00411303	-0.008742319999999998	0.0186933606	0.0032762421000000004	-0.000511823	-0.0186325132	-0.0352560492	-0.0088829439	0.15792305
-0.08679967570000001	0.0865754859	-0.0862022651	0.0856806557	-0.08501155560000001	0.0841961167	-0.305413	0.054825	-0.271223	8.241759999999998e-05	0.0043692	-0.008598639999999998	0.0024956886	0.0452655205	-0.0467970154	0.0927526712	0.0062641566	0.08615950230000001	0.17232952
-0.08683629650000001	0.0867218737	-0.0865312808	0.0862646851	-0.0859223209	0.08550448869999999	-0.309114	0.09376300000000004	-0.199251	0.00034553800000000005	0.00422934	-0.00860862	0.0328381073	0.04553014	-0.0010262553	-0.05284608650000002	-0.07677789809999999	-0.0635731519	0.13525902000000006
-0.08686071320000001	0.08681951130000001	-0.0867508561	0.0866547691	-0.0865312808	0.0863804302	-0.294367	0.0649155	-0.30651300000000004	0.000382115	0.00386925	-0.008639299999999999	-0.0397355964	-0.0125086077	0.1312302391	0.0481085826	0.0142162331	0.07754294	0.17222384999999998
-0.0868729224	0.08686834380000001	-0.08686071320000001	0.0868500306	-0.08683629650000001	0.08681951130000001	-0.303319	0.10284000000000001	-0.24271500000000001	0.000208168	0.00420293	-0.00857357	-0.0267640429	-0.0104743845	0.0258128003	0.0582866423	-0.0376490459	-0.0573929731	0.13934234999999998
