0.0942786066	0.094271714	0.0942602268	0.0942441455	0.0942234708	-0.0195183	0.0881517	-0.06316330000000002	-0.00332537	0.00042047300000000004	0.000247091	0.0047685777	-0.0372845853	0.2361008811	-0.045417626	-0.0796394045	-0.1302824113	0.0
0.0942602268	0.0941982038	0.0940948623	0.0939502478	0.0937644235	-0.0171737	0.14569299999999996	0.0046224	-0.0042228000000000005	0.000427024	0.00013707200000000002	0.07754957259999999	-0.101777072	0.1754949601	0.0385703188	-0.1046875588	-0.0579740799	0.17837160000000002
0.0942234708	0.0940512406	0.0937644235	0.0933633689	0.0928485654	-0.0312724	0.0558433	-0.0393534	-0.0029268000000000002	0.0008304089999999999	0.000521766	0.0977832908	-0.08768886470000001	0.0267857558	-0.0697364069	-0.0487138038	-0.1840182459	0.25212815
0.0941683457	0.0938309391	0.09326949	0.092485339	0.0914803584	-0.0170988	0.147079	-0.00331076	-0.00348313	0.0007251319999999998	-1.81264e-06	-0.0053406461	-0.0094550326	0.0788228619	-0.0116976123	-0.1012045948	-0.0933663509	0.200711222
0.0940948623	0.0935374711	0.0926109301	0.0913188962	0.0896664683	-0.0212484	0.0874695	0.0114779	-0.00402322	0.00103745	3.6060199999999996e-06	0.0084683814	-0.032953665800000004	0.0586082989	0.0801644353	0.0779265329	0.0816684957	0.12143909299999996
0.094003035	0.0931710653	0.0917898992	0.089867678	0.0874157321	-0.0242004	0.133747	0.00322216	-0.00423868	0.00115168	6.91124e-05	0.0319673424	0.0151479319	-0.036343739	-0.1582675553	-0.0326129993	0.0032001588	0.07724505899999998
0.0938928815	0.0927320076	0.0908078376	0.08813621	0.08473911529999999	-0.0295322	0.133483	0.0436214	-0.00481682	0.00142104	-9.126420000000004e-05	-0.0914203679	0.008148486600000001	-0.0363853614	0.0421081352	0.0154368821	-0.020865604	0.09638887000000004
0.0937644235	0.0922206402	0.0896664683	0.0861298917	0.0816496581	-0.0257036	0.079697	-0.030338	-0.0036812	0.00170126	-1.60182e-05	0.041445316	0.1626390258	-0.0084220847	0.024868396	0.0383887542	0.075614303	0.2061283
0.0936176859	0.0916373619	0.0883677934	0.0838549798	0.0781624119	-0.01602	0.154803	0.0183102	-0.00458837	0.00155108	-6.61119e-05	0.0037294391	-0.017412708500000002	-0.0563079553	0.0831922782	-0.021071774	0.013168858	0.188809985
0.0934526974	0.0909826276	0.0869140914	0.0813185686	0.0742943663	-0.022965	0.0904067	0.0157814	-0.00401267	0.00124659	0.00019193700000000002	0.0311372927	0.0030867116	-0.0876397396	-0.1208047944	0.06814724650000001	-0.0234288643	0.130782045
0.09326949	0.0902569478	0.0853079126	0.0785285677	0.0700643661	0.00132767	0.18686	0.0137175	-0.00440883	0.00130108	-0.000124903	-0.0052734639	0.0098886807	0.0022900507	0.0010170855	-0.1124551609	-0.046753114500000005	0.16118437
0.0930680996	0.0894608883	0.08355207469999999	0.0754936776	0.0654930192	-0.014044799999999998	0.08264769999999999	0.018671700000000003	-0.00352034	0.00194765	0.00017699099999999999	0.0517171127	0.0007373658	0.049021451900000006	0.0164360828	0.0736105323	0.0995527834	0.21638667
0.0928485654	0.0885950699	0.0816496581	0.0722233627	0.060602597	-0.037088800000000005	0.135043	-0.0162676	-0.00195762	0.00268313	-0.00032521599999999997	0.0109875902	-0.0285757324	-0.0704785929	-0.06287547240000001	-0.0616562452	0.0262640035	0.25039895
0.0926109301	0.0876601678	0.0796040002	0.0687278213	0.055416925	-0.029839299999999996	0.10391500000000001	0.023697299999999998	-0.00256102	0.00239328	-0.000154456	-0.122560144	-0.0570709057	-0.0928733671	0.0344007751	0.0357360039	0.0757580195	0.1315429
0.0923552402	0.0866569108	0.0774186899	0.0650179541	0.0499612674	-0.0269939	0.136482	-0.027288299999999998	-0.00314897	0.0027375	-0.00043948	0.0645496709	0.05901456450000001	0.0987211	-0.0098658014	-0.0033796864	0.1021730248	0.14725770000000002
0.0920815455	0.08558608150000001	0.0750975609	0.0611053303	0.0442622034	-0.024915299999999998	0.114567	0.014234	-0.00321018	0.00238768	-0.000411264	0.06067312900000001	-0.1556704408	0.0263737897	-0.0020828684	0.0311937042	0.0422550835	0.08747819999999998
0.0917898992	0.08444851460000001	0.07264468519999999	0.0570021512	0.0383474985	-0.0268925	0.07946609999999997	-0.0189395	-0.00276979	0.00259797	-0.00017291099999999998	-0.108120337	-0.0130260981	0.0694560563	-0.1957953628	0.0681681204	0.0428264409	0.11470325
0.0914803584	0.0832450974	0.0700643661	0.0527212125	0.0322459684	-0.0120186	0.179332	-0.0309694	-0.00432655	0.00214158	-0.00040157699999999997	0.0537148483	0.031447016200000004	0.001856009	0.13478548640000002	-0.0948219944	0.0077724249	0.2388605
0.0911529832	0.0819767681	0.0673611302	0.0482758643	0.025987339100000003	-0.0030978	0.07587260000000001	0.011337	-0.00323159	0.00211877	-0.00040837199999999995	0.1007813827	0.0067227421	-0.0918181054	-0.042485914900000005	0.0677295262	-0.0480859687	0.21091485
0.0908078376	0.0806445158	0.0645397201	0.0436799691	0.0196021022	-0.0309286	0.17079	0.0108176	-0.00497021	0.00224065	-0.00024015400000000002	-0.154848672	0.0445508291	0.0311371262	0.0287564677	-0.0922097066	-0.0354843915	0.22470349999999997
0.0904449889	0.0792493794	0.0616050853	0.0389478592	0.0131213658	-0.0306901	0.095856	0.00641619	-0.00467835	0.00224065	-4.98917e-05	-0.0416082914	0.0221517986	0.0776467007	0.0737050341	0.1090815301	-0.0786597277	0.10368002499999998
0.09006450769999999	0.0777924467	0.0585623743	0.034094291400000004	0.0065767034	-0.022222	0.140401	-0.0097084	-0.00478627	0.00283188	-0.000454221	0.0830123178	0.014450361	-0.0493215089	0.0018446286	-0.0962969091	-0.0343218245	0.12431165499999998
0.0896664683	0.0762748537	0.055416925	0.0291344016	0.0	-0.0302526	0.141985	0.046629699999999996	-0.005008100000000001	0.00302938	-0.000632863	-0.0194456107	-0.1006613255	-0.0918223286	0.0950392148	-0.0240182608	-0.0834515827	0.0958513
0.0892509482	0.0746977839	0.0521742556	0.024083657	-0.0065767034	-0.0300769	0.10553399999999999	0.0208277	-0.00462853	0.00327938	-0.0008204410000000001	-0.1092515318	0.0355934086	-0.1218755863	-0.0823728254	0.032723495400000004	-0.0227021353	0.1032861
0.0888180284	0.0730624671	0.048840054800000005	0.0189578082	-0.0131213658	-0.0522203	0.172652	0.036668099999999995	-0.00535588	0.00336378	-0.00107463	-0.0796449605	0.0006603964999999999	-0.029155702400000007	0.0965057062	-0.05202425980000002	0.0027990513	0.15839875
0.0883677934	0.0713701783	0.045420172	0.01377284	-0.0196021022	-0.0301315	0.0884534	-0.0153911	-0.00485419	0.00327938	-0.0008979749999999999	0.013160521299999998	0.07225935809999999	0.0088933338	0.027812532	0.0656818339	0.0527219815	0.19648385
0.0879003309	0.06962223719999999	0.0419206067	0.0085449216	-0.025987339100000003	-0.0198229	0.188304	0.0421245	-0.005257899999999999	0.002855	-0.00127197	0.0228845759	-0.0009931838	-0.0299803363	0.0344917898	-0.011096973799999998	0.1009630562	0.22777905000000004
0.0874157321	0.0678200068	0.0383474985	0.0032903561	-0.0322459684	-0.017242	0.0682392	0.054341499999999994	-0.00462631	0.00321286	-0.00112629	0.1041792765	-0.0025729701	-0.1106179516	-0.003134217	0.021380522	0.07286909820000001	0.19161920000000007
0.0869140914	0.06596489230000001	0.0347071157	-0.0019744703	-0.0383474985	-0.0248315	0.134561	0.125871	-0.00628102	0.00352395	-0.00147463	-0.0191616019	-0.0789650498	-0.0278445001	0.0077980753	0.003849179	0.1530797385	0.2611478
0.0863955067	0.0640583405	0.0310058448	-0.007233139300000002	-0.0442622034	-0.023054599999999998	0.0945986	0.0778033	-0.00559285	0.00399308	-0.00134779	-0.0096110405	-0.0119894158	-0.0354909769	-0.16758398189999998	0.1158505798	-0.0369061594	0.154014
0.08586007890000001	0.0621018379	0.0272501791	-0.0124692521	-0.0499612674	-0.028525599999999998	0.151852	0.08980259999999997	-0.00636718	0.00403043	-0.00159698	-0.0761444953	0.0551942013	0.0982541242	0.0122786534	-0.0398468097	0.0193584435	0.12776719999999994
0.0853079126	0.0600969101	0.023446707400000003	-0.0176664798	-0.055416925	-0.0192359	0.130363	0.0706065	-0.00634619	0.00397574	-0.0013659	0.0179448875	0.030703259700000006	0.05474386	0.0718627094	0.1762802875	0.0172189529	0.06531279999999996
0.08473911529999999	0.0580451205	0.0196021022	-0.0228086151	-0.060602597	-0.0198833	0.16025899999999998	0.0579096	-0.00668524	0.00410702	-0.00160999	-0.0075529408	0.0627949285	-0.0460446518	-0.1070601988	0.033114255499999995	0.0418766172	0.07896130000000001
0.084153798	0.0559480692	0.015723108200000002	-0.0278796223	-0.0654930192	-0.016825299999999998	0.19017799999999999	0.0712449	-0.007270839999999998	0.0038794000000000003	-0.00163578	0.0004905145	0.0049275437	0.0435496821	0.1144393927	0.014358693	-0.0425725019	0.0882628
0.08355207469999999	0.0538073912	0.0118165306	-0.0328636878	-0.0700643661	-0.0219857	0.123181	0.06940349999999999	-0.00655273	0.00419596	-0.00122406	0.108921428	0.0101007002	-0.0724928656	-0.0924940359	0.0817361174	0.0094670044	0.1463183
0.0829340628	0.0516247558	0.0078892227	-0.0377452688	-0.0742943663	-0.0281373	0.219495	0.05828480000000001	-0.00701498	0.00471795	-0.00144816	-0.143975909	0.0786632018	-0.0138012014	0.048760350300000005	-0.0580348912	-0.0158559967	0.1740013
0.0822998827	0.049401865	0.0039480745	-0.0425091422	-0.0781624119	-0.0157875	0.108878	0.06996110000000001	-0.0068277	0.00425148	-0.00134988	0.0084065671	0.0999093885	-0.0055550982	0.129403571	0.1393295724	0.0419883096	0.17224459999999994
0.0816496581	0.0471404521	-0.0	-0.0471404521	-0.0816496581	-0.013584700000000005	0.172548	0.0400267	-0.00704253	0.00425148	-0.00141457	-0.012563679	0.0463749138	-0.136835189	-0.0255403248	-0.0059215077	0.0060475177	0.10978319999999996
0.08098351570000001	0.0448422805	-0.0039480745	-0.0516247558	-0.08473911529999999	-0.00955653	0.143985	0.0932371	-0.00704969	0.00457156	-0.00132024	-0.1098203175	0.0032988532	-0.0528191868	0.0534746095	0.0719095713	-0.1100985292	0.10688007
0.0803015854	0.0425091422	-0.0078892227	-0.0559480692	-0.0874157321	-0.012159200000000002	0.117999	0.0322432	-0.00664742	0.00473472	-0.00129938	0.0488894113	0.1354876933	-0.0152597412	0.070283145	-0.0140608072	0.014985021	0.11889707000000002
0.0796040002	0.0401428566	-0.0118165306	-0.0600969101	-0.0896664683	-0.017533700000000003	0.168025	0.0851813	-0.00764976	0.0047603	-0.00165123	-0.0057526278	-0.0039081615	-0.1364896924	0.0971224731	-0.0474767433	-0.0419233722	0.1773271
0.078890896	0.0377452688	-0.015723108200000002	-0.0640583405	-0.0914803584	-0.018262200000000003	0.12272899999999999	0.0435048	-0.00678138	0.00471328	-0.0017228999999999999	-0.1034107093	0.0577039766	-0.1321522878	-0.0849996414	-0.0086612654	0.0190427865	0.1370545
0.0781624119	0.0353182483	-0.0196021022	-0.0678200068	-0.0928485654	-0.00754919	0.172822	0.06914529999999999	-0.00788958	0.00451433	-0.0018009	-0.0283390818	-0.028393684	-0.0086793674	0.1094980164	-0.0109263495	0.0611126086	0.15570401
0.0774186899	0.0328636878	-0.023446707400000003	-0.0713701783	-0.0937644235	-0.0156213	0.126423	0.054801699999999995	-0.00709628	0.00470756	-0.00153713	0.1282694474	-0.0254881717	-0.045031253	-0.0793321422	0.0258842446	-0.053224138600000005	0.13132971
0.07665987490000001	0.0303835011	-0.0272501791	-0.0746977839	-0.0942234708	-0.00882628	0.21541300000000002	0.0647025	-0.00802965	0.00466973	-0.00180027	-0.1032323447	-0.0072551189	0.0639203059	-0.016090783799999998	-0.1060372201	0.0312832609	0.16740281999999998
0.075886115	0.0278796223	-0.0310058448	-0.0777924467	-0.0942234708	-0.015238900000000001	0.132517	0.051997400000000006	-0.007457399999999999	0.00510357	-0.00156358	0.0111994062	0.0444774454	0.1268567742	0.0587450044	0.134378264	0.0101310958	0.16415271999999992
0.0750975609	0.0253540038	-0.0347071157	-0.0806445158	-0.0937644235	-0.023921400000000002	0.195749	0.039348900000000006	-0.0081391	0.00517297	-0.0019417999999999998	0.0436020904	0.0102617184	-0.0251165868	-0.0405213885	-0.0954390918	0.014202948	0.141029
0.0742943663	0.0228086151	-0.0383474985	-0.0832450974	-0.0928485654	-0.0217269	0.145994	0.0833985	-0.007553459999999999	0.00515324	-0.00185606	0.0450978155	-0.0884020398	-0.0044648576	-0.0102242709	0.0726706925	-0.1201195406	0.1305546
0.073476688	0.0202454408	-0.0419206067	-0.08558608150000001	-0.0914803584	-0.025938299999999997	0.175765	0.0248483	-0.00776528	0.00478373	-0.0021736999999999998	-0.0978852166	0.0948385701	0.0424325457	-0.06614035509999999	-0.046347305	-0.021339229900000003	0.13748110000000002
0.07264468519999999	0.0176664798	-0.045420172	-0.0876601678	-0.0896664683	-0.0112395	0.14418	0.06921669999999999	-0.008111199999999999	0.00491318	-0.0019595	-0.0440732143	-0.0785708285	0.0697539066	0.1490453875	0.0757940181	0.0434153338	0.12513070000000004
0.0717985202	0.0150737429	-0.048840054800000005	-0.0894608883	-0.0874157321	-0.0137623	0.121575	0.0517783	-0.00743286	0.00489409	-0.00189384	0.1234834767	-0.0392997322	-0.0080898431	-0.1079773719	-0.0297306109	0.0090961644	0.08072069999999999
0.0709383579	0.0124692521	-0.0521742556	-0.0909826276	-0.08473911529999999	-0.012977	0.194646	0.110952	-0.00860311	0.00513924	-0.00221027	-0.07366066889999999	-0.1018224362	0.0455234752	0.0406095533	-0.0858720272	0.0046160292	0.21962150000000005
0.0700643661	0.009855038	-0.055416925	-0.0922206402	-0.0816496581	-0.021214	0.12651099999999998	0.06602380000000001	-0.00747324	0.00546783	-0.00195422	-0.0155416077	0.1222441397	0.0707149266	-0.0611649956	0.06971238769999999	-0.022562525	0.20702570000000006
0.069176715	0.007233139300000002	-0.0585623743	-0.0931710653	-0.0781624119	-0.0258082	0.18706099999999998	0.102017	-0.00841337	0.00524436	-0.0020738	0.0129060715	-0.0087935125	-0.0348443553	0.111957241	-0.0785722712	0.0558711856	0.16529639999999998
0.0682755779	0.0046056005	-0.0616050853	-0.0938309391	-0.0742943663	-0.025537599999999997	0.12041099999999999	0.101784	-0.00843896	0.00560614	-0.0018682000000000002	0.0800732088	-0.0184644712	-0.1418212117	-0.0421564181	0.054590140700000005	-0.010029916	0.09680210000000004
0.0673611302	0.0019744703	-0.0645397201	-0.0941982038	-0.0700643661	-0.0191894	0.20159000000000002	0.07477589999999999	-0.00864903	0.00561216	-0.00224031	-0.0827167983	0.0416865605	-0.0142090608	0.0007607461	-0.1260498836	-0.0112329392	0.14394529999999994
0.0664335504	-0.0006581995	-0.0673611302	-0.094271714	-0.0654930192	-0.0174548	0.152915	0.1282	-0.00922109	0.00572428	-0.00193315	0.045772448499999986	-0.0483951299	0.0209719581	0.0298620619	0.08262455070000001	0.1522722257	0.15340069999999995
0.0654930192	-0.0032903561	-0.0700643661	-0.0940512406	-0.060602597	-0.01765	0.16931099999999996	0.079572	-0.008428069999999998	0.00564928	-0.00227768	-0.032605546	-0.0409468619	0.0094828793	-0.1260782191	-0.0327134311	0.1692783464	0.12584669999999998
0.0645397201	-0.005919946999999999	-0.07264468519999999	-0.0935374711	-0.055416925	-0.014202200000000003	0.169036	0.120978	-0.00876286	0.00557696	-0.00211308	-0.0276570027	-0.052085103499999987	0.08770326070000001	0.0007761091999999999	0.053203859400000005	0.0289788488	0.07371430000000008
0.0635738388	-0.0085449216	-0.0750975609	-0.0927320076	-0.0499612674	-0.022949	0.151194	0.0989948	-0.00802633	0.00569052	-0.00212155	0.1007545379	-0.0066511045	0.0075899372999999985	0.0183137162	-0.0489241233	0.040017178	0.09150000000000004
0.0625955636	-0.0111632332	-0.0774186899	-0.0916373619	-0.0442622034	-0.024991	0.182175	0.0999197	-0.008894489999999998	0.00596794	-0.00222784	0.0061622154000000005	-0.028814851	-0.0800049671	-0.0298550663	-0.0226219062	0.0345147521	0.09654140000000004
0.0616050853	-0.01377284	-0.0796040002	-0.0902569478	-0.0383474985	-0.00344849	0.11430699999999999	0.0140322	-0.00791819	0.00578295	-0.00220174	-0.07968715030000001	-0.047667074	-0.022443459	0.0006929022	0.0034734349	-0.1307980912	0.23466750999999994
0.060602597	-0.0163717072	-0.0816496581	-0.0885950699	-0.0322459684	0.027592200000000004	0.11648599999999999	0.0396255	-0.00848169	0.00527834	-0.00125587	0.0544189467	-0.0678012762	0.1048480427	0.0082941679	-0.02429624	-0.0040897867	0.15951199
0.0595882941	-0.0189578082	-0.08355207469999999	-0.0866569108	-0.025987339100000003	0.00996686	0.255226	0.0536727	-0.00925877	0.00554752	-0.00180247	-0.005993014499999999	-0.0388922259	0.0979951379	-0.1161021518	-0.1002856165	-0.0385347519	0.25005554
0.0585623743	-0.0215291265	-0.0853079126	-0.08444851460000001	-0.0196021022	0.00951459	0.15198399999999998	0.0813741	-0.00935185	0.00586983	-0.00171255	0.0467644129	-0.0342886152	0.13107508199999998	0.0551864875	0.0169220687	-0.0606247952	0.15666117000000002
0.0575250377	-0.024083657	-0.0869140914	-0.0819767681	-0.0131213658	0.00258845	0.189038	0.0550549	-0.00931996	0.00570078	-0.00187174	0.0938197786	0.0542339746	-0.0761119836	-0.099208595	-0.07085156	-0.1669710791	0.08830584000000001
0.05647648650000001	-0.0266194078	-0.0883677934	-0.0792493794	-0.0065767034	0.00266239	0.1686	0.101721	-0.00971949	0.005656399999999999	-0.00188128	-0.0834988601	-0.0778837022	-0.0966688462	0.0824771395	-0.0546434446	-0.078731332	0.08985054000000002
0.055416925	-0.0291344016	-0.0896664683	-0.0762748537	-0.0	0.0196258	0.1243	0.06953789999999999	-0.00946691	0.00584481	-0.00172977	0.0992808386	0.05891336849999999	0.0228071283	-0.0192482858	0.0242705653	0.0343554007	0.12307151000000002
0.05434656	-0.0316266773	-0.0908078376	-0.0730624671	0.0065767034	-0.000374286	0.193272	0.0903967	-0.010879	0.006252199999999999	-0.00227913	-0.0439520085	-0.0963828122	0.067372431	-0.0136429052	-0.0790989889	0.1076291256	0.228272886
0.0532655999	-0.034094291400000004	-0.0917898992	-0.06962223719999999	0.0131213658	-0.0031606	0.127776	0.08157610000000001	-0.00996911	0.00613724	-0.00211902	-0.008971061899999999	0.0428711789	0.1372428486	-0.0393277017	0.1205911627	-0.0281151209	0.13635091400000002
0.0521742556	-0.0365353199	-0.0926109301	-0.06596489230000001	0.0196021022	-0.00645085	0.21169000000000002	0.0535249	-0.0104869	0.00605766	-0.00235924	0.0787743766	0.0413160756	0.0120452056	0.0284009731	-0.1233291565	-0.0006040682	0.15713495000000002
0.0510727399	-0.0389478592	-0.09326949	-0.0621018379	0.025987339100000003	-0.00157581	0.155603	0.105823	-0.0106721	0.00609966	-0.00202147	0.0304260699	-0.0653433355	-0.0693693609	0.0078731272	0.0853057997	-0.1076757452	0.14150863999999996
0.0499612674	-0.0413300281	-0.0937644235	-0.0580451205	0.0322459684	0.00243391	0.16926300000000002	0.079118	-0.0102744	0.00589942	-0.00224389	-0.1132206866	0.1278052679	0.0507008202	-0.0509648913	-0.0457490815	0.0139482589	0.08539272000000002
0.048840054800000005	-0.0436799691	-0.0940948623	-0.0538073912	0.0383474985	-0.000976055	0.185504	0.11295	-0.0111571	0.00629885	-0.00244137	-0.0219607997	-0.011872308400000002	0.0290956479	0.121074714	0.0500436094	-0.0100778632	0.127463465
0.0477093208	-0.0459958498	-0.0942602268	-0.049401865	0.0442622034	0.000696984	0.155454	0.09600560000000001	-0.0106048	0.00593429	-0.00219206	0.120546921	-0.0031534517	-0.0488737317	-0.0856443756	-0.0415844626	-0.0142462381	0.106975939
0.0465692858	-0.0482758643	-0.0942602268	-0.0448422805	0.0499612674	0.000324831	0.224502	0.134259	-0.011681100000000002	0.00591996	-0.00235119	-0.0660620499	-0.0905312003	0.0315920384	-0.0196226495	-0.0797756697	-0.028461885	0.17016155300000002
0.045420172	-0.0505182347	-0.0940948623	-0.0401428566	0.055416925	0.00708613	0.142353	0.07245789999999999	-0.0102224	0.00608697	-0.00211539	0.0300282442	0.0732068934	0.1684123188	-0.036654951	0.042008106100000005	0.0165170942	0.24378689899999997
0.0442622034	-0.0527212125	-0.0937644235	-0.0353182483	0.060602597	0.00246916	0.21605700000000005	0.0913341	-0.0111561	0.00610945	-0.00236847	0.048252195	-0.0471128237	0.0374001982	0.0189574679	-0.0445646535	-0.0219598584	0.15766017000000002
0.0430956059	-0.05488308	-0.09326949	-0.0303835011	0.0654930192	-0.00145366	0.131234	0.0735712	-0.0103102	0.00594365	-0.00217386	0.0826596063	-0.0185963255	-0.0413140508	-0.062115967	-0.0070828859	-0.0426353522	0.16682422
0.0419206067	-0.0570021512	-0.0926109301	-0.0253540038	0.0700643661	-0.00099524	0.22495700000000002	0.11666000000000006	-0.011682399999999999	0.00598063	-0.00252808	-0.023074631	-0.06472410370000001	0.0286885543	-0.0109545275	-0.0518584253	-0.1014981453	0.22544022
0.0407374351	-0.0590767739	-0.0917898992	-0.0202454408	0.0742943663	-0.00109496	0.13030000000000005	0.0976878	-0.011156399999999999	0.00635373	-0.00234983	-0.07540877	0.0726909639	0.1164437951	-0.0101564276	0.0677275303	0.0080504663	0.16759642000000002
0.0395463216	-0.0611053303	-0.0908078376	-0.0150737429	0.0781624119	-0.0117736	0.220952	0.13604000000000002	-0.0114981	0.00670899	-0.00274043	0.0001081663	-0.0157350461	0.033851837999999995	0.0295661974	-0.0301260525	-0.0066254475	0.19406084
0.0383474985	-0.0630862386	-0.0896664683	-0.009855038	0.0816496581	-0.0115713	0.143574	0.09981319999999999	-0.0112382	0.00650308	-0.0023531	0.1191418821	0.0774201741	-0.0427247903	0.0369525637	0.06744108830000001	0.0229331212	0.15646410000000002
0.0371411994	-0.0650179541	-0.0883677934	-0.0046056005	0.08473911529999999	-0.0055631	0.23138699999999998	0.135204	-0.011792	0.00618519	-0.00280864	0.0193998882	-0.0593545503	-0.0931377689	0.0102588499	-0.0331262038	0.0867884965	0.1955735
0.0359276596	-0.0668989706	-0.0869140914	0.0006581995	0.0874157321	-0.000825655	0.132742	0.138951	-0.0113488	0.00649171	-0.00227802	-0.1147243498	-0.0262417761	-0.015399653	-0.0937582692	0.1061480719	0.020177782	0.17114644500000006
0.0347071157	-0.0687278213	-0.0853079126	0.005919946999999999	0.0896664683	-0.0181887	0.241064	0.157032	-0.012104799999999999	0.00635947	-0.00272808	0.0128050074	0.0186664201	0.0467059249	0.045746976	-0.094429788	0.0957086522	0.21068104500000007
0.0334798055	-0.0705030801	-0.08355207469999999	0.0111632332	0.0914803584	-0.010573200000000001	0.11725999999999999	0.14246199999999998	-0.0108634	0.00631463	-0.00236765	0.1116982648	0.0229647651	-0.0192098765	0.0267324157	0.0997167468	-0.0287171639	0.228323
0.0322459684	-0.0722233627	-0.0816496581	0.0163717072	0.0928485654	-0.00538669	0.19933199999999998	0.14168499999999998	-0.0120933	0.00670898	-0.002725	-0.0592693656	0.0192029405	-0.06497081269999999	-0.0016943151	-0.0575423265	0.1035382542	0.18711551
0.0310058448	-0.07388732769999999	-0.0796040002	0.0215291265	0.0937644235	-0.00105813	0.12654	0.167295	-0.0119854	0.00669685	-0.00257381	-0.0469362064	-0.0100911401	-0.0372521233	0.023928116800000003	0.1713345516	-0.044993752000000005	0.11629155999999995
0.0297596766	-0.0754936776	-0.0774186899	0.0266194078	0.0942234708	0.00210462	0.174244	0.126275	-0.0120463	0.00684803	-0.00277334	0.06377192599999999	0.0577324062	0.0239096915	-0.0104681566	-0.0493117504	0.115275735	0.11246724999999992
0.0285077067	-0.07704115980000001	-0.0750975609	0.0316266773	0.0942234708	-0.0125053	0.15800799999999998	0.146329	-0.0121995	0.00716243	-0.00235134	0.0404092173	-0.0673080859	-0.0441979634	0.001574532	0.0461558972	-0.0744694496	0.09537992000000002
0.0272501791	-0.0785285677	-0.07264468519999999	0.0365353199	0.0937644235	0.00190111	0.180587	0.125719	-0.0124936	0.00668264	-0.00277967	-0.1488008096	0.0588281769	-0.0705251916	-0.0414743733	-0.0602215008	0.0099367564	0.11770641
0.025987339100000003	-0.07995474129999999	-0.0700643661	0.0413300281	0.0928485654	-0.000514851	0.164276	0.178984	-0.0129178	0.0069384	-0.00256007	-0.0464904786	0.0172450074	-0.0163525266	0.0925260594	0.0982711693	0.018340576	0.11696996099999996
0.0247194328	-0.0813185686	-0.0673611302	0.0459958498	0.0914803584	0.000488417	0.184131	0.13451900000000006	-0.012446899999999999	0.00699861	-0.00276118	0.0655011266	0.06344419559999999	-0.0513161475	0.0145563296	-0.0866788864	0.0278739319	0.10193426799999997
0.023446707400000003	-0.0826189861	-0.0645397201	0.0505182347	0.0896664683	0.000815263	0.158118	0.206394	-0.0130174	0.00699861	-0.00280115	0.0244847329	-0.1131184373	-0.0617473421	0.0356778017	0.0391559596	-0.0092711298	0.12873834599999998
0.022169411	-0.0838549798	-0.0616050853	0.05488308	0.0874157321	-0.00260042	0.161629	0.15684800000000002	-0.011883500000000005	0.00699862	-0.00275436	-0.1621931596	0.0607472454	-0.0016725066	-0.07116079980000001	-0.0219510072	-0.0066270795	0.11550768300000001
0.0208877927	-0.085025586	-0.0585623743	0.0590767739	0.08473911529999999	0.007599189999999999	0.208573	0.146531	-0.0122415	0.00708387	-0.00275398	-0.0168004601	0.0464928874	0.0085838964	0.13453251619999998	0.0274371847	0.0172375724	0.08964211000000002
0.0196021022	-0.0861298917	-0.055416925	0.0630862386	0.0816496581	0.015598599999999999	0.127679	0.022005599999999997	-0.0109656	0.00715533	-0.00256134	0.086506365	0.0105993052	-0.0999768617	-0.0018212428	-0.0069724782	-0.1510494457	0.29041881
0.0183125903	-0.08716703599999999	-0.0521742556	0.0668989706	0.0781624119	0.0358035	0.14163800000000001	0.100767	-0.0109895	0.00650523	-0.00215876	-0.0334855326	-0.0272993618	-0.0022046632	-0.0097626485	0.0517143419	-0.0539285454	0.16675429999999994
0.017019508200000002	-0.08813621	-0.048840054800000005	0.0705030801	0.0742943663	0.00113943	0.209254	0.0850906	-0.011061	0.00713342	-0.0027978	0.0801513771	-0.0058215097	0.0339006308	-0.1096904287	-0.0780821187	-0.0354746136	0.18489297
0.015723108200000002	-0.0890366581	-0.045420172	0.07388732769999999	0.0700643661	0.00952468	0.157926	0.14770999999999998	-0.011350399999999998	0.007432899999999998	-0.00251398	-0.0368481308	-0.0907337648	0.0027500964	-0.0362670431	0.005283839	-0.112752266	0.16596765000000002
0.014423643	-0.089867678	-0.0419206067	0.07704115980000001	0.0654930192	0.00900534	0.200734	0.0684559	-0.0112255	0.00728686	-0.00283871	0.0125287562	0.1929784676	0.049424564	0.0292846071	-0.0330791176	-0.0940958798	0.15236494000000006
0.0131213658	-0.0906286218	-0.0383474985	0.07995474129999999	0.060602597	-0.00274969	0.17919000000000002	0.174982	-0.012402600000000001	0.007216099999999999	-0.00253787	0.0108317365	0.0033954639000000003	-0.08802841609999999	0.129734876	0.0173801514	-0.0500556125	0.21726013
0.0118165306	-0.0913188962	-0.0347071157	0.0826189861	0.055416925	0.00907675	0.151091	0.12126700000000006	-0.0124098	0.00724386	-0.00279014	-0.0624724502	0.0452187868	-0.1036724925	-0.08700712699999999	0.002833106	0.0246006053	0.10800194000000007
0.0105093917	-0.0919379628	-0.0310058448	0.085025586	0.0499612674	0.00102229	0.173621	0.15185	-0.013132499999999998	0.00736048	-0.00282239	-0.0574558163	-0.0985504778	0.0319357501	0.0949677894	0.0509171865	-0.0272975328	0.10474595999999996
0.009200204	-0.092485339	-0.0272501791	0.08716703599999999	0.0442622034	-0.00050824	0.173402	0.12706300000000004	-0.0123887	0.007583800000000002	-0.00283498	0.110649242	-0.0074253845	-0.0182987495	-0.1023454842	-0.044990749100000005	-0.0129377661	0.07552202999999992
0.0078892227	-0.0929605979	-0.023446707400000003	0.0890366581	0.0383474985	-0.00649456	0.245679	0.20477599999999999	-0.014713399999999996	0.00730335	-0.00321005	-0.0866360985	-0.1523802168	0.017544504	0.0602918282	-0.0690906112	0.0170786414	0.30498731999999984
0.0065767034	-0.0933633689	-0.0196021022	0.0906286218	0.0322459684	-0.00202156	0.136844	0.129167	-0.0126756	0.00800325	-0.00285598	-0.0106668635	0.1120492243	0.0891680516	-0.0205668622	0.1202386929	0.0251123741	0.34350549999999996
0.005262902	-0.0936933379	-0.015723108200000002	0.0919379628	0.025987339100000003	-0.00680816	0.250512	0.16878399999999996	-0.0134619	0.00800325	-0.00318723	0.0176669837	-0.0549656119	-0.003978245300000001	0.0736840976	-0.0652423749	0.0774150794	0.2139491000000001
0.0039480745	-0.0939502478	-0.0118165306	0.0929605979	0.0196021022	0.020340900000000002	0.12100799999999999	0.10582000000000001	-0.0115282	0.00696231	-0.0027378	-0.0032537641	0.0082884072	-0.070373306	-0.1449740329	0.0641711217	0.036598415	0.39082056
0.0026324773	-0.094133898	-0.0078892227	0.0936933379	0.0131213658	0.0303214	0.216452	0.156596	-0.014443700000000004	0.00737808	-0.00305723	-0.0091159427	-0.0695133674	0.0540597986	0.0496615299	-0.06485921900000001	0.0351762662	0.3387355
0.001316367	-0.0942441455	-0.0039480745	0.094133898	0.0065767034	0.0219827	0.125863	0.169897	-0.013314	0.00733449	-0.00270072	0.1016454605	-0.0270934771	0.08562339460000001	-0.042622642300000006	0.0588840718	0.0269538065	0.1887187
0.0	-0.0942809042	-0.0	0.0942809042	0.0	0.042120099999999994	0.261733	0.191023	-0.0142745	0.00744138	-0.00302801	-0.0473142425	-0.0795772104	0.0981294385	-0.0435015696	-0.0610265672	0.0403346969	0.24686740000000004
-0.001316367	-0.0942441455	0.0039480745	0.094133898	-0.0065767034	0.0601124	0.14782999999999996	0.210033	-0.012941299999999998	0.00745322	-0.00226001	-0.06705935889999999	0.0664023411	0.141468635	-0.0438507454	0.1016678319	0.0039193805	0.25655730000000004
-0.0026324773	-0.094133898	0.0078892227	0.0936933379	-0.0131213658	0.06326	0.253944	0.222311	-0.014254300000000001	0.00713379	-0.00239731	0.0527893821	0.0144925244	0.0546033021	0.0521600301	-0.0842771266	0.0533966795	0.2100261
-0.0039480745	-0.0939502478	0.0118165306	0.0929605979	-0.0196021022	0.0467679	0.18218299999999998	0.282004	-0.013630200000000002	0.00746112	-0.00228057	0.1064862261	0.0103251299	-0.077051387	0.006828547700000001	0.0451812941	-0.0414680329	0.2013545999999999
-0.005262902	-0.0936933379	0.015723108200000002	0.0919379628	-0.025987339100000003	0.036672199999999995	0.260748	0.27675700000000003	-0.014791200000000001	0.00785796	-0.00301011	-0.0753572221	0.0451500855	-0.05815187860000001	-0.004880472	-0.093340445	0.0543670828	0.20827669999999995
-0.0065767034	-0.0933633689	0.0196021022	0.0906286218	-0.0322459684	0.0306998	0.172228	0.325294	-0.0143732	0.00804644	-0.00269832	-0.0972029418	0.0386724766	-0.011382428	0.0490258594	0.0904639474	-0.0218085158	0.1889429
-0.0078892227	-0.0929605979	0.023446707400000003	0.0890366581	-0.0383474985	0.0324621	0.254067	0.24641999999999997	-0.0148416	0.00791506	-0.00305316	0.052379904500000005	0.1193798473	-0.0414322663	0.0966681115	-0.0803149532	0.0360930262	0.21020630000000007
-0.009200204	-0.092485339	0.0272501791	0.08716703599999999	-0.0442622034	0.0389098	0.174429	0.28939699999999996	-0.014009	0.007408439999999999	-0.00248239	0.0969278181	0.0237067002	-0.1252263748	0.0422987479	0.0742661787	-0.0624044038	0.22456220000000002
-0.0105093917	-0.0919379628	0.0310058448	0.085025586	-0.0499612674	0.045788	0.263378	0.26705500000000004	-0.0147546	0.00761221	-0.00293131	-0.1414055049	0.0715697144	-0.0240314628	-0.0234716438	-0.0958840453	0.052663581	0.18808370000000002
-0.0118165306	-0.0913188962	0.0347071157	0.0826189861	-0.055416925	0.048744300000000004	0.154522	0.294097	-0.014299700000000004	0.00761221	-0.00244944	-0.0092592397	0.002746275	0.0098667129	0.1171820471	0.1469571927	0.0390887556	0.1856928
-0.0131213658	-0.0906286218	0.0383474985	0.07995474129999999	-0.060602597	0.021929300000000002	0.226057	0.29097199999999995	-0.014517799999999999	0.00849324	-0.00293152	0.0477828537	-0.0103143178	-0.0576479993	-0.0696128405	-0.0397198763	0.1017671885	0.1805355
-0.014423643	-0.089867678	0.0419206067	0.07704115980000001	-0.0654930192	0.0275232	0.195778	0.316875	-0.0147558	0.008494319999999998	-0.00295543	-0.0751022194	-0.0752345425	-0.0640283412	0.017690279399999998	0.08890709179999999	-0.0289135835	0.07492539999999989
-0.015723108200000002	-0.0890366581	0.045420172	0.07388732769999999	-0.0700643661	0.042288400000000004	0.2113	0.264733	-0.014068200000000001	0.0081014	-0.00305485	0.0634475462	0.1591976521	0.0145254939	0.014891247	-0.0054076868	0.0854825725	0.14142620000000006
-0.017019508200000002	-0.08813621	0.048840054800000005	0.0705030801	-0.0742943663	0.026632	0.222904	0.326268	-0.0150184	0.00839435	-0.00264512	0.0340080427	-0.093437768	-0.0687133862	0.0504306407	0.0453414183	0.0290581636	0.1714394
-0.0183125903	-0.08716703599999999	0.0521742556	0.0668989706	-0.0781624119	0.042070300000000005	0.204326	0.254393	-0.014024200000000002	0.00805801	-0.00294436	-0.1165934547	0.050449869	-0.0290810746	-0.1477645882	-0.0140521391	0.1047038014	0.18738029999999992
-0.0196021022	-0.0861298917	0.055416925	0.0630862386	-0.0816496581	0.043068800000000004	0.233435	0.306241	-0.015409200000000001	0.00817674	-0.00299196	-0.0237257891	-0.0982678242	0.0245297658	0.0880680083	0.0360656238	0.1545801797	0.15952199999999989
-0.0208877927	-0.085025586	0.0585623743	0.0590767739	-0.08473911529999999	0.0620254	0.188336	0.26648499999999997	-0.0140369	0.008276149999999998	-0.0031978	0.0610677767	-0.0527236534	-0.0412273936	-0.135497745	-0.0231149218	0.0552313635	0.18768909999999991
-0.022169411	-0.0838549798	0.0616050853	0.05488308	-0.0874157321	0.0399144	0.261973	0.33167800000000003	-0.0154871	0.00835039	-0.00317936	-0.089906559	-0.0870085903	0.0585116917	0.0196452322	-0.0440760067	-0.0195626362	0.238085
-0.023446707400000003	-0.0826189861	0.0645397201	0.0505182347	-0.0896664683	0.0511522	0.173095	0.254377	-0.0130977	0.008391819999999998	-0.00319525	0.0825320427	0.1170356863	0.0393880271	0.0115099825	-0.0109429019	0.0605171953	0.2997528
-0.0247194328	-0.0813185686	0.0673611302	0.0459958498	-0.0914803584	0.041126199999999995	0.252195	0.312349	-0.015375799999999997	0.008516849999999998	-0.00341222	-0.0036191192	-0.0705925111	-0.0426213619	0.0519352556	-0.030628336000000006	-0.017452501699999998	0.27810300000000004
-0.025987339100000003	-0.07995474129999999	0.0700643661	0.0413300281	-0.0928485654	0.047602099999999994	0.175474	0.262999	-0.0145159	0.008344819999999998	-0.00291716	-0.0332257954	0.0781655163	0.0105801673	-0.07239742219999999	0.0376200468	-0.0394632572	0.20889640000000007
-0.0272501791	-0.0785285677	0.07264468519999999	0.0365353199	-0.0937644235	0.0441526	0.26301399999999997	0.334068	-0.015525	0.0086881	-0.00325681	0.0168843557	-0.0766055462	0.0451348179	0.0583761484	-0.0665441527	0.0287902176	0.24666000000000005
-0.0285077067	-0.07704115980000001	0.0750975609	0.0316266773	-0.0942234708	0.04117	0.173223	0.2646	-0.0139892	0.008374019999999998	-0.00296074	0.005245224200000001	-0.0038643868	0.0016438468	-0.1340403805	0.0330694392	-0.044717757	0.2695391000000001
-0.0297596766	-0.0754936776	0.0774186899	0.0266194078	-0.0942234708	0.0452776	0.272964	0.302645	-0.015572299999999999	0.00876498	-0.00348876	-0.0274476221	0.0093627328	0.0413704853	0.045118781	-0.048015672800000006	-0.1202923769	0.2669976000000001
-0.0310058448	-0.07388732769999999	0.0796040002	0.0215291265	-0.0937644235	0.0323912	0.167027	0.272814	-0.0138405	0.00895809	-0.00304095	0.080317044	0.1126150259	0.0413206468	0.0616279489	0.0157041128	-0.0727974501	0.26729039999999993
-0.0322459684	-0.0722233627	0.0816496581	0.0163717072	-0.0928485654	0.0197333	0.27561599999999997	0.318152	-0.0148	0.00898003	-0.0036429	-0.0084988174	-0.0195629416	-0.0626522634	0.0465641952	-0.0860042684	-0.1000746273	0.24575439999999998
-0.0334798055	-0.0705030801	0.08355207469999999	0.0111632332	-0.0914803584	0.026546299999999995	0.168419	0.297712	-0.0142892	0.00867936	-0.00316964	-0.1144387499	0.0373607707	-0.0729321361	-0.0610121317	0.0607094988	-0.06690797679999999	0.1986865
-0.0347071157	-0.0687278213	0.0853079126	0.005919946999999999	-0.0896664683	0.0358664	0.27167800000000003	0.28689499999999996	-0.0158313	0.00902937	-0.00351228	0.0285593108	0.0104159845	0.0292514873	0.0639006847	-0.0995292624	0.0530540783	0.23513359999999986
-0.0359276596	-0.0668989706	0.0869140914	0.0006581995	-0.0874157321	0.0241621	0.16042599999999999	0.319276	-0.0148334	0.00922524	-0.00324132	0.0959384397	-0.0809532767	-0.0124257624	-0.0439759847	0.0718401541	-0.0145952238	0.22857379999999985
-0.0371411994	-0.0650179541	0.0883677934	-0.0046056005	-0.08473911529999999	0.0116229	0.26657600000000004	0.319824	-0.0154553	0.00930457	-0.00364072	-0.0598399102	-0.0105362718	0.0402790278	-0.04203616860000002	-0.0961422605	0.0395996823	0.17426870000000005
-0.0383474985	-0.0630862386	0.0896664683	-0.009855038	-0.0816496581	0.019564599999999998	0.183687	0.324685	-0.0149666	0.00934012	-0.00330795	-0.0842530186	0.0178184035	0.0401933129	0.0099177218	0.1063911229	-0.0683333877	0.13854270000000002
-0.0395463216	-0.0611053303	0.0908078376	-0.0150737429	-0.0781624119	0.0357702	0.251845	0.25305	-0.0147738	0.00925234	-0.00359801	0.069680541	0.1115393042	0.047498841900000005	0.05959684360000001	-0.1130606485	0.0227249309	0.18453060000000002
-0.0407374351	-0.0590767739	0.0917898992	-0.0202454408	-0.0742943663	0.033049199999999994	0.18976500000000002	0.34198	-0.015688899999999995	0.00924903	-0.00333256	0.0887949221	-0.1662651785	-0.0750499262	0.0588786186	0.0972031831	-0.0400578569	0.21292399999999992
-0.0419206067	-0.0570021512	0.0926109301	-0.0253540038	-0.0700643661	0.046095	0.205172	0.285385	-0.0154565	0.00933751	-0.00337617	-0.0661574144	0.0424329253	0.0671236274	-0.1351750214	-0.0376148656	0.0148546786	0.10327229999999996
-0.0430956059	-0.05488308	0.09326949	-0.0303835011	-0.0654930192	0.044668900000000004	0.224929	0.315899	-0.015307299999999998	0.00905866	-0.00330829	0.0334299113	-0.0911410272	0.0705512426	0.0399291347	0.0310257469	0.0379871227	0.07649360000000002
-0.0442622034	-0.0527212125	0.0937644235	-0.0353182483	-0.060602597	0.036231900000000004	0.191442	0.308473	-0.015297299999999996	0.0093231	-0.00342154	0.0815167033	-0.0261494927	-0.0358716365	-0.1444674918	0.0152266547	0.0242452151	0.0687345
-0.045420172	-0.0505182347	0.0940948623	-0.0401428566	-0.055416925	0.0289949	0.269381	0.364471	-0.0164504	0.00993265	-0.003525800000000001	-0.0353277124	-0.0824416323	0.0031570522	0.0143181616	-0.0247137984	-0.0696242466	0.23451949999999994
-0.0465692858	-0.0482758643	0.0942602268	-0.0448422805	-0.0499612674	0.0401956	0.18827	0.28121999999999997	-0.015194	0.00931452	-0.00320024	0.0190136875	0.1253705723	0.0611200756	0.0162038288	0.0911277266	-0.0359996085	0.2855672
-0.0477093208	-0.0459958498	0.0942602268	-0.049401865	-0.0442622034	0.0137878	0.263121	0.326398	-0.016978799999999995	0.00969634	-0.00378555	0.0378867809	-0.1179331546	0.0015587469	0.0201035445	-0.0439692808	-0.0135502983	0.28403329999999993
-0.048840054800000005	-0.0436799691	0.0940948623	-0.0538073912	-0.0383474985	0.0292683	0.177203	0.32526	-0.0158924	0.00956942	-0.0036042	-0.0825040302	-0.057630205	0.1054953585	-0.0970461401	0.1198111529	-0.079996781	0.17226999999999987
-0.0499612674	-0.0413300281	0.0937644235	-0.0580451205	-0.0322459684	0.034056800000000005	0.290269	0.26858200000000004	-0.016915200000000002	0.009747090000000005	-0.0039186	0.096762361	0.0494942272	0.0913462423	0.0311231358	-0.1063490651	-0.053398124000000005	0.2502759999999999
-0.0510727399	-0.0389478592	0.09326949	-0.0621018379	-0.025987339100000003	0.029243099999999998	0.19830899999999999	0.30957399999999996	-0.015275799999999997	0.00922929	-0.00323589	0.07500025769999999	0.0029299624	0.0040359281	0.0497669723	0.0404079655	-0.1149860809	0.27976119999999993
-0.0521742556	-0.0365353199	0.0926109301	-0.06596489230000001	-0.0196021022	0.0271733	0.27618200000000004	0.309988	-0.0164428	0.00980798	-0.00399121	-0.0659724582	0.0549534727	-0.0605823052	-0.0029897979	-0.1240636983	-0.0332043885	0.2054073
-0.0532655999	-0.034094291400000004	0.0917898992	-0.06962223719999999	-0.0131213658	0.0320113	0.188629	0.340047	-0.0157589	0.00960344	-0.00350825	-0.0593800388	0.0249517505	0.0120950774	0.0420501191	0.0695610392	-0.0478287918	0.19102000000000008
-0.05434656	-0.0316266773	0.0908078376	-0.0730624671	-0.0065767034	0.028854	0.272874	0.29012899999999997	-0.016077399999999995	0.00969811	-0.00381603	0.0602035293	0.0416274651	-0.0023161103	-0.0034358647	-0.1181617239	-0.006112005500000001	0.1733678
-0.055416925	-0.0291344016	0.0896664683	-0.0762748537	-0.0	0.0248395	0.200346	0.343652	-0.0159482	0.009669680000000005	-0.00384528	-0.0254805273	-0.1413083118	-0.0316806064	0.0013431094	0.07333629679999999	-0.0323183168	0.1394094999999999
-0.05647648650000001	-0.0266194078	0.0883677934	-0.0792493794	0.0065767034	0.037556599999999996	0.201932	0.269913	-0.0157068	0.00950733	-0.0037841999999999997	0.0885018041	0.1098464278	0.07212889360000001	-0.0417935018	-0.0152111865	0.0563807622	0.11128359999999997
-0.0575250377	-0.024083657	0.0869140914	-0.0819767681	0.0131213658	0.0180899	0.24375100000000002	0.34738	-0.0169178	0.010068	-0.00394721	0.0119713955	-0.1113286303	-0.029418796	0.0910153408	0.005744660699999999	-0.016061228	0.23548670000000005
-0.0585623743	-0.0215291265	0.0853079126	-0.08444851460000001	0.0196021022	0.011116500000000001	0.197044	0.317775	-0.015299799999999999	0.00968935	-0.0038854999999999996	-0.0777683949	0.0677234578	-0.0351567081	-0.113268954	0.0537699183	0.011510338500000002	0.18620340000000007
-0.0595882941	-0.0189578082	0.08355207469999999	-0.0866569108	0.025987339100000003	0.0143555	0.261646	0.28733000000000003	-0.0169363	0.009779800000000005	-0.00401794	0.0116593587	0.0349788184	-0.0105904597	0.1382685968	-0.0462079835	-0.0115943072	0.19125550000000008
-0.060602597	-0.0163717072	0.0816496581	-0.0885950699	0.0322459684	0.0232472	0.17416500000000001	0.305249	-0.0159139	0.00932942	-0.00372387	0.0702903658	0.0122297035	-0.0904404056	-0.0803143734	0.0658243981	0.0269214836	0.2026342
-0.0616050853	-0.01377284	0.0796040002	-0.0902569478	0.0383474985	0.019455200000000002	0.27896	0.286312	-0.017399900000000003	0.00997008	-0.00406848	0.0115419268	-0.0101607885	0.0130483758	0.0274390314	-0.0791531127	-0.008421919699999999	0.25108749999999985
-0.0625955636	-0.0111632332	0.0774186899	-0.0916373619	0.0442622034	0.014408	0.166864	0.33315	-0.0164068	0.00992764	-0.0035866	0.0907420324	-0.0391707413	-0.0180949034	-0.0609518467	0.032327847	0.0689576005	0.2398522
-0.0635738388	-0.0085449216	0.0750975609	-0.0927320076	0.0499612674	0.016965599999999997	0.274984	0.315698	-0.0171222	0.00994459	-0.00424749	-0.1211066995	0.0069103054	0.011375038	-0.016752653899999997	-0.0682477076	-0.0006508671	0.19779160000000007
-0.0645397201	-0.005919946999999999	0.07264468519999999	-0.0935374711	0.055416925	0.0211774	0.175555	0.34329	-0.0163597	0.00981811	-0.00372985	0.026146174700000004	0.0154349558	0.0076154023	0.043522761900000005	0.027204026	0.14006471199999998	0.2015638
-0.0654930192	-0.0032903561	0.0700643661	-0.0940512406	0.060602597	0.0174965	0.260934	0.30393200000000004	-0.0173017	0.00996058	-0.00407492	-0.0785094125	-0.0228051585	0.0134952801	-0.0333669498	-0.0777998582	0.059527988	0.1998949
-0.0664335504	-0.0006581995	0.0673611302	-0.094271714	0.0654930192	0.07473780000000001	0.118682	0.22904899999999997	-0.015622799999999997	0.009680190000000005	-0.00375277	0.0200053643	-0.0013425992000000002	0.0191560631	0.0054846238	0.0729950166	-0.019506633	0.38844829999999997
-0.0673611302	0.0019744703	0.0645397201	-0.0941982038	0.0700643661	0.0388668	0.270536	0.270543	-0.016701299999999995	0.0102794	-0.00408103	0.0326575006	-0.0510306759	3.80985e-05	-0.0401287043	-0.0784876271	-0.0224298189	0.3295175
-0.0682755779	0.0046056005	0.0616050853	-0.0938309391	0.0742943663	0.0310486	0.195053	0.334425	-0.016535499999999998	0.010135600000000002	-0.00355008	-0.0533901951	0.0128516514	0.0959071118	-0.0289366168	0.0273702119	-0.1196093832	0.1892106999999998
-0.069176715	0.007233139300000002	0.0585623743	-0.0931710653	0.0781624119	0.0252519	0.24582199999999998	0.286514	-0.0173775	0.0105233	-0.00418926	0.0665318539	0.0482999809	0.043299556	0.073213787	-0.0564818514	-0.0828340383	0.1979207
-0.0700643661	0.009855038	0.055416925	-0.0922206402	0.0816496581	0.022906400000000004	0.191501	0.340796	-0.0166677	0.0102415	-0.0040958	0.0541478949	-0.0089939501	-0.055595244800000006	-0.0028233983	-0.021539896800000003	-0.095216778	0.16520149999999992
-0.0709383579	0.0124692521	0.0521742556	-0.0909826276	0.08473911529999999	0.0139246	0.278835	0.31406100000000003	-0.0177805	0.010620600000000001	-0.004477	-0.1155638818	0.0601705899	-0.0411434333	-0.0154797544	-0.0695939358	-0.0424714093	0.2167058
-0.0717985202	0.0150737429	0.048840054800000005	-0.0894608883	0.0874157321	0.020749	0.1791	0.362965	-0.0176865	0.010451899999999998	-0.00398611	-0.0394993669	-0.01468746	0.0106186289	0.0686120191	0.0928347557	0.15934508	0.19314289999999992
-0.07264468519999999	0.0176664798	0.045420172	-0.0876601678	0.0896664683	0.00418805	0.21281799999999998	0.30340100000000003	-0.0175294	0.010689400000000002	-0.00427202	0.0539204056	-0.0971100163	-0.0097406402	-0.13216423230000002	0.0120008581	0.0617162187	0.14386844999999998
-0.073476688	0.0202454408	0.0419206067	-0.08558608150000001	0.0914803584	0.010131600000000001	0.25650300000000004	0.35683899999999996	-0.0187602	0.0108876	-0.00441199	-0.0557202268	-0.0979658089	0.0479511991	-0.045403973	-0.0410920346	0.0372080553	0.18151505000000007
-0.0742943663	0.0228086151	0.0383474985	-0.0832450974	0.0928485654	0.00905742	0.34429499999999996	0.23595100000000002	-0.018554400000000002	0.00997606	-0.004575399999999999	0.08702514630000001	0.0640706729	0.0553510044	0.0523517753	-0.04315185480000002	-0.0568904006	0.27379168000000026
-0.0750975609	0.0253540038	0.0347071157	-0.0806445158	0.0937644235	0.022046400000000004	0.0235927	0.314275	-0.0172061	0.009608050000000005	-0.00376129	0.0401639836	-0.0981653404	-0.0477194686	-0.018306078	0.0497369983	0.0777688238	0.53853628
-0.075886115	0.0278796223	0.0310058448	-0.0777924467	0.0942234708	0.0265157	0.1643	0.395448	-0.0176195	0.01011	-0.00339048	0.0359385679	-0.042309052400000005	0.0568589216	-0.1224339025	0.0445349526	0.0279560835	0.29065759999999996
-0.07665987490000001	0.0303835011	0.0272501791	-0.0746977839	0.0942234708	0.015378399999999999	0.201267	0.35886	-0.0175469	0.0101259	-0.00367331	-0.0806521421	-0.0028105086	0.053321411500000006	-0.0186653215	0.0033628787	-0.0240371388	0.1032588
-0.0774186899	0.0328636878	0.023446707400000003	-0.0713701783	0.0937644235	0.0121262	0.22472199999999998	0.402061	-0.018219299999999997	0.010427100000000002	-0.00373403	-0.0384713307	0.0368106184	0.0651934052	0.0261754159	0.063049144	-0.018672036	0.12162419999999995
-0.0781624119	0.0353182483	0.0196021022	-0.0678200068	0.0928485654	0.014352200000000002	0.248099	0.337846	-0.017794099999999997	0.010494100000000001	-0.00396309	-0.007694323199999999	0.120506616	0.0044200556	0.0893101615	-0.011287003	-0.0661527312	0.125881
-0.078890896	0.0377452688	0.015723108200000002	-0.0640583405	0.0914803584	0.00884639	0.249565	0.406984	-0.017896400000000003	0.0103743	-0.00341601	-0.0456953781	0.12814150359999998	-0.1187962578	0.07657150459999999	0.070783863	0.005242695	0.11456881000000002
-0.0796040002	0.0401428566	0.0118165306	-0.0600969101	0.0896664683	0.00824742	0.271959	0.380306	-0.018369	0.0100339	-0.00409871	0.0088026599	0.0866491351	-0.2407653145	0.0939548071	-0.06017771280000001	0.0001750867	0.12445597000000005
-0.0803015854	0.0425091422	0.0078892227	-0.0559480692	0.0874157321	9.35152e-05	0.22192800000000001	0.407536	-0.018443400000000002	0.0105069	-0.00385645	-0.054643005	-0.0293128864	-0.15307623869999998	0.0365608164	0.0394827055	0.0531895056	0.12489790479999995
-0.08098351570000001	0.0448422805	0.0039480745	-0.0516247558	0.08473911529999999	0.0163535	0.23266199999999998	0.352069	-0.0187918	0.010372200000000002	-0.00403182	-0.017347739299999998	0.1039480637	0.0052615885	0.0370290034	-0.0042098299	-0.0039210846	0.11538448480000013
-0.0816496581	0.0471404521	0.0	-0.0471404521	0.0816496581	-0.00469501	0.175272	0.41855699999999996	-0.018783599999999998	0.0105124	-0.00383867	0.0457000843	-0.0057955384	-0.0197509009	0.0479465885	0.0533821415	0.0105239793	0.16200400999999998
-0.0822998827	0.049401865	-0.0039480745	-0.0425091422	0.0781624119	0.00279933	0.203242	0.369367	-0.0191932	0.010790799999999998	-0.00387694	-0.1013240991	0.0352189013	-0.063525871	-0.0479056877	-0.0097046009	0.0915483396	0.12096783999999998
-0.0829340628	0.0516247558	-0.0078892227	-0.0377452688	0.0742943663	0.00657772	0.174906	0.423908	-0.0189985	0.0108745	-0.00362243	-0.0133569304	0.0150528318	0.0135934074	0.0894631033	0.0782791641	0.058637841	0.11330089
-0.08355207469999999	0.0538073912	-0.0118165306	-0.0328636878	0.0700643661	0.00108945	0.200155	0.404778	-0.018259400000000002	0.0107062	-0.00372181	0.0842630417	0.033413862999999995	-0.0831290073	-0.0807859804	-0.042726438099999986	-0.0142456615	0.10020627000000007
-0.084153798	0.0559480692	-0.015723108200000002	-0.0278796223	0.0654930192	0.00328867	0.20838	0.45354099999999997	-0.019222200000000002	0.010766800000000002	-0.00367614	-0.104848738	-0.0355929742	-0.06000609780000001	0.0271804454	0.0254960077	-0.0674206205	0.11264071999999994
-0.08473911529999999	0.0580451205	-0.0196021022	-0.0228086151	0.060602597	0.0108898	0.198964	0.39411199999999996	-0.0181922	0.0107133	-0.00398713	0.08773036880000001	0.1067318417	-0.0632187872	-0.0082437112	0.0079445772	0.0669018499	0.14617062999999994
-0.0853079126	0.0600969101	-0.023446707400000003	-0.0176664798	0.055416925	0.011065100000000001	0.24551599999999998	0.45068800000000003	-0.0198215	0.011011000000000002	-0.00397618	-0.078024678	-0.0971708167	-0.0614448883	0.0481105064	0.0017423078	0.0775825074	0.20020079999999998
-0.08586007890000001	0.0621018379	-0.0272501791	-0.0124692521	0.0499612674	0.014392799999999999	0.175567	0.42087399999999997	-0.0184523	0.010832799999999998	-0.0034701000000000003	0.050371005199999985	0.0342643259	0.0480329296	-0.0129922442	0.038569024900000005	0.1606989316	0.20576469999999986
-0.0863955067	0.0640583405	-0.0310058448	-0.007233139300000002	0.0442622034	0.008031079999999998	0.27413000000000004	0.428568	-0.0188965	0.0109186	-0.00420193	-0.06181520240000001	-0.1141138452	0.0161786102	0.0109250395	-0.0242246672	0.1349714168	0.17571021999999992
-0.0869140914	0.06596489230000001	-0.0347071157	-0.0019744703	0.0383474985	0.0346741	0.172513	0.411362	-0.0182135	0.0103535	-0.00352461	0.0388405356	0.0357058923	0.07168550259999999	-0.008025038100000001	0.0856499198	0.1207058989	0.24173702
-0.0874157321	0.0678200068	-0.0383474985	0.0032903561	0.0322459684	0.0159756	0.262761	0.403398	-0.019399200000000002	0.0109634	-0.0040279	-0.0626166798	-0.097987718	0.0424560702	-0.0133821099	-0.0020512313000000003	0.0878974074	0.23185499999999995
-0.0879003309	0.06962223719999999	-0.0419206067	0.0085449216	0.025987339100000003	0.0189053	0.164643	0.375719	-0.018259	0.0106035	-0.00362163	0.0200850238	0.033772859100000004	0.0958555403	0.0037304971	0.0733801984	0.0322903658	0.22404519999999986
-0.0883677934	0.0713701783	-0.045420172	0.01377284	0.0196021022	0.00932834	0.276988	0.395476	-0.0198612	0.0110941	-0.00399963	0.028432162	-0.0954236675	0.0180195836	0.0168423135	-0.0360976108	-0.048630371	0.2652189599999999
-0.0888180284	0.0730624671	-0.048840054800000005	0.0189578082	0.0131213658	0.014128000000000003	0.171175	0.395015	-0.018586500000000002	0.011084100000000001	-0.00375252	-0.0467057505	0.0525955735	0.0584880412	-0.031550628500000004	-0.0112614784	-0.0434108934	0.18766416
-0.0892509482	0.0746977839	-0.0521742556	0.024083657	0.0065767034	0.0211674	0.267947	0.387442	-0.0188712	0.011182899999999999	-0.00408733	0.0066633651	-0.0559073251	0.0208445529	0.0438369949	-0.083097437	-0.1197420157	0.14729990000000015
-0.0896664683	0.0762748537	-0.055416925	0.0291344016	0.0	0.074697	0.0751473	0.208657	-0.013705700000000001	0.0101741	-0.00318688	0.0155827252	0.0446458392	0.0153946879	-0.0187309356	0.0257879656	-0.1935876539	0.7788518
-0.09006450769999999	0.0777924467	-0.0585623743	0.034094291400000004	-0.0065767034	0.0502909	0.219567	0.314676	-0.015549700000000001	0.0101909	-0.00278347	0.0232938889	-0.0627330504	0.0393977319	-0.0423828606	-0.0428459621	-0.029422214	0.3880553
-0.0904449889	0.0792493794	-0.0616050853	0.0389478592	-0.0131213658	0.0459649	0.187361	0.293369	-0.015542799999999999	0.010346600000000001	-0.00281353	0.0706374354	0.0327687625	0.1096900227	-0.0280890805	-0.0037231548	-0.0490617487	0.06747199999999996
-0.0908078376	0.0806445158	-0.0645397201	0.0436799691	-0.0196021022	0.0313087	0.24749000000000002	0.381871	-0.017277	0.0105701	-0.00305485	0.0125609792	-0.06601014059999999	-0.0336873212	0.0068245699	-0.0264863364	-0.034005699900000005	0.27323820000000004
-0.0911529832	0.0819767681	-0.0673611302	0.0482758643	-0.025987339100000003	0.0395425	0.19411099999999998	0.34228200000000003	-0.016393	0.010170100000000001	-0.00271957	-0.0470002855	0.1552923434	-0.0368628652	-0.0188434469	0.0092992058	-0.1188248909	0.1821658
-0.0914803584	0.0832450974	-0.0700643661	0.0527212125	-0.0322459684	0.037318000000000004	0.26829000000000003	0.41700699999999996	-0.0186396	0.0103922	-0.00284535	0.0103753968	0.0128382647	-0.099673669	0.0912712565	-0.0614174371	-0.0334762143	0.28085249999999995
-0.0917898992	0.08444851460000001	-0.07264468519999999	0.0570021512	-0.0383474985	0.043922699999999995	0.179489	0.375206	-0.0174899	0.0100572	-0.00288555	-0.0963296703	0.060477268	-0.0316305184	-0.0670755056	0.0486867763	-0.0420634007	0.2134517
-0.0920815455	0.08558608150000001	-0.0750975609	0.0611053303	-0.0442622034	0.03539369999999998	0.272408	0.42915	-0.01867	0.010284200000000002	-0.00328767	0.0283972983	-0.0207337181	0.0180094147	0.0399073044	-0.047133295	0.1201677657	0.24585300000000002
-0.0923552402	0.0866569108	-0.0774186899	0.0650179541	-0.0499612674	0.0435101	0.163275	0.379688	-0.01728	0.0100572	-0.00276256	0.0163067437	-0.0340342593	-0.0403411135	-0.1108952727	0.049848365	0.0398150224	0.27381689999999986
-0.0926109301	0.0876601678	-0.0796040002	0.0687278213	-0.055416925	0.03906780000000002	0.254973	0.4137520000000001	-0.0192263	0.0101835	-0.0028131999999999996	0.015515833	-0.0320042361	0.0443636919	0.0051699089	-0.0935506117	-0.0072749085	0.2363663
-0.0928485654	0.0885950699	-0.0816496581	0.0722233627	-0.060602597	0.029325200000000006	0.150916	0.4233020000000001	-0.018354099999999998	0.0102596	-0.00280917	0.0808221236	-0.0312651668	0.08724140130000001	-0.0002825247	0.0440480338	-0.0004346015	0.17096610000000004
-0.0930680996	0.0894608883	-0.08355207469999999	0.0754936776	-0.0654930192	0.0279118	0.278625	0.409294	-0.019404599999999998	0.0104278	-0.00313209	-0.021661822	-0.0995048047	0.0634794967	-0.0684652138	-0.06391987019999999	0.0635941803	0.22021139999999992
-0.09326949	0.0902569478	-0.0853079126	0.0785285677	-0.0700643661	0.028156599999999997	0.162403	0.408827	-0.0190796	0.0102444	-0.00273088	-0.0315509482	-0.0214251559	0.0819440194	-0.028644539	0.1100369446	-0.1239906647	0.16241430000000007
-0.0934526974	0.0909826276	-0.0869140914	0.0813185686	-0.0742943663	0.0326716	0.248714	0.391372	-0.0193098	0.0101783	-0.00317523	0.0545455339	0.0142921677	0.037344539700000005	-0.0385378214	-0.0940822455	-0.0151415848	0.1453135
-0.0936176859	0.0916373619	-0.0883677934	0.0838549798	-0.0781624119	0.0257873	0.200853	0.47017600000000004	-0.0194751	0.0100572	-0.00294143	-0.0606681609	-0.05895008490000001	3.26294e-05	-0.0004747626	0.08867480039999999	-0.1071826271	0.15955929999999993
-0.0937644235	0.0922206402	-0.0896664683	0.0861298917	-0.0816496581	0.0387749	0.224827	0.39226700000000003	-0.0195376	0.0102264	-0.00320125	0.06644150830000001	0.089295174	0.0704905634	0.0248711204	-0.0459890308	0.015097225	0.13944659999999998
-0.0938928815	0.0927320076	-0.0908078376	0.08813621	-0.08473911529999999	0.014253100000000001	0.200244	0.459459	-0.019346099999999998	0.0106282	-0.00286325	0.0275454202	-0.0206845987	-0.0386135304	0.0378344925	0.0167457939	-0.0837322541	0.16286179999999992
-0.094003035	0.0931710653	-0.0917898992	0.089867678	-0.0874157321	0.0387889	0.255157	0.397586	-0.0188149	0.0101573	-0.0031401	-0.0866107028	0.1029210417	-0.1125350736	0.0018881153	-0.0917460409	0.0092753082	0.2052693000000002
-0.0940948623	0.0935374711	-0.0926109301	0.0913188962	-0.0896664683	0.0393798	0.213626	0.45159499999999997	-0.018921200000000003	0.010214299999999999	-0.00264385	-0.0205366523	-0.0078532115	-0.0255904676	0.1041150115	0.08576130369999999	0.036078483	0.12910840000000012
-0.0941683457	0.0938309391	-0.09326949	0.092485339	-0.0914803584	0.039179900000000004	0.230873	0.39523400000000003	-0.0183647	0.0100416	-0.00273088	0.0532695031	-0.0107292556	-0.0340479302	-0.0627531726	-0.0124790095	0.0415690119	0.1146194
-0.0942234708	0.0940512406	-0.0937644235	0.0933633689	-0.0928485654	0.0391431	0.208078	0.4419770000000001	-0.018491900000000002	0.00993972	-0.0026483	-0.0687632303	-0.0470146642	0.0357800602	-0.0208037614	0.0231309265	0.0020793208	0.08515779999999981
-0.0942602268	0.0941982038	-0.0940948623	0.0939502478	-0.0937644235	0.0388069	0.236152	0.396295	-0.0190556	0.0100615	-0.00308604	0.0862261015	0.0836495696	0.030599315	0.0485696971	-0.0458074158	0.0552359642	0.13025319999999993
-0.0942786066	0.094271714	-0.0942602268	0.0942441455	-0.0942234708	0.0316653	0.18293	0.448431	-0.0183451	0.010141500000000001	-0.00288426	0.0180828203	-0.074207392	-0.0860121647	-0.0126497241	0.0026021508	0.0327625677	0.16211359999999994
