0.0826180512	0.0826144894	0.0826085531	0.0826002426	0.0825895581	0.08257649980000001	0.0825610682	1.7949300000000001e-09	0.11730299999999999	0.015281799999999996	-0.00221514	-0.0	0.0	0.1527833751	-0.0275889338	-0.0744571275	-0.0166160779	-0.273665286	0.0875697234	0.0
0.0826085531	0.08257649980000001	0.0825230869	0.0824483281	0.0823522428	0.0822348559	0.0820961977	0.0	0.0958687	-0.0209129	-0.00222339	-0.0	0.0	0.034194746	-0.0328273915	-0.0378806708	-0.1178218761	-0.1957834778	0.0112440823	0.05804150179493001
0.0825895581	0.0825005382	0.0823522428	0.0821447785	0.0818782943	0.0815529816	0.0811690742	-1.89154e-09	0.189429	0.0390614	-0.00358111	-0.0	0.0	-0.0189026734	0.0468454011	0.0163057092	0.0321508773	-0.1038247773	-0.0232954737	0.22142060189154
0.0825610682	0.0823866395	0.0820961977	0.0816901521	0.0811690742	0.0805336979	0.079784918	3.14253e-09	0.09946580000000001	0.023153200000000002	-0.00228032	-0.0	0.0	0.0084402553	-0.0437504514	-0.0147130699	0.0830343521	-0.06271379	0.1152252597	0.17091090503407005
0.0825230869	0.0822348559	0.0817552165	0.0810852849	0.08022662059999999	0.0791812221	0.0779515227	1.23754e-09	0.18636	0.0535621	-0.00339796	-0.0	0.0	0.0103490287	-0.0439450638	0.0031418038	-0.0297209112	0.0224395619	0.097545937	0.17318510190499006
0.08247561839999999	0.0820452574	0.0813296518	0.0803312895	0.0790536414	0.0775011496	0.07567921150000001	0.0	0.11617000000000001	0.00737941	-0.00261954	-0.0	0.0	-0.0650526776	-0.0412429966	0.017019492	-0.1298959928	-0.0333088335	0.012223927	0.15529369123754
0.0824186682	0.0818179311	0.0808199441	0.0794295525	0.0776535072	0.0755004314	0.0729807789	0.0	0.200828	0.0351292	-0.00357396	-0.0	0.0	-0.0968587223	0.0144818477	0.0448132725	0.0490236204	0.0049757011	-0.0793237279	0.16012879000000002
0.0823522428	0.0815529816	0.08022662059999999	0.0783817324	0.0760302412	0.07318734519999999	0.0698714189	-0.00422298	0.101906	0.023856799999999997	-0.00250092	0.000208462	0.0	-0.07308378110000001	-0.0397602354	-0.0058053687	0.098250634	0.0117073231	0.0705112005	0.17849248000000004
0.08227635	0.0812505306	0.0795502952	0.0771897563	0.0741885076	0.0705714608	0.06636863900000001	-3.57126e-09	0.16054099999999996	0.042083999999999996	-0.00320093	-0.0	0.0	-0.015520832	-0.0621280174	0.1098265461	-0.0012121408	0.0394940264	0.075137936	0.12650877642874
0.0821909983	0.0809107173	0.0787916676	0.0758558164	0.0721335987	0.06766360099999999	0.0624921622	0.000727125	0.10634600000000001	-0.037025	-0.0026255	0.000353511	0.000109666	-0.0069030668000000005	0.0966120982	-0.0461660521	-0.0973582898	-0.0002503292	0.0275757955	0.18596147857126002
0.0820961977	0.0805336979	0.0779515227	0.0743823661	0.0698714189	0.0644757965	0.0582638153	0.00024045	0.170525	0.0351965	-0.0034185	0.000151696	0.0	0.000665346	0.0827270277	0.0145420077	0.0422896119	-0.0556743827	-0.0584098164	0.192111225
0.081991959	0.0801196458	0.0770307297	0.07277211509999999	0.06740846860000001	0.0610212361	0.0537074066	0.00017912	0.13628900000000002	0.00408375	-0.00286097	0.000109929	0.0	0.0461100604	-0.08501097839999999	-0.107765779	0.006457385699999999	-0.0494391959	-0.0259351723	0.09537493
0.0818782943	0.0796687514	0.0760302412	0.0710280251	0.06475182480000001	0.0573142124	0.048848591600000005	0.000201972	0.170489	0.0358589	-0.0032685	0.000130335	0.0	-0.0118516255	0.0376470121	0.0483658524	-0.0192225138	-0.0292176433	0.0126759	0.087394802
0.0817552165	0.0791812221	0.0749510924	0.0691533037	0.0619091212	0.0533700625	0.0437147285	0.000220969	0.17941299999999996	0.0110234	-0.0037216999999999997	0.00014015700000000002	0.0	-0.0413232396	0.067325848	-0.08239389820000001	0.1120099517	0.1064703495	0.0249970452	0.056929596999999985
0.08162273980000001	0.0786572819	0.0737943996	0.0671513987	0.0588885262	0.0492051046	0.0383347241	-0.00390892	0.14441699999999996	0.052737599999999996	-0.00299229	0.000297936	0.0	-0.0273386024	-0.0099978456	0.1070649632	0.0644398512	-0.06969538089999999	0.0455466319	0.12519953900000005
0.0814808795	0.0780971719	0.0725613598	0.0650259921	0.0556987191	0.0448365703	0.0327388711	-0.0103264	0.189865	0.0100234	-0.00369376	0.00045155	0.0	0.0207852852	-0.07782206280000001	-0.0942411893	-0.0733902565	0.0452264195	0.0235208538	0.13733388000000002
0.0813296518	0.0775011496	0.0712532484	0.0627809927	0.0523488658	0.0402825336	0.0269586778	0.00017004299999999998	0.117558	0.0256849	-0.0034113	7.651789999999998e-05	0.0	-0.0276877419	0.0136583022	0.08691654630000001	-0.1332811114	-0.0601195852	0.0071733724	0.131339548
0.0811690742	0.076869489	0.0698714189	0.06042052940000001	0.048848591600000005	0.035561835800000004	0.0210266903	-0.0061379	0.203035	0.0239919	-0.00405946	0.000311794	0.0	0.0135400832	0.0730972416	-0.0487739159	0.067491199	0.0024567872	-0.0720429374	0.13764974800000002
0.08099916509999999	0.0762024808	0.0684173009	0.0579489435	0.0452079546	0.030694008	0.0149763093	-0.00412395	0.0992546	0.025152900000000002	-0.00297524	0.000494753	2.1175799999999998e-22	0.024466761200000003	-0.0410104204	0.0224679066	0.0464677734	0.0270164735	0.0749169487	0.17031429999999995
0.0808199441	0.0755004314	0.0668923989	0.0553707806	0.0414374156	0.0256991899	0.0088416023	0.00170225	0.186998	0.045643	-0.0045763999999999996	0.00011975399999999999	-1.0587899999999999e-22	0.0281704519	-0.0198200662	-0.0449793418	-0.0901531218	0.1336791133	0.0141786987	0.21286765
0.0806314317	0.0747636639	0.0652982905	0.0526907823	0.0375478092	0.0205980464	0.0026571115999999995	0.00666445	0.102826	-0.013297999999999999	-0.00390176	0.000658991	0.0	-0.0909499762	0.08575839240000001	0.0330612986	-0.0689290746	0.0533681484	0.0285646578	0.20876905
0.0804336496	0.07399251700000001	0.0636366248	0.0499138777	0.0335503118	0.0154116826	-0.0035423403000000007	-0.00559535	0.20053900000000002	0.041646800000000005	-0.00467582	0.000548731	-7.86845e-05	-0.0537485471	0.0067243964	-0.0413730112	0.0497730759	0.0707696354	-0.0946503159	0.213067825
0.08022662059999999	0.07318734519999999	0.0619091212	0.0470451738	0.0294564099	0.010161556	-0.0097218466	-0.00133027	0.105377	0.0339915	-0.00367265	0.00055629	0.0	-0.0236544011	-0.1083385671	0.0272391273	0.0721111094	0.0737567485	0.0456387079	0.161553055
0.0800103684	0.07234851889999999	0.0601175669	0.044089946500000005	0.0252778672	0.004869388	-0.0158466129	-0.00126215	0.197562	0.061291399999999996	-0.00532337	0.00010243299999999999	0.0	0.0307989615	-0.0348791334	-0.0002594382	-0.0333022747	0.124400487	-0.0524512934	0.22478187
0.079784918	0.0714764238	0.0582638153	0.0410536312	0.0210266903	-0.0004429262	-0.0218821528	-0.00114821	0.12175799999999999	0.0180429	-0.00422506	0.000287894	-6.33132e-05	-0.0145877018	0.12676147810000002	0.0516808896	-0.0267306479	0.017580847099999998	-0.0592487526	0.18652065
0.0795502952	0.0705714608	0.05634978440000001	0.0379418119	0.0167150947	-0.005753407800000001	-0.0277944824	-0.00131568	0.19726400000000002	0.0576886	-0.00550232	0.000526087	-1.7323499999999998e-05	0.0253772302	0.0491640375	-0.0245473107	0.0396779556	0.0008016629	-0.0908243918	0.193391305
0.079306527	0.06963404620000001	0.0543774543	0.0347602118	0.0123554694	-0.0110400859	-0.0335503118	-0.00413462	0.1039	0.0614181	-0.00450834	0.000483497	0.00023543299999999998	0.0355531057	-0.0785671268	0.0367337432	0.0603671951	0.034700128399999995	-0.0019301519	0.16437876499999998
0.0790536414	0.068664611	0.0523488658	0.0315146823	0.0079603416	-0.0162810877	-0.0391172318	0.00151771	0.182763	0.08140739999999999	-0.00548315	0.00034953699999999997	-0.000190659	0.033475618900000004	-0.0296081739	0.020870241	-0.017827821	0.149233651	-0.0356510493	0.18124773
0.0787916676	0.06766360099999999	0.0502661174	0.0282111925	0.0035423403000000007	-0.0214547298	-0.0444638974	0.00171726	0.11407	0.027505400000000003	-0.00436841	0.000438495	-0.000177558	-0.0350680091	0.0283692301	0.0472485625	-0.0991503725	0.0530178941	-0.07157843929999999	0.18363450000000006
0.0785206355	0.06663147650000001	0.0481313641	0.024855818	-0.0008858397	-0.0265396073	-0.0495602034	-3.54501e-05	0.20740799999999998	0.0435814	-0.00488007	0.000658991	-0.000160647	-0.029686289	0.0504088861	-0.0264188255	0.0687191851	0.061278595	-0.1241446408	0.14862006010000006
0.0782405765	0.0655687121	0.0459468144	0.0214547298	-0.0053114742	-0.0315146823	-0.0543774543	-0.00387426	0.100117	0.036073	-0.00354981	0.000417405	2.6750799999999998e-05	-0.0169819526	-0.0445821808	0.042439357	0.0747283368	0.0469776459	0.0114814822	0.20660039990000004
0.0779515227	0.0644757965	0.0437147285	0.018014183200000002	-0.0097218466	-0.0363593716	-0.0588885262	-0.00732508	0.185549	0.04826369999999999	-0.00463149	0.000554174	-1.00594e-05	0.0489625253	-0.0145592109	0.0123802198	-0.0396112335	0.1142692647	-0.0170213213	0.16383648
0.0776535072	0.0633532322	0.0414374156	0.0145405056	-0.014104284	-0.0410536312	-0.0630680188	0.00221318	0.102376	0.033476099999999995	-0.00395912	0.000488215	0.00015508200000000002	-0.0072490437	0.1150195735	0.0287282443	-0.0465296992	0.0328264109	-0.014535741	0.15267238
0.0773465645	0.0622015356	0.0391172318	0.0110400859	-0.0184461937	-0.0455780395	-0.0668923989	-0.0009618160000000002	0.214121	0.0404413	-0.00429058	0.000304793	-1.74688e-05	0.0324586583	0.0189339714	-0.0252120354	0.0550643251	-0.0307718492	-0.1061952086	0.15625683599999998
0.0770307297	0.0610212361	0.0367565777	0.0075193617	-0.0227350996	-0.0499138777	-0.0703401329	-0.00824797	0.0971625	0.017278599999999998	-0.00285596	0.0008214659999999998	0.000234143	0.0535497028	-0.0657767036	-0.0344325034	0.0403636163	0.0186228737	-0.0315515556	0.25755259399999997
0.0767060391	0.0598128765	0.0343578954	0.0039848083	-0.0269586778	-0.0540432071	-0.073391808	0.00213627	0.187849	0.0272628	-0.00399445	0.000658992	-7.459089999999997e-05	0.0405380137	0.0616431959	-0.0171733174	-0.0171861954	0.0289021825	-0.014334613799999996	0.191539835
0.0763725302	0.0585770125	0.0319236667	0.0004429262	-0.0311047922	-0.0579489435	-0.0760302412	-0.00239091	0.0998197	0.021943	-0.00294083	0.0007014139999999999	0.000189035	0.032443788	0.0458632768	-0.0022495151	0.1085626256	-0.0104393015	0.0480303299	0.165859675
0.0760302412	0.0573142124	0.0294564099	-0.0030997705	-0.0351615291	-0.0616149276	-0.0782405765	0.00408094	0.17913800000000002	0.0453871	-0.00416182	0.000908992	-0.00027236599999999996	0.0540718939	-0.0632833493	0.0030714158000000004	-0.0185161517	0.0123784372	0.0002122215	0.20373270000000002
0.07567921150000001	0.0560250569	0.0269586778	-0.0066367663	-0.0391172318	-0.0650259921	-0.0800103684	0.00361294	0.105795	0.0111513	-0.0042347999999999995	0.0007231419999999998	-0.00010825799999999999	-0.0095944924	0.0138469514	0.0305825653	-0.1259854561	-0.0394674305	-0.0654000217	0.1291937
0.0753194814	0.0547101387	0.0244330544	-0.010161556	-0.042960534	-0.06816802450000001	-0.0813296518	0.00236434	0.209211	0.0397403	-0.00442343	0.000602626	-9.830989999999999e-05	-0.0009217518	0.018177132	-0.0215342244	0.0676711609	0.0082916395	-0.08852169160000001	0.149208305
0.0749510924	0.0533700625	0.0218821528	-0.013667657	-0.0466803921	-0.0710280251	-0.0821909983	-0.00196077	0.10306199999999999	0.0500976	-0.00371025	0.00030236	9.269490000000004e-05	0.0337578985	-0.0967881998	0.0170347182	0.0706886124	0.0261342884	-0.0018789247	0.18105395
0.0745740866	0.0520054446	0.019308612	-0.017148621200000002	-0.0502661174	-0.0735941614	-0.0825895581	-0.0109655	0.184564	0.0472405	-0.0047003	0.000570414	7.73446e-06	0.031311339300000005	0.0199019547	0.017554575700000002	-0.0375184872	0.0358525527	0.0020780557	0.160517052
0.0741885076	0.0506169125	0.0167150947	-0.0205980464	-0.0537074066	-0.0758558164	-0.0825230869	-0.0107881	0.08952719999999999	0.029079200000000006	-0.00348777	0.000511876	9.244889999999999e-05	-0.0220092812	0.0947715898	0.0023408305	0.0273357777	0.0265776663	0.038406664	0.181164622
0.0737943996	0.0492051046	0.014104284	-0.0240095886	-0.056994371399999987	-0.077803633	-0.081991959	0.00261386	0.20105399999999998	0.0310556	-0.00429977	0.000769417	-0.000219281	-0.0011055885	-0.0161472328	-0.0406146924	0.028895414900000006	-0.0096475598	-0.054717606	0.195968705
0.073391808	0.0477706702	0.0114788812	-0.0273769736	-0.0601175669	-0.0794295525	-0.08099916509999999	0.0007830979999999998	0.08961389999999997	0.0200023	-0.0038469000000000003	0.00022878200000000002	5.82084e-05	0.0254689315	-0.07707523200000001	-0.0236846589	-0.0182225384	0.0144496466	-0.0485514642	0.187873882
0.0729807789	0.0463142688	0.0088416023	-0.030694008	-0.0630680188	-0.080726848	-0.0795502952	0.000115868	0.179472	0.00475883	-0.004905	0.000447805	-7.72284e-05	-0.0114079412	0.0514108279	0.023710239900000003	-0.0004451961	0.0253824537	-0.0334109752	0.17639678999999994
0.0725613598	0.0448365703	0.0061951761	-0.0339545915	-0.0658372492	-0.0816901521	-0.0776535072	0.0114035	0.09831530000000001	0.0174476	-0.00302532	0.000763283	6.99848e-05	0.023902363500000003	0.0029463943	-0.0397343522	0.0949338179	-0.0166587178	0.0458241201	0.222251662
0.0721335987	0.04333825400000002	0.0035423403000000007	-0.0371527273	-0.0684173009	-0.0823154793	-0.0753194814	0.007590119999999999	0.209794	0.0213481	-0.0047364	0.000585704	-0.00019888299999999999	0.0616872188	-0.034217834	-0.011836282	-0.0635080326	0.0210026111	0.0068600044	0.22706892
0.0716975448	0.0418200091	0.0008858397	-0.0402825336	-0.0708007604	-0.0826002426	-0.0725613598	0.00367514	0.089211	-0.0113666	-0.00447133	0.000507529	6.99848e-05	-0.0015267631	0.0787944067	-0.0158585567	-0.0465377445	0.023996292	-0.0185446127	0.18781832
0.0712532484	0.0402825336	-0.0017715775	-0.04333825400000002	-0.0729807789	-0.0825432638	-0.0693946722	0.00439426	0.184435	0.026973200000000003	-0.00482601	0.000531484	6.99848e-05	0.0199568699	-0.0326390285	-0.0117985713	0.0156316814	-0.0994783844	-0.0163097566	0.15321467000000005
0.0708007604	0.0387265345	-0.0044271617	-0.0463142688	-0.0749510924	-0.0821447785	-0.0658372492	0.015941399999999998	0.104404	0.0189724	-0.00415947	0.000675731	0.000319985	0.0095382438	-0.02927935	-0.0464718156	-0.0713659326	-0.0236401546	0.0117054547	0.1526183
0.0703401329	0.0371527273	-0.0070781657	-0.0492051046	-0.0767060391	-0.0814064355	-0.0619091212	0.012266299999999999	0.15955899999999998	-0.0117991	-0.00369159	0.000692127	6.99849e-05	-0.0340788103	0.0637493639	0.0182722373	0.0104819652	0.0144849889	0.08685323699999999	0.12631540500000002
0.0698714189	0.035561835800000004	-0.0097218466	-0.0520054446	-0.0782405765	-0.0803312895	-0.05763240610000001	0.002687	0.132446	0.0410296	-0.00434503	0.000988885	0.000319985	0.0008766477000000001	-0.0394638345	-0.07608674139999999	0.06339011110000001	-0.0152957773	0.0476314305	0.149530905
0.0693946722	0.0339545915	-0.0123554694	-0.0547101387	-0.0795502952	-0.0789237887	-0.0530311845	0.014594999999999999	0.15421299999999996	-0.024144	-0.00431803	0.0006589930000000001	-8.637290000000001e-05	-0.0474439535	-0.0246706158	0.0223650031	-0.129586413	-0.0551729797	0.008952381700000001	0.13701109499999994
0.0689099476	0.0323317335	-0.0149763093	-0.0573142124	-0.0806314317	-0.0771897563	-0.0481313641	0.00489659	0.134432	0.0490346	-0.00464851	0.000908993	6.9985e-05	-0.0351948854	0.0361970694	-0.001274116	0.0070834579	-0.0419793588	-0.0021332927	0.139499905
0.0684173009	0.030694008	-0.0175816548	-0.0598128765	-0.0814808795	-0.0751363666	-0.042960534	-0.0008061649999999999	0.139461	0.008682999999999998	-0.00425929	0.00059737	6.9985e-05	0.0057715519	-0.0846047975	0.0254754665	0.0319106131	-0.0584844804	-0.0199472398	0.086125505
0.0679167887	0.0290421682	-0.0201688105	-0.0622015356	-0.0820961977	-0.07277211509999999	-0.0375478092	0.00560258	0.141822	0.0327678	-0.0048059	0.0007714	-1.5755699999999996e-05	-0.0039291391	0.006859442	0.024736032400000003	-0.047443754000000005	-0.040124615	0.0155415726	0.07317358000000003
0.06740846860000001	0.0273769736	-0.0227350996	-0.0644757965	-0.08247561839999999	-0.0701067834	-0.0319236667	0.0112729	0.13910800000000004	0.00695145	-0.00418399	0.0009089940000000002	6.998510000000001e-05	-0.0114018234	0.0077829395	-0.005625943	0.1106276541	-0.0277336362	0.0360677128	0.07646290999999998
0.0668923989	0.0256991899	-0.0252778672	-0.06663147650000001	-0.0826180512	-0.0671513987	-0.0261197739	-0.00151677	0.126067	0.0662641	-0.00487579	0.0007578439999999999	6.998510000000001e-05	0.0230750582	-0.1008163151	0.0267222164	0.0523390256	0.0298498386	0.0613353497	0.12729081999999994
0.06636863900000001	0.0240095886	-0.0277944824	-0.068664611	-0.0825230869	-0.0639181885	-0.0201688105	0.00960124	0.166526	-0.029057	-0.00540594	0.000537983	-0.000200457	-0.0272901134	0.0463526	0.0063927389	-0.1044944888	0.0378793541	0.0743412115	0.197920765
0.0658372492	0.022308946800000003	-0.0302823417	-0.0705714608	-0.0821909983	-0.06042052940000001	-0.014104284	0.0020596	0.103878	0.0300346	-0.00458855	0.0009089940000000002	-0.00011029200000000001	-0.0380317731	0.0804482215	0.0464314807	-0.0145161074	-0.0284574332	0.0581122191	0.19320954
0.0652982905	0.0205980464	-0.0327388711	-0.07234851889999999	-0.08162273980000001	-0.05667289230000001	-0.0079603416	0.0100416	0.193605	0.00714337	-0.00497207	0.0009089940000000002	-0.000354961	0.013532786399999998	-0.0721805778	-0.024508186	0.037355257200000005	-0.082107308	-0.0398591281	0.15200968
0.06475182480000001	0.0188776742	-0.0351615291	-0.07399251700000001	-0.0808199441	-0.0526907823	-0.0017715775	-0.008291349999999998	0.101506	0.0166007	-0.00402718	0.0009089940000000002	-7.45003e-05	-0.0028385582	-0.0861180492	0.0361363245	-0.0869653098	-0.0423758226	0.0553900009	0.181156815
0.064197915	0.017148621200000002	-0.0375478092	-0.0755004314	-0.079784918	-0.0484906747	0.0044271617	0.00121694	0.189636	-0.024582	-0.00493865	0.0009609639999999999	-0.00035548599999999996	-0.0094133796	0.0634113657	0.0157576083	-0.007989779	0.0299849452	0.0146707314	0.201042275
0.0636366248	0.0154116826	-0.0398952426	-0.076869489	-0.0785206355	-0.044089946500000005	0.0106009733	0.00107257	0.107423	-0.00893488	-0.00420777	0.0009089940000000002	-0.000436759	-0.0617576073	0.1215063417	0.0130807099	0.0038932349	0.0149397882	0.0139181447	0.14121064
0.0630680188	0.013667657	-0.0422014006	-0.0780971719	-0.0770307297	-0.039506804900000005	0.0167150947	0.000568035	0.200299	-0.00526985	-0.00474501	0.0009089940000000002	-0.000736447	-0.0106564377	-0.0170363306	0.0092554254	0.035933497200000004	-0.0829462061	-0.07560809519999999	0.13889196499999998
0.0624921622	0.0119173466	-0.0444638974	-0.0791812221	-0.0753194814	-0.0347602118	0.0227350996	0.00104429	0.11550999999999999	0.0120242	-0.00397622	0.000823547	-0.000325876	0.0158037819	-0.0910429429	-0.0574935483	-0.0239356012	0.0129776828	-0.0098943759	0.165799705
0.0619091212	0.010161556	-0.0466803921	-0.0801196458	-0.073391808	-0.0298698051	0.0286270917	0.0105371	0.199226	-0.014758000000000004	-0.00583559	0.0009089940000000002	-0.0007337169999999999	-0.0166911886	0.04448868	0.046902924500000005	-0.023958709100000003	0.0409136198	0.0238382582	0.23762391
0.061318963	0.0084010927	-0.048848591600000005	-0.0809107173	-0.0712532484	-0.024855818	0.0343578954	0.00104739	0.12174600000000001	0.0008427939999999999	-0.00469683	0.00103783	-0.0005847690000000001	-0.0385574457	0.091843549	-0.0092094637	0.0318632406	0.068387955	0.0571854646	0.173397704
0.0607217553	0.0066367663	-0.0509662528	-0.0815529816	-0.0689099476	-0.0197389949	0.0398952426	0.00704253	0.219362	0.0174461	-0.00515752	0.0009089940000000002	-0.000770858	0.022806169900000003	-0.0364731715	0.0216283777	0.0140548302	-0.0557501835	-0.0395938653	0.15899519599999998
0.0601175669	0.004869388	-0.0530311845	-0.0820452574	-0.06636863900000001	-0.0145405056	0.0452079546	0.0007140380000000001	0.104352	-0.00551467	-0.00488018	0.000908995	-0.000682777	0.0043372567	-0.038507535	-0.0392636661	-0.0960681215	-0.0353380912	-0.0529689892	0.162570362
0.0595064671	0.0030997705	-0.0550412506	-0.0823866395	-0.0636366248	-0.0092818579	0.0502661174	0.000556292	0.199285	0.0147392	-0.00619288	0.000908995	-0.000757249	-0.0046956345	0.0363083292	0.0409946427	0.0335644539	0.0027577597	-0.0302023992	0.184703216
0.0588885262	0.0013287276999999998	-0.056994371399999987	-0.08257649980000001	-0.0607217553	-0.0039848083	0.0550412506	0.00567285	0.0851858	0.0256418	-0.00438323	0.0009973669999999999	-0.000535721	0.0369244304	-0.0924699777	-0.0778247975	0.0794294229	0.0165458263	0.060699504400000014	0.23609585800000002
0.0582638153	-0.0004429262	-0.0588885262	-0.0826144894	-0.05763240610000001	0.0013287276999999998	0.0595064671	0.00335757	0.211504	0.0286822	-0.00573541	0.000908995	-0.000650575	0.0063015377	-0.0087356224	0.0426911048	-0.0606463892	0.034158769500000005	-0.0111166621	0.20944418
0.05763240610000001	-0.0022143764	-0.0607217553	-0.0825005382	-0.0543774543	0.0066367663	0.0636366248	0.013749	0.11851700000000001	-0.054183	-0.0050448	0.000748155	-0.000604752	-0.0476066435	0.0765853672	-0.0545742352	0.0405804226	0.043784423	0.0396486729	0.23110727999999994
0.056994371399999987	-0.0039848083	-0.0624921622	-0.0822348559	-0.0509662528	0.0119173466	0.06740846860000001	0.010173999999999999	0.17314200000000002	0.045017800000000004	-0.00541744	0.000908995	-0.000592306	0.0230625823	-0.019159933	0.08713535	0.0559828858	-0.078664641	0.027773407000000003	0.1846971
0.05634978440000001	-0.005753407800000001	-0.064197915	-0.0818179311	-0.0474086033	0.017148621200000002	0.0708007604	0.0114483	0.14626	-0.0183859	-0.00521027	0.000908995	-0.0006632089999999999	0.0102507311	-0.0397648892	-0.0705062421	-0.0897515693	-0.0229070298	0.0128953958	0.10546364999999996
0.0556987191	-0.0075193617	-0.0658372492	-0.0812505306	-0.0437147285	0.022308946800000003	0.0737943996	0.00290291	0.17416700000000002	-0.00584189	-0.00550848	0.000908995	-0.000640778	-0.0324777727	0.0428708466	0.0963211822	-0.002280962	-0.0679059646	0.005530428	0.06502844999999995
0.0550412506	-0.0092818579	-0.06740846860000001	-0.0805336979	-0.0398952426	0.0273769736	0.0763725302	0.011178200000000001	0.161193	-0.0516034	-0.00544032	0.000640394	-0.00052997	-0.0069381535	-0.0103698181	-0.0994379718	0.069029334	-0.0411053868	0.0390596791	0.08938924999999992
0.0543774543	-0.0110400859	-0.0689099476	-0.0796687514	-0.0359611205	0.0323317335	0.0785206355	0.0210348	0.148327	0.055808500000000004	-0.00561719	0.000908995	-0.000256505	0.0313074216	-0.0575869526	0.1051303499	-0.0222065069	-0.0438167011	0.051104513	0.1660813
0.0537074066	-0.0127932372	-0.0703401329	-0.0786572819	-0.0319236667	0.0371527273	0.08022662059999999	0.0233482	0.18674200000000002	0.00013047700000000002	-0.00598421	0.000908996	-0.000554072	-0.007277788100000002	0.0600831728	-0.0769285333	-0.0034649142	0.0392328012	0.0536664344	0.12963582299999998
0.0530311845	-0.0145405056	-0.0716975448	-0.0775011496	-0.0277944824	0.0418200091	0.0814808795	0.0190798	0.133051	0.0434375	-0.00505959	0.000908996	-0.000568224	-0.0158967509	-0.0030472193	0.0731081937	0.0635905746	-0.062574119	0.0773505927	0.14820502300000002
0.0523488658	-0.0162810877	-0.0729807789	-0.0762024808	-0.0235854328	0.0463142688	0.08227635	0.0205268	0.196384	-0.00317387	-0.00554939	0.000908996	-0.000601946	-0.0107492207	-0.0512369855	-0.0978521233	-0.078475966	0.0322146544	0.0083099295	0.13756747000000005
0.0516605288	-0.018014183200000002	-0.0741885076	-0.0747636639	-0.019308612	0.0506169125	0.0826085531	0.0229093	0.129235	-0.0146256	-0.00538188	0.0007149239999999999	-0.0006655210000000001	-0.0730312921	0.0658748762	0.0483376836	-0.020518258	-0.0472502897	0.0574591853	0.10224108
0.0509662528	-0.0197389949	-0.0753194814	-0.07318734519999999	-0.0149763093	0.0547101387	0.08247561839999999	0.022915599999999998	0.198205	-0.011046700000000001	-0.00573196	0.000658995	-0.000569656	-0.003735192	-0.0920918894	-0.0623169085	0.0260972465	-0.0664272558	-0.0430035054	0.0976489
0.0502661174	-0.0214547298	-0.0763725302	-0.0714764238	-0.0106009733	0.0585770125	0.0818782943	0.0231852	0.11772	0.00464881	-0.00523329	0.0007452639999999999	-0.000500871	-0.0367394165	-0.0115878381	0.0614882622	-0.0870809828	-0.0993531592	0.0157552702	0.12913631
0.0495602034	-0.023160599	-0.0773465645	-0.06963404620000001	-0.0061951761	0.0622015356	0.0808199441	0.0331653	0.2169	-0.0222711	-0.00637222	0.000908996	-0.000688645	-3.59262e-05	0.0133700205	-0.0659043906	0.030852227000000006	-0.0360765545	-0.0604817724	0.21060181
0.048848591600000005	-0.024855818	-0.0782405765	-0.06766360099999999	-0.0017715775	0.0655687121	0.079306527	0.0334088	0.129734	0.011091	-0.00483164	0.000908996	-0.000543259	0.0205190233	-0.0557147979	-0.0207260432	-0.0190282861	-0.0284670382	0.0247774251	0.2050699
0.0481313641	-0.0265396073	-0.0790536414	-0.0655687121	0.0026571115999999995	0.068664611	0.0773465645	0.0332109	0.22373600000000002	-0.0457722	-0.00651814	0.000908996	-0.000662727	-0.018938076	0.0673890584	-0.046963973	-0.0199160025	0.045586634	0.0091086007	0.2413615000000001
0.0474086033	-0.0282111925	-0.079784918	-0.0633532322	0.0070781657	0.0714764238	0.0749510924	0.0332525	0.133042	0.0142861	-0.00498393	0.0007861129999999999	-0.000515103	-0.0363660254	-0.06176575650000001	0.0424417435	0.0557259925	0.003184376	0.0622678289	0.24102975
0.0466803921	-0.0298698051	-0.0804336496	-0.0610212361	0.0114788812	0.07399251700000001	0.0721335987	0.0331092	0.221568	0.00614675	-0.00678657	0.000908996	-0.0007378139999999999	-0.0063688868	0.0176195257	-0.0204320306	-0.0645945506	0.0319072625	0.0052569768	0.20422035
0.0459468144	-0.0315146823	-0.08099916509999999	-0.0585770125	0.0158466129	0.0762024808	0.0689099476	0.036638199999999996	0.122267	-0.00685979	-0.00534347	0.000908996	-0.00063898	-0.0146794203	0.0479335355	0.0529161751	0.0541281635	-0.025455259700000003	0.0647113531	0.19293324
0.0452079546	-0.0331450678	-0.0814808795	-0.0560250569	0.0201688105	0.0780971719	0.0652982905	0.033164599999999995	0.212515	0.0198582	-0.00581568	0.0009089969999999999	-0.00067644	0.0605711816	-0.0561842348	-0.0391897858	0.0050289017	0.0048398104	-0.0137520571	0.14592314000000006
0.0444638974	-0.0347602118	-0.0818782943	-0.0533700625	0.0244330544	0.0796687514	0.061318963	0.038930900000000004	0.131653	-0.0645564	-0.00602655	0.000658996	-0.000465487	-0.0257610555	0.0845530895	0.0226341572	-0.0799467485	-0.0111932664	-0.0309724792	0.2046341
0.0437147285	-0.0363593716	-0.0821909983	-0.0506169125	0.0286270917	0.0809107173	0.056994371399999987	0.041926	0.226048	-0.0425464	-0.00707408	0.000908996	-0.0007551199999999999	-0.0089388923	0.0036794015	-0.07979154849999999	0.0606313065	0.0016114207	-0.07584191280000001	0.19875825
0.042960534	-0.0379418119	-0.0824186682	-0.0477706702	0.0327388711	0.0818179311	0.0523488658	0.0354771	0.12577	0.0113675	-0.00519091	0.0009089969999999999	-0.00058274	0.0094862619	-0.0816765595	-0.0321881467	0.0148532263	0.0295745659	-0.0041793517	0.26341835
0.0422014006	-0.039506804900000005	-0.0825610682	-0.0448365703	0.0367565777	0.0823866395	0.0474086033	0.0285379	0.21373899999999998	-0.018436599999999997	-0.00692685	0.000658996	-0.000540573	-0.0269330358	0.0245520109	-0.008964392600000001	-0.048178966	0.06646149629999999	-0.0267260616	0.2261177000000001
0.0414374156	-0.0410536312	-0.0826180512	-0.0418200091	0.0406686668	0.0826144894	0.0422014006	0.0335585	0.138095	0.00474948	-0.00589857	0.0007933339999999999	-0.000498271	-0.0438338092	0.0514049455	0.0526271071	0.0783865629	0.0066769065	0.030481051	0.16409668000000002
0.0406686668	-0.0425815792	-0.0825895581	-0.0387265345	0.0444638974	0.0825005382	0.0367565777	0.037709	0.229066	0.00295362	-0.00625622	0.0009089969999999999	-0.0006742930000000001	0.0204408069	-0.06620963690000001	-0.0312694719	-0.0026325345	0.0237916923	-0.0356584282	0.12938411
0.0398952426	-0.044089946500000005	-0.08247561839999999	-0.035561835800000004	0.0481313641	0.0820452574	0.0311047922	0.0465542	0.11576800000000001	-0.049563300000000005	-0.00660977	0.000722968	-0.000637746	-0.0343903576	0.0798149633	0.0313471159	-0.0513017591	-0.0091450437	-0.0328256973	0.20346642
0.0391172318	-0.0455780395	-0.08227635	-0.0323317335	0.0516605288	0.0812505306	0.0252778672	0.0384798	0.21652399999999997	-0.0169065	-0.007336599999999999	0.00073275	-0.0006309940000000001	0.0017345515	-0.021205315	-0.0358309718	0.0598622691	-0.0212613306	-0.1279393578	0.1786554
0.0383347241	-0.0470451738	-0.081991959	-0.0290421682	0.0550412506	0.0801196458	0.019308612	0.0454323	0.129527	0.00366038	-0.00599317	0.0009089969999999999	-0.000471952	0.0280460634	-0.061623331	0.0373542108	-0.0186757063	0.0230078464	-0.0239863337	0.19845233
0.0375478092	-0.0484906747	-0.08162273980000001	-0.0256991899	0.0582638153	0.0786572819	0.0132306372	0.056702300000000004	0.24508000000000002	-0.0296586	-0.00768444	0.000556967	-0.000625516	0.0627154767	0.0637683061	0.0098120722	0.0206567659	0.0382396594	-0.0543838012	0.26998518
0.0367565777	-0.0499138777	-0.0811690742	-0.022308946800000003	0.061318963	0.076869489	0.0070781657	0.06340470000000001	0.14257700000000004	-0.0242845	-0.00590042	0.0007708479999999998	-0.00040886300000000003	0.0647695339	0.0060975929000000005	-0.0191588876	0.0994393445	0.0057000825	0.034578037400000004	0.2253072
0.0359611205	-0.0513141282	-0.0806314317	-0.0188776742	0.064197915	0.0747636639	0.0008858397	0.0484534	0.236682	0.0391826	-0.00749732	0.00047961900000000003	-0.000487896	0.0805116676	-0.0447037275	-0.002506269	-0.0188573223	0.1030813924	-0.0384517818	0.27088149999999994
0.0351615291	-0.0526907823	-0.0800103684	-0.0154116826	0.0668923989	0.07234851889999999	-0.0053114742	0.0529451	0.137049	-0.0649549	-0.00722373	0.000596829	-0.000529781	-0.029021366	0.0868027752	0.052650986600000005	-0.0922589781	0.0158078528	-0.0082198433	0.22989645
0.0343578954	-0.0540432071	-0.079306527	-0.0119173466	0.0693946722	0.06963404620000001	-0.0114788812	0.0474354	0.2245	0.00753953	-0.00738822	0.0009089969999999999	-0.00052327	0.0687754055	0.0514308814	0.0788968006	0.0501931026	-0.0151643898	-0.07130924940000001	0.18961358
0.0335503118	-0.0553707806	-0.0785206355	-0.0084010927	0.0716975448	0.06663147650000001	-0.0175816548	0.054098400000000005	0.149091	-0.00568443	-0.00561444	0.0009089980000000001	-0.000696033	0.1309896283	-0.0490490653	-0.005427355500000001	0.0809511206	0.0614637015	-0.0223184046	0.19262316
0.0327388711	-0.05667289230000001	-0.0776535072	-0.004869388	0.0737943996	0.0633532322	-0.0235854328	0.0444105	0.23785799999999999	-0.0052296999999999995	-0.00701665	0.0009089969999999999	-0.0007329760000000001	0.0974731879	0.0311381653	0.0022309915	-0.0412706439	0.1451733092	-0.0469625705	0.17086733
0.0319236667	-0.0579489435	-0.0767060391	-0.0013287276999999998	0.07567921150000001	0.0598128765	-0.0294564099	0.045400499999999996	0.131252	-0.0886445	-0.00645672	0.00081276	-0.000632615	-0.0380845996	0.1151461207	-0.0169192754	-0.009609771	0.1262581085	0.0150652869	0.22883720000000002
0.0311047922	-0.0591983473	-0.07567921150000001	0.0022143764	0.0773465645	0.0560250569	-0.0351615291	0.0481118	0.18751900000000002	0.00518179	-0.0064065	0.0009089980000000001	-0.000580839	-0.0130955002	-0.0310898829	0.0396279043	0.0505172377	-0.025484846600000003	-0.0873085059	0.16271629
0.0302823417	-0.06042052940000001	-0.0745740866	0.005753407800000001	0.0787916676	0.0520054446	-0.0406686668	0.057869500000000004	0.153392	-0.0446579	-0.00565902	0.0008289189999999999	-0.000575463	-0.0526901731	-0.0674535141	-0.0221085254	-0.0640819621	0.0073595536	-0.043177695300000006	0.13537114
0.0294564099	-0.0616149276	-0.073391808	0.0092818579	0.0800103684	0.0477706702	-0.0459468144	0.05566619999999999	0.187102	0.00223138	-0.00701567	0.0009089980000000001	-0.000501659	-0.0312949955	0.011007912	0.071747779	-0.0316779113	0.0097418323	-0.0834912242	0.15832923
0.0286270917	-0.0627809927	-0.0721335987	0.0127932372	0.08099916509999999	0.04333825400000002	-0.0509662528	0.0640746	0.12146400000000004	-0.07003039999999999	-0.006227399999999999	0.0009089980000000001	-9.436299999999999e-05	-0.0175915281	0.008497031300000001	-0.0199692292	0.1068427791	0.0064430459	-0.018138056	0.20608648
0.0277944824	-0.0639181885	-0.0708007604	0.0162810877	0.0817552165	0.0387265345	-0.0556987191	0.050679699999999994	0.197251	0.04449430000000002	-0.00682169	0.0009089980000000001	-0.000541378	0.0573276298	-0.0821214365	0.0405991899	0.0354212678	0.0541947946	0.0194521954	0.25577185
0.0269586778	-0.0650259921	-0.0693946722	0.0197389949	0.08227635	0.0339545915	-0.0601175669	0.0683595	0.160685	-0.08672289999999999	-0.00668227	0.0009089980000000001	-0.000499662	0.0096792194	0.0288920975	0.0444505457	-0.1185393586	0.0194068187	-0.0114464963	0.1945198
0.0261197739	-0.0661038941	-0.0679167887	0.023160599	0.0825610682	0.0290421682	-0.064197915	0.0512601	0.21248699999999998	0.00292385	-0.00708576	0.0009089980000000001	-0.000305072	0.0251167107	0.0186104225	0.085599177	0.0134316728	0.0397360634	-0.1016586305	0.18845215
0.0252778672	-0.0671513987	-0.06636863900000001	0.0265396073	0.0826085531	0.0240095886	-0.0679167887	0.0810428	0.17067099999999996	-0.0620201	-0.00602584	0.0009089980000000001	-0.00029522099999999997	0.0218958764	-0.0863145768	-0.0601468172	0.0588378582	0.0429356597	-0.0797481546	0.1900312
0.0244330544	-0.06816802450000001	-0.06475182480000001	0.0298698051	0.0824186682	0.0188776742	-0.0712532484	0.06484640000000001	0.176302	-0.00243464	-0.00651575	0.0009089980000000001	-0.0004712680000000001	-0.005018885	-0.037317483	0.1156193879	-0.08677994	0.0457759527	-0.050674613499999986	0.11471070999999998
0.0235854328	-0.0691533037	-0.0630680188	0.0331450678	0.081991959	0.013667657	-0.0741885076	0.0781206	0.223124	-0.048343000000000004	-0.00721005	0.0009089980000000001	-0.0005890790000000001	0.004213077	0.0584904897	0.0331657911	0.0580419627	0.1116091732	-0.0492214387	0.14661011
0.0227350996	-0.0701067834	-0.061318963	0.0363593716	0.0813296518	0.0084010927	-0.0767060391	0.0762628	0.131663	0.021250599999999998	-0.00614373	0.0010850999999999999	-9.436299999999999e-05	0.0991087624	-0.0742838824	0.0773154269	0.0589083145	0.1066128268	0.0461805224	0.24976929999999997
0.0218821528	-0.0710280251	-0.0595064671	0.039506804900000005	0.0804336496	0.0030997705	-0.0787916676	0.076287	0.20591700000000002	-0.0765233	-0.007311469999999999	0.000760531	-0.0004960780000000001	0.0677327265	0.0822020994	0.0231472411	-0.0660431654	0.1526524025	-0.0072302884	0.26675329999999997
0.0210266903	-0.0719166052	-0.05763240610000001	0.0425815792	0.079306527	-0.0022143764	-0.0804336496	0.08318259999999998	0.141454	0.00158096	-0.00590158	0.00123059	-0.00023131	0.0623338745	0.0047758349	0.0152825367	0.0398128671	0.04609362400000002	-0.0111469289	0.25669871
0.0201688105	-0.07277211509999999	-0.0556987191	0.0455780395	0.0779515227	-0.0075193617	-0.08162273980000001	0.0582305	0.19313699999999998	-0.06991489999999999	-0.00488572	0.0008256939999999998	-0.00046628	0.027122354900000003	-0.0135679382	-0.0571780189	-0.0538126751	0.0147724764	-0.0981127577	0.23091726000000004
0.019308612	-0.0735941614	-0.0537074066	0.0484906747	0.0763725302	-0.0127932372	-0.0823522428	0.15954400000000002	0.00505368	-0.236602	-0.00311066	-0.000647253	0.00169393	-0.0561820521	0.0919670058	-0.1385676304	0.0147981073	-0.1314278115	0.1161116642	0.7264947699999998
0.0184461937	-0.0743823661	-0.0516605288	0.0513141282	0.0745740866	-0.018014183200000002	-0.0826180512	0.143959	0.15195899999999998	-0.163725	-0.00395381	-0.000530616	0.00137982	0.0193084148	0.0749767486	-0.0552796817	-0.0767582468	-0.057760726	0.2295994722	0.29906217
0.0175816548	-0.0751363666	-0.0495602034	0.0540432071	0.0725613598	-0.023160599	-0.0824186682	0.147339	0.174869	-0.087164	-0.00357656	-0.000517255	0.00169041	0.0715782878	0.0266298966	-0.1279148413	-0.0027255771000000003	-0.1081804918	0.1200164173	0.13791105
0.0167150947	-0.0758558164	-0.0474086033	0.05667289230000001	0.0703401329	-0.0282111925	-0.0817552165	0.160522	0.105371	-0.14664100000000002	-0.00326778	-0.00052767	0.00154555	-0.0290568278	0.0489241631	-0.0592612	-0.0911736098	-0.1516392706	0.0721482859	0.16536074999999995
0.0158466129	-0.0765403846	-0.0452079546	0.0591983473	0.0679167887	-0.0331450678	-0.0806314317	0.170192	0.189782	-0.10921700000000001	-0.00398463	0.000239897	0.00186105	-0.08456546279999999	0.0220835537	-0.1274487605	0.0437287011	-0.0897297397	0.0157914121	0.22150085000000005
0.0149763093	-0.0771897563	-0.042960534	0.0616149276	0.0652982905	-0.0379418119	-0.0790536414	0.155756	0.0929362	-0.104742	-0.00281159	-9.24977e-06	0.00156226	-0.1014614148	-0.1035026757	-0.0880191877	0.0119211747	-0.1040658593	-0.0054339475	0.20180563850000002
0.014104284	-0.077803633	-0.0406686668	0.0639181885	0.0624921622	-0.0425815792	-0.0770307297	0.16553099999999998	0.18373499999999998	-0.06933639999999999	-0.00400474	0.000110241	0.00154834	-0.1459336417	0.0514080481	-0.0473572434	0.0039878816	-0.041004559	0.008380892099999999	0.20230743850000002
0.0132306372	-0.0783817324	-0.0383347241	0.0661038941	0.0595064671	-0.0470451738	-0.0745740866	0.158352	0.100288	-0.0639744	-0.00386846	5.95217e-05	0.00147354	-0.0957923873	-0.1098522474	-0.0278363721	0.0585597157	-0.0242384139	0.0397024825	0.109077965
0.0123554694	-0.0789237887	-0.0359611205	0.06816802450000001	0.05634978440000001	-0.0513141282	-0.0716975448	0.15071800000000002	0.223129	-0.016202200000000003	-0.00479806	-7.84895e-06	0.00122738	-0.0967691426	-0.0127631141	0.0182665082	-0.0305970621	0.0136483697	0.050281155	0.2404037325
0.0114788812	-0.0794295525	-0.0335503118	0.0701067834	0.0530311845	-0.0553707806	-0.0684173009	0.14013299999999998	0.11313699999999999	0.00402188	-0.00380378	0.000203379	0.00126655	-0.0884002126	-0.0351132528	-0.0249237787	0.0686616608	-0.0379976309	0.0847243009	0.2030349775
0.0106009733	-0.0798987914	-0.0311047922	0.0719166052	0.0495602034	-0.0591983473	-0.06475182480000001	0.149528	0.183839	0.0130881	-0.00481838	0.00010298	0.00122922	-0.0582336963	-0.0525828259	0.0047670729	-0.0231244786	-0.0570747661	0.0470759776	0.14677966999999995
0.0097218466	-0.0803312895	-0.0286270917	0.0735941614	0.0459468144	-0.0627809927	-0.0607217553	0.141877	0.111597	-0.0119718	-0.00419228	8.55592e-05	0.00132875	-0.107179884	0.0540905559	-0.0042802389	0.0560875527	-0.007282753	0.0666689391	0.14210543999999994
0.0088416023	-0.080726848	-0.0261197739	0.0751363666	0.0422014006	-0.0661038941	-0.05634978440000001	0.155172	0.220228	0.0357277	-0.00496399	-0.000120039	0.00128025	-0.0184893829	-0.0962243922	0.0690779081	0.0180390719	-0.0263482877	0.0329334006	0.22091591
0.0079603416	-0.0810852849	-0.0235854328	0.0765403846	0.0383347241	-0.0691533037	-0.0516605288	0.154882	0.136243	-0.0713773	-0.00468252	-0.000250136	0.00120003	-0.0795633987	0.0270257933	-0.012583736399999998	-0.1016609076	-0.04328572940000002	0.023618714	0.21596935
0.0070781657	-0.0814064355	-0.0210266903	0.077803633	0.0343578954	-0.0719166052	-0.0466803921	0.15651099999999998	0.200897	0.035789800000000004	-0.00508752	0.000204467	0.00137247	-0.0267656187	-0.006784012	0.1268473148	0.0482728109	-0.1088265285	-0.0276585428	0.22505225
0.0061951761	-0.0816901521	-0.0184461937	0.0789237887	0.0302823417	-0.0743823661	-0.0414374156	0.156222	0.171176	0.00158631	-0.00505108	0.000128573	0.00137949	-0.0018530227	-0.0625263299	-0.0464949942	-0.0739027468	-0.0128351753	-0.004283959	0.07018118999999998
0.0053114742	-0.0819363041	-0.0158466129	0.0798987914	0.0261197739	-0.0765403846	-0.0359611205	0.149818	0.172777	0.0030045000000000002	-0.00551657	-0.00036962199999999995	0.00121446	-0.0073540651	0.0302628831	0.1427666825	-0.0396468463	-0.0634398908	0.0104992769	0.06585893999999996
0.0044271617	-0.0821447785	-0.0132306372	0.080726848	0.0218821528	-0.0783817324	-0.0302823417	0.15475799999999998	0.193473	-0.0314247	-0.0052994	-5.50527e-05	0.00114348	0.031608605	0.0093888009	-0.0356818254	0.0650696375	-0.0503809758	0.0209159303	0.090201165
0.0035423403000000007	-0.0823154793	-0.0106009733	0.0814064355	0.0175816548	-0.0798987914	-0.0244330544	0.157336	0.160298	0.0408232	-0.00496914	-0.00027456700000000003	0.00129688	0.0788738277	-0.0393895389	0.0927688611	-0.018652291100000003	0.0055912786	0.0733475841	0.143159615
0.0026571115999999995	-0.0824483281	-0.0079603416	0.0819363041	0.0132306372	-0.0810852849	-0.0184461937	0.17485599999999998	0.218523	-0.0233236	-0.00520619	-7.58161e-05	0.00135725	0.045742931	0.0924524797	-0.0596349132	0.0212739693	0.0210610973	0.0718510878	0.164700345
0.0017715775	-0.0825432638	-0.0053114742	0.0823154793	0.0088416023	-0.0819363041	-0.0123554694	0.15043099999999998	0.143086	0.0290781	-0.00441002	5.1631999999999996e-05	0.00145956	0.0279951542	-0.0034008943	-0.0050784808	0.0246152473	-0.0281302267	0.0753542874	0.203560105
0.0008858397	-0.0826002426	-0.0026571115999999995	0.0825432638	0.0044271617	-0.0824483281	-0.0061951761	0.159807	0.24739	-0.000605666	-0.00565414	-0.000121109	0.0012072	-0.0063096983	-0.0587999921	-0.08935207710000001	-0.08720029189999999	-0.0137982665	-0.0206983656	0.22682481600000004
0.0	-0.0826192385	-0.0	0.0826192385	0.0	-0.0826192385	-0.0	0.15806099999999998	0.14057	0.00561952	-0.00476869	-0.00010967899999999999	0.00143885	-0.0372975876	0.037477951	0.0805597818	-0.0311013882	-0.052361768200000006	0.0156744137	0.171217686
-0.0008858397	-0.0826002426	0.0026571115999999995	0.0825432638	-0.0044271617	-0.0824483281	0.0061951761	0.165122	0.22563699999999998	0.0403185	-0.00587385	-3.46751e-05	0.00148909	0.0668802141	0.0067485564	-0.0119406953	0.0309138237	-0.08994529609999999	-0.1167980405	0.188347175
-0.0017715775	-0.0825432638	0.0053114742	0.0823154793	-0.0088416023	-0.0819363041	0.0123554694	0.165089	0.151583	0.0166584	-0.00475104	-0.000324533	0.00184253	0.0446051622	-0.0979037651	-0.06683790440000001	-0.0128989365	-0.0038155173	-0.00409329	0.186052495
-0.0026571115999999995	-0.0824483281	0.0079603416	0.0819363041	-0.0132306372	-0.0810852849	0.0184461937	0.16449	0.239837	-0.00228889	-0.00551071	-0.00030178400000000004	0.00136403	0.0151481216	0.0160029312	-0.0106586009	-0.0401584333	0.0541622162	0.0200358864	0.17084624000000007
-0.0035423403000000007	-0.0823154793	0.0106009733	0.0814064355	-0.0175816548	-0.0798987914	0.0244330544	0.16479100000000002	0.161247	0.02932	-0.00489287	-0.000171919	0.00139601	-0.008024774699999999	0.0278268098	0.0100128321	0.08451750039999999	0.0004103665	0.0069035635	0.14948414
-0.0044271617	-0.0821447785	0.0132306372	0.080726848	-0.0218821528	-0.0783817324	0.0302823417	0.155521	0.253133	0.0663011	-0.00660996	-0.0007730089999999997	0.00165198	0.0445002884	-0.1014629449	0.0052401402	0.0079427777	0.0102936714	-0.0724146007	0.2668446
-0.0053114742	-0.0819363041	0.0158466129	0.0798987914	-0.0261197739	-0.0765403846	0.0359611205	0.17352	0.16027	-0.0368594	-0.00560044	-0.000912332	0.00141949	-0.0354835213	0.0315057892	0.0268736349	-0.050409748600000005	-0.0106283996	0.0027695709	0.28308915
-0.0061951761	-0.0816901521	0.0184461937	0.0789237887	-0.0302823417	-0.0743823661	0.0414374156	0.174034	0.22147199999999997	0.0473967	-0.00561013	-0.0006047	0.00143291	0.0667852117	0.0150860124	0.1202700734	0.0712899566	-0.06990254480000001	-0.0068087427	0.16250920000000002
-0.0070781657	-0.0814064355	0.0210266903	0.077803633	-0.0343578954	-0.0719166052	0.0466803921	0.188354	0.15883599999999998	-0.0109464	-0.00474627	-0.00037553099999999997	0.00145459	0.114851064	0.015873918100000002	-0.0675099373	-0.0780001258	-0.0392873128	0.0124230318	0.19103455
-0.0079603416	-0.0810852849	0.0235854328	0.0765403846	-0.0383347241	-0.0691533037	0.0516605288	0.161215	0.19338699999999998	0.0456094	-0.00608565	-0.0006155819999999999	0.00145982	0.0734350875	0.0588755055	0.0183810156	0.033353475	0.0218331962	-0.0361452763	0.19747885
-0.0088416023	-0.080726848	0.0261197739	0.0751363666	-0.0422014006	-0.0661038941	0.05634978440000001	0.178732	0.215952	-0.0320871	-0.00648696	-0.000987364	0.0014972000000000002	-0.024743672400000003	0.0960950865	-0.0569902244	0.0597848211	0.0823788175	0.0363620652	0.15830210000000006
-0.0097218466	-0.0803312895	0.0286270917	0.0735941614	-0.0459468144	-0.0627809927	0.0607217553	0.173381	0.190419	0.0564706	-0.00647997	-0.0007790199999999997	0.00134322	0.002264983	0.0997557565	0.0907994741	0.0646891267	-0.0345996654	0.0100182717	0.13790739999999999
-0.0106009733	-0.0798987914	0.0311047922	0.0719166052	-0.0495602034	-0.0591983473	0.06475182480000001	0.175627	0.240405	0.00651534	-0.00647855	-0.0006264959999999999	0.00142902	0.07444969679999999	-0.0569474358	-0.0358480919	0.0178511978	-0.0333877281	-0.0793148983	0.11417446000000002
-0.0114788812	-0.0794295525	0.0335503118	0.0701067834	-0.0530311845	-0.0553707806	0.0684173009	0.173513	0.168846	0.05650230000000001	-0.00547455	-0.0008038579999999999	0.0016979199999999995	0.0496937333	-0.0720166139	0.0124990369	0.0201547162	0.0462506429	0.0498164479	0.19617306
-0.0123554694	-0.0789237887	0.0359611205	0.06816802450000001	-0.05634978440000001	-0.0513141282	0.0716975448	0.161677	0.235869	0.0353661	-0.00622098	-0.0007995609999999997	0.00143326	0.0004509043	-0.0163295359	-0.0562195282	-0.0482357475	0.1498411648	-0.0153157999	0.15076455
-0.0132306372	-0.0783817324	0.0383347241	0.0661038941	-0.0595064671	-0.0470451738	0.0745740866	0.174286	0.157881	0.0195175	-0.00596537	-0.000582853	0.00172328	-0.1111365856	0.0347952431	0.0462561069	-0.0792757332	0.0563217592	-0.0421872188	0.14456249999999998
-0.014104284	-0.077803633	0.0406686668	0.0639181885	-0.0624921622	-0.0425815792	0.0770307297	0.18079	0.239473	0.0671237	-0.0069199	-0.000444069	0.00121533	-0.0547941596	-0.022891503	0.0353360315	0.0268411054	-0.0346931074	-0.17047540530000002	0.2157654
-0.0149763093	-0.0771897563	0.042960534	0.0616149276	-0.0652982905	-0.0379418119	0.0790536414	0.169106	0.150007	0.029457599999999997	-0.00566121	-0.00013770600000000005	0.00136947	-0.0232388342	-0.0758984918	-0.0791878056	-0.0208385204	0.0602614497	-0.08615295029999999	0.22477575
-0.0158466129	-0.0765403846	0.0452079546	0.0591983473	-0.0679167887	-0.0331450678	0.0806314317	0.158165	0.20819000000000001	0.047663300000000006	-0.0071179	-0.00042761199999999996	0.00140998	-0.02884588	-0.0202241036	0.0802413892	-0.0333322167	0.0245726191	-0.0498134776	0.17668499999999998
-0.0167150947	-0.0758558164	0.0474086033	0.05667289230000001	-0.0703401329	-0.0282111925	0.0817552165	0.18288900000000002	0.244968	0.0091987	-0.00713064	-0.0008531560000000001	0.00128843	-0.0184036282	0.0755096044	0.008200067	0.0439818587	0.0699550383	0.0096282512	0.12795829999999994
-0.0175816548	-0.0751363666	0.0495602034	0.0540432071	-0.0725613598	-0.023160599	0.0824186682	0.187229	0.171862	0.0625668	-0.00551124	-0.000455431	0.00161717	0.0809172485	0.0034485256	0.146740916	0.0659127568	-0.0243485854	0.0751313735	0.2481073500000001
-0.0184461937	-0.0743823661	0.0516605288	0.0513141282	-0.0745740866	-0.018014183200000002	0.0826180512	0.171766	0.251211	0.0409968	-0.00571689	-0.00023275299999999999	0.0013732999999999998	0.135055076	-0.0119551023	-0.0415033053	-0.0483128075	0.0161001104	0.0271409753	0.14999189999999998
-0.019308612	-0.0735941614	0.0537074066	0.0484906747	-0.0763725302	-0.0127932372	0.0823522428	0.177625	0.155832	0.0150329	-0.00525985	-0.000520794	0.00184252	0.0539786103	-0.0378002581	-0.035117008	-0.0554858462	0.0516182374	0.025893731	0.18791695
-0.0201688105	-0.07277211509999999	0.0556987191	0.0455780395	-0.0779515227	-0.0075193617	0.08162273980000001	0.180265	0.250757	0.07945589999999997	-0.00703503	-0.000654895	0.00184252	-0.0234237692	-0.0272377358	-0.0263336696	0.0194702402	0.1892229034	0.0010564162	0.25745205000000004
-0.0210266903	-0.0719166052	0.05763240610000001	0.0425815792	-0.079306527	-0.0022143764	0.0804336496	0.188549	0.162182	-0.018965799999999998	-0.00630919	-0.000216645	0.00160388	-0.1373576198	-0.0183882777	-0.0098708612	-0.1024907287	0.051049248	-0.0608445139	0.2654172
-0.0218821528	-0.0710280251	0.0595064671	0.039506804900000005	-0.0804336496	0.0030997705	0.0787916676	0.182005	0.201709	0.0599318	-0.00645071	-0.000610111	0.00144879	-0.0493346517	0.042900439500000005	0.1176590849	0.0069346423	-0.083399848	-0.1356808582	0.1594724
-0.0227350996	-0.0701067834	0.061318963	0.0363593716	-0.0813296518	0.0084010927	0.0767060391	0.17946800000000002	0.234042	0.032953500000000004	-0.00697288	-0.000705949	0.00140325	0.0260580623	0.0915021187	-0.005552226899999999	0.1013475395	0.0030421284000000004	-0.061479379	0.09502569999999999
-0.0235854328	-0.0691533037	0.0630680188	0.0331450678	-0.081991959	0.013667657	0.0741885076	0.173374	0.179749	0.0665316	-0.00562939	-0.00022202099999999998	0.00142823	0.1009491405	0.0397370121	0.0977348742	0.0450261991	-0.0057370274	0.0852745558	0.186585
-0.0244330544	-0.06816802450000001	0.06475182480000001	0.0298698051	-0.0824186682	0.0188776742	0.0712532484	0.165516	0.25249299999999997	0.053030799999999996	-0.006622399999999999	-0.000317131	0.00142666	0.1469214355	0.0115736965	0.0261648434	-0.0587062089	-0.0478729203	-0.032249657	0.14858730000000006
-0.0252778672	-0.0671513987	0.06636863900000001	0.0265396073	-0.0826085531	0.0240095886	0.0679167887	0.170898	0.15091099999999996	0.039693599999999996	-0.00512082	-0.00029003	0.00165584	0.1007384904	-0.0417697852	-0.0350126247	0.0269385504	0.0518463678	0.0241021807	0.20819425
-0.0261197739	-0.0661038941	0.0679167887	0.023160599	-0.0825610682	0.0290421682	0.064197915	0.162214	0.24766100000000002	0.0613687	-0.0055045	-0.000381176	0.00151361	0.0346969047	0.0185922946	-0.0396809231	-0.0456314445	0.13689721230000002	0.0322908022	0.1579619
-0.0269586778	-0.0650259921	0.0693946722	0.0197389949	-0.08227635	0.0339545915	0.0601175669	0.172835	0.174764	-0.020843	-0.00504214	-0.00047019900000000003	0.00141375	-0.08761788570000001	-0.0588807151	-0.0544872863	-0.1142000637	0.0655487701	-0.0615417637	0.19829185
-0.0277944824	-0.0639181885	0.0708007604	0.0162810877	-0.0817552165	0.0387265345	0.0556987191	0.172978	0.199399	0.0634063	-0.00590581	-0.00025436	0.00167223	-0.0833045202	-0.0223269533	0.0361818188	-0.0016037466	-0.010088795	-0.0989152463	0.17592675
-0.0286270917	-0.0627809927	0.0721335987	0.0127932372	-0.08099916509999999	0.04333825400000002	0.0509662528	0.164485	0.205556	-0.011528700000000001	-0.00625785	-0.000281041	0.0016385000000000002	-0.0687131205	0.0479296026	-0.092271228	0.096757872	0.0609296657	-0.031404785299999995	0.11020755
-0.0294564099	-0.0616149276	0.073391808	0.0092818579	-0.0800103684	0.0477706702	0.0459468144	0.169569	0.12392	0.049693	-0.00491925	-0.000314428	0.00192877	0.052659687	-0.0527668675	0.0092346908	0.0433527189	-0.0129761129	0.0332278898	0.23105455
-0.0302823417	-0.06042052940000001	0.0745740866	0.005753407800000001	-0.0787916676	0.0520054446	0.0406686668	0.179547	0.239159	0.0190272	-0.005816600000000001	-0.00037985	0.00207589	0.0570289805	0.0748707296	-0.0777237883	-0.0350612885	0.0573289101	0.0264614663	0.2113774
-0.0311047922	-0.0591983473	0.07567921150000001	0.0022143764	-0.0773465645	0.0560250569	0.0351615291	0.189804	0.142533	-0.00990101	-0.00474513	-0.0004445880000000001	0.00225863	-0.0547936084	0.0924974484	-0.0508654955	-0.0189361093	-0.0130293096	0.0227684519	0.20175861
-0.0319236667	-0.0579489435	0.0767060391	-0.0013287276999999998	-0.07567921150000001	0.0598128765	0.0294564099	0.179145	0.207788	0.0452599	-0.00537293	-0.000788188	0.00215768	-0.08696198640000001	0.0259516432	-0.0484630812	0.065709417	-0.0274344466	-0.0737972754	0.18469241
-0.0327388711	-0.05667289230000001	0.0776535072	-0.004869388	-0.0737943996	0.0633532322	0.0235854328	0.18016300000000002	0.223152	0.056561300000000016	-0.00481886	-0.000523303	0.00258298	-0.078773208	-0.1112165382	-0.0703270519	0.0972588388	-0.017587395	0.0162950809	0.08989614999999995
-0.0335503118	-0.0553707806	0.0785206355	-0.0084010927	-0.0716975448	0.06663147650000001	0.0175816548	0.222229	0.163655	0.0179738	-0.00437531	-0.00158581	0.00298741	-0.1156433782	0.0551748669	0.0133034308	-0.08661097539999997	-0.0760921374	0.0147578706	0.23567485
-0.0343578954	-0.0540432071	0.079306527	-0.0119173466	-0.0693946722	0.06963404620000001	0.0114788812	0.21908200000000005	0.21622600000000008	0.0545755	-0.00502811	-0.00123892	0.0029428	-0.0285979626	-0.0222514434	-0.0113376406	0.0376631844	-0.1060973684	-0.04586592900000002	0.14453470000000002
-0.0351615291	-0.0526907823	0.0800103684	-0.0154116826	-0.0668923989	0.07234851889999999	0.0053114742	0.22735	0.16556500000000002	-0.00473358	-0.00404074	-0.0013985	0.00298766	-0.0334930225	-0.0117149083	-0.0766418889	-0.0786311597	-0.0949959717	-0.0111847731	0.17782858
-0.0359611205	-0.0513141282	0.0806314317	-0.0188776742	-0.064197915	0.0747636639	-0.0008858397	0.21182600000000001	0.22806700000000002	0.0510437	-0.00489254	-0.00116344	0.00320139	-0.05778340780000001	0.0472036201	-0.0016105554999999998	0.0244025637	-0.0676819602	-0.0121384032	0.19883278
-0.0367565777	-0.0499138777	0.0811690742	-0.022308946800000003	-0.061318963	0.076869489	-0.0070781657	0.221516	0.16286	0.029666500000000002	-0.00394727	-0.00103504	0.00326524	-0.0509673166	-0.0979782987	-0.105716196	0.0374546918	-0.0560484642	0.0027757296000000004	0.15315020000000001
-0.0375478092	-0.0484906747	0.08162273980000001	-0.0256991899	-0.0582638153	0.0786572819	-0.0132306372	0.217244	0.21140799999999998	0.061107	-0.00503838	-0.0013235	0.00313861	-0.0870242768	-0.0350222043	0.0910223872	-0.0488035025	-0.0400141788	0.0196092625	0.1595705
-0.0383347241	-0.0470451738	0.081991959	-0.0290421682	-0.0550412506	0.0801196458	-0.019308612	0.21356	0.206447	0.0133193	-0.00492143	-0.00148273	0.00290853	-0.101275487	0.0285661854	-0.0386145015	0.0555261734	0.02199799	0.054730805	0.08174570000000002
-0.0391172318	-0.0455780395	0.08227635	-0.0323317335	-0.0516605288	0.0812505306	-0.0252778672	0.18274400000000002	0.167349	0.0690501	-0.00482744	-0.00056118	0.00276991	-0.055389544000000006	-0.1028006334	0.1468576729	0.046308866	-0.0061066953	0.12768684519999998	0.18335279999999998
-0.0398952426	-0.044089946500000005	0.08247561839999999	-0.035561835800000004	-0.0481313641	0.0820452574	-0.0311047922	0.198392	0.20855300000000002	0.051983400000000006	-0.00601809	-0.0010494000000000002	0.00253589	0.0033932732	-0.0554488403	0.0241628469	-0.0697991102	0.070048896	0.0428132091	0.16956320000000008
-0.0406686668	-0.0425815792	0.0825895581	-0.0387265345	-0.0444638974	0.0825005382	-0.0367565777	0.196553	0.141093	0.0646748	-0.00511376	-0.0011748100000000005	0.00261482	0.0236763705	0.0765203438	0.1216047208	-0.0229732472	-0.0566114322	0.0773804362	0.13742390000000002
-0.0414374156	-0.0410536312	0.0826180512	-0.0418200091	-0.0406686668	0.0826144894	-0.0422014006	0.193944	0.241488	0.051284199999999995	-0.00539029	-0.00088562	0.00251064	0.15765219460000002	0.0485227536	0.0210316298	0.031242351	-0.06531301639999999	0.0083539941	0.14988959999999998
-0.0422014006	-0.039506804900000005	0.0825610682	-0.0448365703	-0.0367565777	0.0823866395	-0.0474086033	0.197209	0.150057	0.0430348	-0.00507722	-0.00120843	0.00274699	0.1876983302	-0.0104102568	-0.038180401	0.0002662186	-0.0099999094	0.0441276405	0.14655689999999996
-0.042960534	-0.0379418119	0.0824186682	-0.0477706702	-0.0327388711	0.0818179311	-0.0523488658	0.203379	0.22120599999999999	0.037949300000000005	-0.00494382	-0.0013674300000000006	0.00301967	0.1238786568	0.078717447	-0.0592887433	-0.0319467925	0.0987028192	0.0415483671	0.11065850000000003
-0.0437147285	-0.0363593716	0.0821909983	-0.0506169125	-0.0286270917	0.0809107173	-0.056994371399999987	0.22183899999999998	0.16183599999999998	0.0593515	-0.00449791	-0.00169545	0.00318185	0.0014783331	0.0925427518	-0.0102039774	0.0034346958	0.0311878179	0.0573611717	0.14603770000000002
-0.0444638974	-0.0347602118	0.0818782943	-0.0533700625	-0.0244330544	0.0796687514	-0.061318963	0.21213600000000002	0.231269	0.052674599999999995	-0.0045705	-0.00125952	0.00305073	-0.0100213178	-0.0226593011	-0.1058629826	0.0440246697	-0.0813136201	-0.0655111595	0.11779489999999998
-0.0452079546	-0.0331450678	0.0814808795	-0.0560250569	-0.0201688105	0.0780971719	-0.0652982905	0.21777600000000005	0.153646	0.06690039999999997	-0.00436823	-0.00125952	0.00352313	-0.0506247156	-0.0992889363	-0.0300131591	-0.0419821625	-0.023863327200000003	-0.0217602538	0.1312223
-0.0459468144	-0.0315146823	0.08099916509999999	-0.0585770125	-0.0158466129	0.0762024808	-0.0689099476	0.209632	0.22912600000000002	0.06573179999999999	-0.0051284	-0.00125952	0.00326961	-0.08559123380000001	0.0160211871	-0.0087325903	0.029408936	0.0583444186	0.0200842639	0.13547709999999996
-0.0466803921	-0.0298698051	0.0804336496	-0.0610212361	-0.0114788812	0.07399251700000001	-0.0721335987	0.210402	0.148636	0.0670537	-0.00449336	-0.00135755	0.0032485	-0.1070931969	-0.0556769167	0.0275968498	0.1049355646	0.0117312127	0.08182147	0.12029089999999998
-0.0474086033	-0.0282111925	0.079784918	-0.0633532322	-0.0070781657	0.0714764238	-0.0749510924	0.218281	0.223675	0.051909699999999996	-0.00503598	-0.00148482	0.00315275	0.0027936692	-0.0171043505	0.0615328872	-0.0274049887	0.0520189859	0.0414900448	0.136344
-0.0481313641	-0.0265396073	0.0790536414	-0.0655687121	-0.0026571115999999995	0.068664611	-0.0773465645	0.223072	0.139895	0.0611225	-0.00443051	-0.00129423	0.00345785	0.0224824125	0.0482641759	0.0166679092	0.037750423	0.0094305159	0.0754848513	0.15284179999999994
-0.048848591600000005	-0.024855818	0.0782405765	-0.06766360099999999	0.0017715775	0.0655687121	-0.079306527	0.222545	0.23579099999999997	0.0760546	-0.00488284	-0.0012715300000000005	0.00328441	0.0781319954	-0.0711920768	0.0233839303	-0.0235549371	-0.0193817476	-0.0389101892	0.14377860000000006
-0.0495602034	-0.023160599	0.0773465645	-0.06963404620000001	0.0061951761	0.0622015356	-0.0808199441	0.233465	0.149276	0.0490661	-0.00432629	-0.00154061	0.00349456	-0.0205313259	0.0420330147	-0.0259953244	-0.0905231698	-0.0478666893	0.0030723951	0.1762125
-0.0502661174	-0.0214547298	0.0763725302	-0.0714764238	0.0106009733	0.0585770125	-0.0818782943	0.239179	0.20777800000000002	0.13823800000000006	-0.00612139	-0.00171923	0.00355101	-0.0203141235	0.0276025737	0.1127782017	0.0723271974	0.0149322844	-0.0747032877	0.25489639999999997
-0.0509662528	-0.0197389949	0.0753194814	-0.07318734519999999	0.0149763093	0.0547101387	-0.08247561839999999	0.224404	0.204012	0.08756030000000001	-0.00643517	-0.0017370999999999999	0.0028595	0.0239371985	-0.0963378427	0.0431683902	0.0260645614	0.0527720683	-0.051616529800000005	0.12037669999999998
-0.0516605288	-0.018014183200000002	0.0741885076	-0.0747636639	0.019308612	0.0506169125	-0.0826085531	0.21156	0.169452	0.10494300000000001	-0.00584796	-0.0018674	0.00309032	0.065451528	-0.0568959993	0.1129734922	-0.0307051493	-0.0008168566999999999	0.043586556	0.11220319999999996
-0.0523488658	-0.0162810877	0.0729807789	-0.0762024808	0.0235854328	0.0463142688	-0.08227635	0.21938400000000002	0.241461	0.0631829	-0.00627188	-0.00173135	0.00290217	0.1098297675	0.0238166846	0.0433237899	-0.0396728302	0.082514567	0.0383371158	0.15899909999999998
-0.0530311845	-0.0145405056	0.0716975448	-0.0775011496	0.0277944824	0.0418200091	-0.0814808795	0.221054	0.141455	0.0743158	-0.0052537	-0.0015930999999999999	0.00315709	0.0905497715	0.1186799916	0.0242309766	-0.047577699	-0.0138313736	-0.0310396289	0.1833764
-0.0537074066	-0.0127932372	0.0703401329	-0.0786572819	0.0319236667	0.0371527273	-0.08022662059999999	0.217723	0.29834499999999997	0.09125470000000001	-0.00596051	-0.0015210999999999998	0.00342666	0.0993522718	0.015057798999999997	0.0225686065	0.0461055133	0.0123799184	-0.17437887559999998	0.22957889999999997
-0.0543774543	-0.0110400859	0.0689099476	-0.0796687514	0.0359611205	0.0323317335	-0.0785206355	0.275765	0.101132	0.013739500000000005	-0.00246329	-0.00159026	0.0042257	0.0608495998	0.0027239075	-0.1217962333	0.0259370871	-0.0251049742	0.0474816542	0.5510411999999999
-0.0550412506	-0.0092818579	0.06740846860000001	-0.0805336979	0.0398952426	0.0273769736	-0.0763725302	0.262374	0.08312569999999997	-0.0170106	-0.00228755	-0.00154192	0.00417062	0.0518004672	0.0685428423	-0.1107337071	0.0420685531	-0.115937861	0.0642531272	0.07610539999999998
-0.0556987191	-0.0075193617	0.0658372492	-0.0812505306	0.0437147285	0.022308946800000003	-0.0737943996	0.27525900000000003	0.208193	-0.00446084	-0.00367664	-0.00165331	0.004103	0.0935497798	0.0393985093	-0.1189528626	-0.0428336782	-0.0028756757	0.0598532668	0.22890706
-0.05634978440000001	-0.005753407800000001	0.064197915	-0.0818179311	0.0474086033	0.017148621200000002	-0.0708007604	0.275958	0.13019900000000004	0.0239602	-0.00296963	-0.00164452	0.00447565	0.0062200497	0.0816359356	-0.0313694495	0.026172021200000003	-0.0407678252	0.1133395598	0.16153654000000006
-0.056994371399999987	-0.0039848083	0.0624921622	-0.0822348559	0.0509662528	0.0119173466	-0.06740846860000001	0.27565700000000004	0.24937600000000001	0.00671149	-0.0038588999999999997	-0.00171117	0.00438887	-0.0022258958	-0.0778109525	-0.0510401836	-0.0527853412	-0.0365723719	-0.0118335193	0.18886171
-0.05763240610000001	-0.0022143764	0.0607217553	-0.0825005382	0.0543774543	0.0066367663	-0.0636366248	0.24889699999999998	0.151362	0.0212449	-0.0035238	-0.002203	0.00416407	-0.1210000855	0.0188553015	-0.0753825714	-0.07889345769999999	-0.0185003076	0.0322895446	0.19189391
-0.0582638153	-0.0004429262	0.0588885262	-0.0826144894	0.05763240610000001	0.0013287276999999998	-0.0595064671	0.253276	0.269405	0.047016	-0.00383815	-0.0019428000000000002	0.00443073	-0.08400016980000001	-0.0567126425	-0.0136031652	0.0354778311	-0.0230145622	-0.044104097300000006	0.1902536
-0.0588885262	0.0013287276999999998	0.056994371399999987	-0.08257649980000001	0.0607217553	-0.0039848083	-0.0550412506	0.247585	0.17094600000000001	0.0462815	-0.00328115	-0.00181257	0.00436385	-0.0736751757	-0.1076512082	-0.0812034083	-0.0180029927	0.035273995499999995	0.048169935199999986	0.14259000000000002
-0.0595064671	0.0030997705	0.0550412506	-0.0823866395	0.0636366248	-0.0092818579	-0.0502661174	0.244704	0.235796	0.13284100000000001	-0.00449967	-0.00190378	0.00462712	-0.0519001834	-0.1241507627	0.1147564895	-0.0133534804	0.0544638512	0.0268565121	0.23294050000000002
-0.0601175669	0.004869388	0.0530311845	-0.0820452574	0.06636863900000001	-0.0145405056	-0.0452079546	0.255664	0.19041	0.036231099999999995	-0.00408601	-0.00198462	0.00401447	-0.08935731599999999	-0.0685929877	0.0143708033	-0.1021549843	0.07987534660000001	0.0374880479	0.2083134
-0.0607217553	0.0066367663	0.0509662528	-0.0815529816	0.0689099476	-0.0197389949	-0.0398952426	0.24452	0.141746	0.05972869999999999	-0.00466543	-0.00174169	0.00358725	-0.0211174005	-0.0309737463	0.1296907095	-0.0255439653	-0.0259417634	-0.024711629900000004	0.14578409999999994
-0.061318963	0.0084010927	0.048848591600000005	-0.0809107173	0.0712532484	-0.024855818	-0.0343578954	0.23983200000000002	0.228368	0.0645009	-0.00531263	-0.00181906	0.00379698	0.0479923436	0.0246770953	0.0392987198	-0.0024849593	-0.0191087197	-0.0425232742	0.1427972
-0.0619091212	0.010161556	0.0466803921	-0.0801196458	0.073391808	-0.0298698051	-0.0286270917	0.237875	0.146302	0.051208900000000016	-0.00462768	-0.00148599	0.00354841	0.0299653212	0.0354976422	0.0745447727	-0.0313448067	-0.0621508567	-0.0358048246	0.1606444999999999
-0.0624921622	0.0119173466	0.0444638974	-0.0791812221	0.0753194814	-0.0347602118	-0.0227350996	0.23403000000000002	0.204784	0.09647069999999999	-0.00480909	-0.00147937	0.00359573	0.0827659867	0.017454721200000002	0.0552528309	-0.022050374700000003	-0.0562953421	-0.0939186501	0.11935630000000005
-0.0630680188	0.013667657	0.0422014006	-0.0780971719	0.0770307297	-0.039506804900000005	-0.0167150947	0.219908	0.20769200000000002	0.0525245	-0.00451787	-0.00142116	0.00337827	0.0146044371	0.0662799246	-0.0088667511	0.008015602	0.029474906	-0.0498210693	0.0893207
-0.0636366248	0.0154116826	0.0398952426	-0.076869489	0.0785206355	-0.044089946500000005	-0.0106009733	0.21769499999999997	0.152495	0.07522049999999998	-0.00379336	-0.00119157	0.00327919	-0.0322798629	0.0473762619	0.0410975435	-0.0182341554	-0.0259038698	-0.1089797975	0.13276500000000002
-0.064197915	0.017148621200000002	0.0375478092	-0.0755004314	0.079784918	-0.0484906747	-0.0044271617	0.214092	0.254228	0.0805125	-0.00489986	-0.00134015	0.00310812	-0.0598656195	0.0259660206	-0.0119084143	0.1037769061	0.0160301165	-0.16319771789999998	0.1819355
-0.06475182480000001	0.0188776742	0.0351615291	-0.07399251700000001	0.0808199441	-0.0526907823	0.0017715775	0.225068	0.15927	0.0959643	-0.00395215	-0.00106425	0.00330917	-0.1099710406	0.07178553139999999	-0.0244692111	0.04858301860000002	0.055898967300000005	-0.0245833132	0.19261880000000006
-0.0652982905	0.0205980464	0.0327388711	-0.07234851889999999	0.08162273980000001	-0.05667289230000001	0.0079603416	0.217102	0.209358	0.12521300000000002	-0.00448177	-0.00136397	0.00319782	-0.0595234705	-0.0019837412	0.0660358695	-0.0141678645	-0.0809324578	-0.1579154755	0.13433720000000002
-0.0658372492	0.022308946800000003	0.0302823417	-0.0705714608	0.0821909983	-0.06042052940000001	0.014104284	0.21358000000000002	0.223	0.08647339999999999	-0.0047903	-0.00125566	0.00300341	-0.0925254273	0.0244569133	-0.052313507	0.0695772155	0.035421660099999995	-0.07225897860000001	0.08646609999999998
-0.06636863900000001	0.0240095886	0.0277944824	-0.068664611	0.0825230869	-0.0639181885	0.0201688105	0.214302	0.16472799999999999	0.116317	-0.00442465	-0.000984683	0.0031598000000000004	-0.044817884	0.0028893628	0.0909432863	0.1186106828	0.032094715	0.0110349154	0.12848845
-0.0668923989	0.0256991899	0.0252778672	-0.06663147650000001	0.0826180512	-0.0671513987	0.0261197739	0.22082	0.203703	0.08076569999999997	-0.00452805	-0.0010817200000000002	0.00289132	0.0227896215	-0.0543416312	-0.06571625639999999	-0.0439426855	0.0135774323	-0.0048967901	0.10449014999999996
-0.06740846860000001	0.0273769736	0.0227350996	-0.0644757965	0.08247561839999999	-0.0701067834	0.0319236667	0.22136599999999998	0.163641	0.10750499999999999	-0.00490001	-0.0008423860000000001	0.00305984	0.046317324400000005	-0.0467304688	0.027026653	-0.0619439172	0.0525151992	0.0791595736	0.10633800000000004
-0.0679167887	0.0290421682	0.0201688105	-0.0622015356	0.0820961977	-0.07277211509999999	0.0375478092	0.22439099999999998	0.22485	0.07742899999999997	-0.00468847	-0.00101941	0.0030195	0.0050069338	0.0774949134	-0.0698532003	-0.0059897975	0.0939186043	0.08392714130000001	0.11575519999999995
-0.0684173009	0.030694008	0.0175816548	-0.0598128765	0.0814808795	-0.0751363666	0.042960534	0.234805	0.157351	0.114849	-0.00441129	-0.000938173	0.00318504	-0.025434994300000003	0.0578949414	0.08503020720000001	0.0575072386	-0.0106718515	0.0624812458	0.14153085
-0.0689099476	0.0323317335	0.0149763093	-0.0573142124	0.0806314317	-0.0771897563	0.0481313641	0.214428	0.25943099999999997	0.0822751	-0.00451139	-0.000684915	0.00277071	0.0352538618	-0.084955297	-0.06014583	0.0100815002	-0.0094210994	-0.0281082742	0.19341529999999998
-0.0693946722	0.0339545915	0.0123554694	-0.0547101387	0.0795502952	-0.0789237887	0.0530311845	0.234231	0.06271950000000001	0.0179987	-0.00374364	-0.00110476	0.00295705	-0.0075118915	0.0936859141	-9.53332e-05	-0.0893846132	-0.06759879719999999	0.0441577657	0.34948765000000004
-0.0698714189	0.035561835800000004	0.0097218466	-0.0520054446	0.0782405765	-0.0803312895	0.05763240610000001	0.21455100000000002	0.211865	0.061747699999999996	-0.00430857	-0.000818803	0.00252728	0.0634441173	0.0301095969	-0.0572226772	0.0279078348	-0.1024641899	-0.034220131800000005	0.27660735
-0.0703401329	0.0371527273	0.0070781657	-0.0492051046	0.0767060391	-0.0814064355	0.0619091212	0.23563699999999999	0.146003	0.050976	-0.00369597	-0.00080229	0.00307393	0.0831455134	-0.0237964667	-0.046732780300000006	-0.0669833172	-0.0546005579	-0.0055784373	0.15650785000000006
-0.0708007604	0.0387265345	0.0044271617	-0.0463142688	0.0749510924	-0.0821447785	0.0658372492	0.232589	0.249323	0.09136760000000001	-0.00491662	-0.00103996	0.00323257	0.0606359379	0.0505124847	-0.0349633009	0.0263571954	0.021442651200000003	0.0376513672	0.22760760000000005
-0.0712532484	0.0402825336	0.0017715775	-0.04333825400000002	0.0729807789	-0.0825432638	0.0693946722	0.244144	0.16388	0.07748109999999997	-0.00399885	-0.00115075	0.00339565	0.0053909825	-0.0388215657	-0.0610516159	0.0892354995	-0.0172573735	0.0836690046	0.1704665
-0.0716975448	0.0418200091	-0.0008858397	-0.0402825336	0.0708007604	-0.0826002426	0.0725613598	0.253214	0.258817	0.120645	-0.00534548	-0.00144052	0.00340846	-0.0110582595	-0.0427309176	-0.0101678471	-0.0338229549	0.0845372875	0.0218117358	0.22963139999999999
-0.0721335987	0.04333825400000002	-0.0035423403000000007	-0.0371527273	0.0684173009	-0.0823154793	0.0753194814	0.254917	0.187659	0.09640599999999999	-0.00480429	-0.00165614	0.0037254	-0.1020463631	0.0445324793	-0.011401211299999998	-0.0195469069	0.0422976038	0.0259653185	0.1507875
-0.0725613598	0.0448365703	-0.0061951761	-0.0339545915	0.0658372492	-0.0816901521	0.0776535072	0.250672	0.246219	0.112876	-0.00486346	-0.00140615	0.00357303	-0.06889440150000001	-0.0719931218	-0.0145639547	0.0297919938	-0.0327188999	-0.013748778	0.10235149999999996
-0.0729807789	0.0463142688	-0.0088416023	-0.030694008	0.0630680188	-0.080726848	0.0795502952	0.243335	0.12244100000000001	0.125317	-0.00436312	-0.00164611	0.00352613	-0.0387110823	-0.1273830134	0.0007158671000000001	-0.0287371003	0.0244140754	-0.0018868136	0.182916
-0.073391808	0.0477706702	-0.0114788812	-0.0273769736	0.0601175669	-0.0794295525	0.08099916509999999	0.244146	0.22608899999999998	0.113239	-0.00553379	-0.0014597499999999995	0.00336591	-0.00376049	0.0128157808	0.0236881272	-0.0164119864	0.0247783296	0.034426780899999995	0.19239950000000008
-0.0737943996	0.0492051046	-0.014104284	-0.0240095886	0.056994371399999987	-0.077803633	0.081991959	0.24575300000000005	0.136206	0.09354130000000001	-0.00409402	-0.00133889	0.00367827	-0.0240444336	0.0308722478	-0.0324172624	0.0877858021	0.0121844302	0.08459502320000001	0.20483720000000002
-0.0741885076	0.0506169125	-0.0167150947	-0.0205980464	0.0537074066	-0.0758558164	0.0825230869	0.22619099999999998	0.231239	0.154646	-0.00507792	-0.0014872799999999995	0.00360987	0.004547237	-0.06831993900000001	0.0249638555	9.50867e-05	-0.014356356	-0.007066148100000002	0.2357342
-0.0745740866	0.0520054446	-0.019308612	-0.017148621200000002	0.0502661174	-0.0735941614	0.0825895581	0.232525	0.17486400000000002	0.08244329999999997	-0.004748	-0.0015265	0.00342858	-0.0700051218	-0.0584718776	-0.005627929499999999	-0.096277868	-0.0230388989	0.0053278022	0.16243320000000006
-0.0749510924	0.0533700625	-0.0218821528	-0.013667657	0.0466803921	-0.0710280251	0.0821909983	0.22816599999999998	0.228077	0.155503	-0.00590539	-0.0015724	0.00322547	-0.0120842565	0.014182856	0.1501261011	0.0054520802	-0.0485202575	-0.06143475070000001	0.20095170000000004
-0.0753194814	0.0547101387	-0.0244330544	-0.010161556	0.042960534	-0.06816802450000001	0.0813296518	0.236039	0.18851700000000002	0.10313900000000001	-0.00482381	-0.0013483900000000005	0.00341147	0.0502043532	0.0168249247	-0.0240302268	0.083191414	-0.0426981451	0.0295364451	0.17437650000000002
-0.07567921150000001	0.0560250569	-0.0269586778	-0.0066367663	0.0391172318	-0.0650259921	0.0800103684	0.22637100000000002	0.22879000000000002	0.168731	-0.00588929	-0.00139756	0.00336858	0.0975929937	-0.0378104234	0.08291075519999999	0.0215374139	0.0024424605	0.0424340391	0.17340999999999998
-0.0760302412	0.0573142124	-0.0294564099	-0.0030997705	0.0351615291	-0.0616149276	0.0782405765	0.226041	0.202216	0.0857005	-0.00487861	-0.00159317	0.00317734	0.0295492663	-0.0074623996	-0.0502790892	-0.1297086132	0.0145260607	0.0206341739	0.17981099999999994
-0.0763725302	0.0585770125	-0.0319236667	0.0004429262	0.0311047922	-0.0579489435	0.0760302412	0.225367	0.18035	0.15516	-0.00545251	-0.00152736	0.00333993	-0.0113337843	-0.0019398593	0.054875126100000005	-0.0129566053	-0.0287850296	-0.0066566202	0.13211449999999994
-0.0767060391	0.0598128765	-0.0343578954	0.0039848083	0.0269586778	-0.0540432071	0.073391808	0.23069099999999998	0.22891199999999998	0.08943789999999999	-0.00544172	-0.00176341	0.00304641	-0.035231936	0.0527418678	-0.0780002803	0.0981764234	0.0825715144	-0.0132379223	0.1466261
-0.0770307297	0.0610212361	-0.0367565777	0.0075193617	0.0227350996	-0.0499138777	0.0703401329	0.227358	0.154333	0.14181	-0.00511104	-0.00152242	0.00320857	0.0305911809	-0.0169163065	0.0953071328	0.0685991474	0.0161741646	0.06386031889999999	0.1669756
-0.0773465645	0.0622015356	-0.0391172318	0.0110400859	0.0184461937	-0.0455780395	0.0668923989	0.22803299999999999	0.227046	0.08597510000000001	-0.00539586	-0.00146571	0.00319007	0.0665414555	0.0045356817	-0.0743527432	-0.1105178066	0.0212431408	-0.0041909626	0.14722439999999998
-0.0776535072	0.0633532322	-0.0414374156	0.0145405056	0.014104284	-0.0410536312	0.0630680188	0.229998	0.12999000000000002	0.11511600000000001	-0.00520393	-0.00179715	0.00323828	0.028506374700000007	0.0527555304	0.0390615562	-0.0726708838	-0.0341057132	-0.0042240812	0.1567409
-0.0779515227	0.0644757965	-0.0437147285	0.018014183200000002	0.0097218466	-0.0363593716	0.0588885262	0.228338	0.246631	0.09672280000000001	-0.00548259	-0.00136293	0.00315941	0.0247472857	0.0573368643	-0.0890316435	0.048063345999999986	-0.0273948944	-0.08605851519999999	0.1762817
-0.0782405765	0.0655687121	-0.0459468144	0.0214547298	0.0053114742	-0.0315146823	0.0543774543	0.236762	0.151542	0.141484	-0.005035899999999999	-0.00136293	0.00358594	0.0069419339	-0.05165290610000002	0.0167824908	0.07448190959999999	0.0306412414	0.0558652416	0.1919352
-0.0785206355	0.06663147650000001	-0.0481313641	0.024855818	0.0008858397	-0.0265396073	0.0495602034	0.229539	0.250742	0.14898499999999998	-0.005920600000000001	-0.00148051	0.00320169	0.0108024502	-0.0058829773	-0.0502519863	-0.0753349807	0.092645684	-0.0237274877	0.1832505
-0.0787916676	0.06766360099999999	-0.0502661174	0.0282111925	-0.0035423403000000007	-0.0214547298	0.0444638974	0.250693	0.179144	0.127354	-0.0052015	-0.00164113	0.00360541	-0.0795082763	0.0566654426	0.0150224146	-0.04333935480000002	-0.0042171297	0.025967472	0.178555
-0.0790536414	0.068664611	-0.0523488658	0.0315146823	-0.0079603416	-0.0162810877	0.0391172318	0.247152	0.250125	0.167009	-0.00656985	-0.00136293	0.00320802	-0.0067235689	-0.01667603	-0.0353274557	0.0332801947	-0.0280602948	-0.072184834	0.21637399999999998
-0.079306527	0.06963404620000001	-0.0543774543	0.0347602118	-0.0123554694	-0.0110400859	0.0335503118	0.27114	0.166706	0.11035199999999999	-0.00557232	-0.00117568	0.00360599	0.0136452039	-0.0849911902	-0.0185420791	-0.007453364699999999	0.020167049	-0.0357389257	0.2432015
-0.0795502952	0.0705714608	-0.05634978440000001	0.0379418119	-0.0167150947	-0.005753407800000001	0.0277944824	0.258911	0.271321	0.128094	-0.00676032	-0.00175805	0.00318054	0.0235328777	0.0356962776	-0.0030341411	-0.0487866552	0.0361056608	0.0059233172	0.244377
-0.079784918	0.0714764238	-0.0582638153	0.0410536312	-0.0210266903	-0.0004429262	0.0218821528	0.254288	0.155309	0.10688800000000001	-0.00530164	-0.00155142	0.00323691	0.0600969121	0.06558580559999999	0.0521755566	0.0851292202	-0.0139227768	0.0694953239	0.227925
-0.0800103684	0.07234851889999999	-0.0601175669	0.044089946500000005	-0.0252778672	0.004869388	0.0158466129	0.25345100000000004	0.24443600000000001	0.184281	-0.00636248	-0.00139298	0.00338197	0.16912095800000002	0.0122666553	0.08264658150000001	0.026275767	-0.0292832438	0.0166133686	0.2355740000000001
-0.08022662059999999	0.07318734519999999	-0.0619091212	0.0470451738	-0.0294564099	0.010161556	0.0097218466	0.269717	0.173183	0.116922	-0.00557972	-0.00137386	0.0034875999999999996	0.1125260633	0.0270810142	-0.0462223571	-0.1136843284	-0.0046262421000000005	0.0223643715	0.2002535
-0.0804336496	0.07399251700000001	-0.0636366248	0.0499138777	-0.0335503118	0.0154116826	0.0035423403000000007	0.252512	0.215696	0.184239	-0.00608523	-0.00133662	0.00335563	0.0750443603	0.064629465	-0.04913557440000002	0.033544747400000005	0.0336610472	-0.0265503107	0.16077099999999994
-0.0806314317	0.0747636639	-0.0652982905	0.0526907823	-0.0375478092	0.0205980464	-0.0026571115999999995	0.269542	0.202372	0.12428	-0.00525756	-0.00165787	0.00357446	-0.0567245209	0.0516215855	-0.0676652524	0.12843420949999998	0.0784719646	0.027192607	0.15870050000000002
-0.0808199441	0.0755004314	-0.0668923989	0.0553707806	-0.0414374156	0.0256991899	-0.0088416023	0.264404	0.22128299999999998	0.22111599999999998	-0.00658879	-0.00199505	0.00353699	-0.0103877695	-0.0806557801	0.0575739428	0.0808625844	0.0522210082	-0.0634493179	0.20617900000000008
-0.08099916509999999	0.0762024808	-0.0684173009	0.0579489435	-0.0452079546	0.030694008	-0.0149763093	0.269434	0.228392	0.12601700000000002	-0.00601267	-0.0016853599999999995	0.00336486	-0.0556306146	0.1042104574	-0.047408246	-0.032751402	0.0798925207	0.019917134	0.16013500000000006
-0.0811690742	0.076869489	-0.0698714189	0.06042052940000001	-0.048848591600000005	0.035561835800000004	-0.0210266903	0.280237	0.212496	0.210711	-0.00642187	-0.00165011	0.0037122	-0.0558886984	-0.006903100600000001	-0.006151352099999999	0.0569050179	-0.0143949644	0.0034655301	0.1509825
-0.0813296518	0.0775011496	-0.0712532484	0.0627809927	-0.0523488658	0.0402825336	-0.0269586778	0.269818	0.235354	0.14513099999999998	-0.00611372	-0.00165614	0.00346141	-0.0703492828	-0.0066720135	-0.0359196602	-0.0940567201	0.0209614374	-0.0581575143	0.12710550000000004
-0.0814808795	0.0780971719	-0.0725613598	0.0650259921	-0.0556987191	0.0448365703	-0.0327388711	0.26429899999999995	0.185274	0.182884	-0.00577037	-0.00166259	0.00370224	-0.07729501059999999	0.0338918228	0.0488955344	0.0008017126	-0.0147460797	0.0366944086	0.12288349999999998
-0.08162273980000001	0.0786572819	-0.0737943996	0.0671513987	-0.0588885262	0.0492051046	-0.0383347241	0.25209000000000004	0.27109099999999997	0.163303	-0.00646318	-0.00175807	0.00325016	-0.0043771831	-0.0752755547	-0.0243065296	-0.0194353862	-0.012789279099999998	-0.1022372032	0.17962550000000002
-0.0817552165	0.0791812221	-0.0749510924	0.0691533037	-0.0619091212	0.0533700625	-0.0437147285	0.26379400000000003	0.158948	0.176405	-0.00540648	-0.00164273	0.00348407	-0.0556770015	0.06381800559999999	0.022174638	-0.0367047537	-0.042977001900000006	-0.0152912965	0.20724650000000008
-0.0818782943	0.0796687514	-0.0760302412	0.0710280251	-0.06475182480000001	0.0573142124	-0.048848591600000005	0.242853	0.260678	0.20750100000000002	-0.00653276	-0.00164613	0.00340493	0.0007118858	-0.0102007528	-1.94638e-05	0.0128478506	-0.0358591087	-0.1438072183	0.21420799999999998
-0.081991959	0.0801196458	-0.0770307297	0.07277211509999999	-0.06740846860000001	0.0610212361	-0.0537074066	0.274679	0.195796	0.180497	-0.00551129	-0.0009812619999999999	0.00379299	-0.053289962	-0.0601999692	-0.0399444696	0.0414201823	0.0238186677	0.0329686507	0.2274319
-0.0820961977	0.0805336979	-0.0779515227	0.0743823661	-0.0698714189	0.0644757965	-0.0582638153	0.261997	0.191858	0.232579	-0.00656722	-0.00108387	0.00365756	-0.0325744313	-0.0345406379	0.1354732218	0.0113204382	0.0547633524	0.114072519	0.13340040000000006
-0.0821909983	0.0809107173	-0.0787916676	0.0758558164	-0.0721335987	0.06766360099999999	-0.0624921622	0.250161	0.25188	0.194231	-0.00672504	-0.00163847	0.00324722	-0.0146470076	-0.07201627070000001	-0.0045678104	-0.0228288334	0.0499587935	0.06816571910000001	0.16634399999999994
-0.08227635	0.0812505306	-0.0795502952	0.0771897563	-0.0741885076	0.0705714608	-0.06636863900000001	0.253551	0.163936	0.177034	-0.00649142	-0.00151138	0.00324026	0.0248173181	-0.088449924	0.1147654567	-0.0676759916	-0.0039584289	-0.0207397408	0.12691449999999993
-0.0823522428	0.0815529816	-0.08022662059999999	0.0783817324	-0.0760302412	0.07318734519999999	-0.0698714189	0.25152399999999997	0.260056	0.166851	-0.00649142	-0.0013965	0.00313245	0.1385787867	0.0692588925	0.050948705199999986	-0.0251648511	-0.0418467318	-0.0621366365	0.1194645
-0.0824186682	0.0818179311	-0.0808199441	0.0794295525	-0.0776535072	0.0755004314	-0.0729807789	0.265208	0.189149	0.147741	-0.00568368	-0.00159948	0.00364617	0.1234770514	0.1313856553	-0.0615092278	0.0352732537	-0.0538714902	0.0011244129	0.17992299999999994
-0.08247561839999999	0.0820452574	-0.0813296518	0.0803312895	-0.0790536414	0.0775011496	-0.07567921150000001	0.246921	0.23080799999999999	0.200951	-0.00580369	-0.0012499	0.0034717	0.08408574960000001	0.064574063	-0.0249710565	-0.0292333792	-0.1105408579	-0.1190919855	0.145359
-0.0825230869	0.0822348559	-0.0817552165	0.0810852849	-0.08022662059999999	0.0791812221	-0.0779515227	0.266	0.235963	0.14415799999999998	-0.00501884	-0.00115263	0.00344632	-0.0490881781	0.0246873634	-0.0996253911	0.0465062486	-0.0383722774	-0.0554968742	0.126402
-0.0825610682	0.0823866395	-0.0820961977	0.0816901521	-0.0811690742	0.0805336979	-0.079784918	0.260604	0.195613	0.195267	-0.00478259	-0.00124551	0.00361562	-0.092910025	-0.0154356397	0.0187011099	0.0355135136	-0.0533911202	0.0063760159	0.12177650000000001
-0.0825895581	0.0825005382	-0.0823522428	0.0821447785	-0.0818782943	0.0815529816	-0.0811690742	0.240564	0.222771	0.14793299999999998	-0.0043741000000000006	-0.0009558339999999999	0.00327954	-0.081479866	-0.0425519691	-0.0695389308	-0.0412313758	-0.06256511099999999	-0.0013999767	0.14624429999999994
-0.0826085531	0.08257649980000001	-0.0825230869	0.0824483281	-0.0823522428	0.0822348559	-0.0820961977	0.26021700000000003	0.156181	0.186608	-0.00435201	-0.000723016	0.00364899	-0.079098383	-0.1215113922	0.0420710348	-0.0150963482	0.0179224386	0.17877535760000002	0.15613589999999994
-0.0826180512	0.0826144894	-0.0826085531	0.0826002426	-0.0825895581	0.08257649980000001	-0.0825610682	0.244991	0.244247	0.229305	-0.00580384	-0.00130126	0.00355489	0.011179966699999998	-0.0213319091	0.0247162657	-0.0019683547	0.0500882886	0.075219522	0.2521977
