0.0918610248	0.0918549718	0.0918448838	0.0918307613	0.0918126049	-0.0129363	0.07174580000000001	-0.040932300000000005	-0.00134275	-0.000157015	0.000326821	-0.081509758	-0.0705391549	0.0390103275	-0.1661093921	-0.1545506454	0.1563046427	0.0
0.0918448838	0.0917904153	0.0916996582	0.0915726486	0.0914094366	-0.0113597	0.0990109	0.00748371	-0.00195589	-0.00010633700000000001	0.00016512599999999998	-0.0238075106	0.0650305517	-0.026358869	-0.2348078248	-0.216364408	0.1131538405	0.11853336
0.0918126049	0.0916613475	0.0914094366	0.0910571485	0.0906048703	-0.00931341	0.0690578	-0.0331891	-0.00139462	6.33719e-23	0.000292251	0.0424290501	0.1639769789	0.0496292837	0.0324553958	-0.0878741932	0.0211097979	0.11240879999999996
0.0917641935	0.0914678594	0.0909746778	0.0902857102	0.0894024392	-0.012017299999999998	0.104207	0.0456801	-0.00202869	-0.0	0.000280801	0.0465171669	0.0232390609	-0.03272689	0.0235683944	-0.0928469927	0.0348340498	0.14899829
0.0916996582	0.0912100867	0.0903960694	0.0892605018	0.0878074234	-0.0110934	0.06410369999999999	0.008061759999999998	-0.00153605	-0.00013631100000000002	0.000346948	0.0346192373	-0.1068610976	0.0166397181	-0.0084809475	-0.0387018007	-0.020644713	0.11340044
0.0916190104	0.0908882107	0.0896745262	0.087984405	0.08582682679999999	-0.0163408	0.110831	0.04402	-0.00212695	-0.000474817	0.00036443699999999995	-0.0110028777	0.0249895194	-0.0140170817	-0.13501749470000002	-0.0608437321	0.095186819	0.13527768999999998
0.0915222642	0.0905024577	0.0888111892	0.0864610066	0.0834693467	-0.009738	0.060177499999999995	0.0191054	-0.00100787	-0.000391811	0.00039476400000000003	-0.0285211678	0.1249917147	0.1259666543	0.0685984135	-0.0640853074	-0.005923394	0.14379155
0.0914094366	0.09005309859999999	0.0878074234	0.08469458839999999	0.0807453353	-0.010571200000000001	0.130873	0.0588378	-0.00173824	-0.000474817	0.000404745	0.010761073700000002	-0.0296434157	-0.0056972962	0.1040656721	-0.0559959749	0.0707725575	0.15242895
0.0912805474	0.0895404494	0.08666481599999999	0.0826901155	0.0776667542	-0.016293000000000002	0.06075800000000001	0.027405000000000002	-0.0014118	-0.000631486	0.000548358	0.0546780669	-0.1207230827	0.0918687377	0.051629891100000005	-0.0439631688	-0.0452454879	0.1386057
0.0911356193	0.0889648703	0.0853851737	0.0804532217	0.07424712230000001	-0.016582	0.140584	0.0385217	-0.00222302	-0.000707776	0.00044615400000000004	0.0423208467	0.0059124647	-0.015439792	-0.0233846377	0.0877986991	0.17273950629999998	0.1407174
0.0909746778	0.0883267658	0.08397052	0.07799019459999999	0.07050145570000001	-0.00722421	0.06660579999999999	0.0382298	-0.00196896	-0.000771807	0.0006794460000000001	0.014912156	0.1140422947	0.097803021	0.0817600878	-0.0296931963	-0.1278742187	0.11119703999999997
0.0907977511	0.0876265845	0.0824230915	0.07530795700000001	0.0664462025	-0.00705908	0.147056	0.0391266	-0.00265712	-0.00082852	0.000741158	0.0033012089	0.0214395308	-0.0638411269	0.0294729178	0.0106668979	-0.0449956767	0.12184137999999994
0.0906048703	0.0868648184	0.0807453353	0.072414048	0.0620991702	0.00146073	0.0965985	0.0273937	-0.00211193	-0.0008809489999999998	0.0007214010000000001	-0.0253154979	0.0221166079	0.0967978273	0.051134675	-0.0689519417	-0.0531254699	0.10157900999999996
0.0903960694	0.08604200279999999	0.078939904	0.0693166017	0.0574794475	-0.00380995	0.169379	0.0233218	-0.00281067	-0.00107126	0.000738953	0.0116488405	-0.0017447774	-0.0886376765	-0.0004255725	0.0393912076	0.0090758683	0.12745323
0.0901713849	0.08515871609999999	0.0770096525	0.0660243242	0.0526073205	0.00176498	0.0693234	0.0150245	-0.00191867	-0.00103635	0.00109264	-0.0209610344	0.0633887609	0.1158622672	0.0151761505	0.0579657916	-0.0469513237	0.17795768
0.08993085640000001	0.08421557910000001	0.074957633	0.0625464692	0.0475041838	-0.00381494	0.147672	0.0347524	-0.00272638	-0.00109552	0.000662138	0.0452537567	-0.1094085203	-0.1303386836	0.0457968149	0.088827573	0.06276154839999999	0.16852552
0.0896745262	0.0832132545	0.07278709	0.058892812	0.0421924464	-0.00231156	0.0561553	0.0106804	-0.0016132999999999998	-0.00109552	0.000728373	0.0415513538	-0.0765896688	0.1061287637	-0.07928322730000001	0.13932021960000002	-0.0420566897	0.17605783000000005
0.0894024392	0.08215244690000001	0.07050145570000001	0.05507362230000002	0.0366954331	0.00109935	0.149971	0.028625499999999998	-0.00246427	-0.00147935	0.00106301	0.0462036061	-0.0159526484	-0.0756230868	0.0079460411	0.0473836163	0.0479193001	0.19364356
0.0891146434	0.0810339018	0.0681043441	0.0510996347	0.0310372824	0.00172248	0.0649745	0.028004599999999998	-0.001401	-0.00100324	0.00103688	0.0099673194	-0.097498653	0.1057845018	-0.0154269048	-0.007840835400000001	-0.0925373153	0.16451603
0.0888111892	0.0798584053	0.0655995455	0.0469820191	0.0252428406	-0.00889591	0.13014	0.0210606	-0.00199863	-0.0011154200000000002	0.0007385109999999999	-0.0021755605	0.0357786681	-0.0976466733	0.0251410251	0.06493384690000001	0.1072189844	0.13313684
0.08849212990000001	0.07862678349999999	0.0629910206	0.0427323491	0.0193375523	0.00124104	0.0764653	0.0489456	-0.00174863	-0.00109682	0.000791107	-0.007973947	-0.015747563	0.0446280194	0.06097733900000001	-0.0616898459	-0.1085777747	0.10775645
0.0881575217	0.0773399021	0.0602828939	0.0383625694	0.0133473487	0.0012789000000000001	0.138507	0.032312	-0.0020648000000000003	-0.000938178	0.000699086	-0.00223823	-0.0372953465	-0.0752164994	0.0266895497	0.1137833476	0.0690558138	0.10705480999999996
0.0878074234	0.0759986654	0.0574794475	0.0338849624	0.0072985341	0.00135305	0.08903719999999997	0.0489557	-0.00174863	-0.000962454	0.000764146	-0.0016340660999999998	0.0690913715	0.1249979367	0.0219962932	0.08311394429999999	-0.0631653553	0.08646294999999997
0.08744189640000001	0.0746040162	0.0545851143	0.0293121133	0.0012176701	0.00131362	0.15473499999999998	0.027641100000000002	-0.00199863	-0.0009080850000000002	0.00068418	0.0276663267	-0.1193247167	-0.1238075078	0.109029841	0.0876275039	0.0992487455	0.10626858
0.0870610049	0.0731569346	0.0516044709	0.0246568755	-0.004868541	-0.00547133	0.07105880000000002	0.0469176	-0.00174863	-0.00101862	0.0008021139999999999	-0.0637145775	-0.0608908059	0.104366191	-0.079551868	0.0950744667	-0.0370324305	0.1336611
0.08666481599999999	0.0716584376	0.0485422302	0.0199323335	-0.0109333732	0.00106096	0.12853299999999998	0.029656099999999998	-0.00199863	-0.000996268	0.0005820409999999999	-0.0316460416	-0.003217091	-0.1011323713	0.0713193004	0.0084020002	0.0475500996	0.10588924
0.0862533992	0.0701095784	0.0454032342	0.0151517667	-0.0169501947	0.00510366	0.08057509999999997	0.0600865	-0.00199863	-0.0009094369999999999	0.0007736149999999997	-0.018869664	-0.0767324128	0.0728480983	-0.062838345	0.0203444312	-0.0677459856	0.09635125
0.08582682679999999	0.0685114455	0.0421924464	0.0103286123	-0.0228925844	0.00111841	0.139844	0.035299199999999996	-0.00265315	-0.00103758	0.0006576160000000001	0.0057338838	0.0932579205	-0.0733056326	0.0442685187	0.0468270071	0.0293324986	0.13297455
0.0853851737	0.066865162	0.0389149436	0.005476426800000001	-0.028734448	0.00133618	0.08582580000000001	0.08264780000000001	-0.00261942	-0.00103782	0.0007924689999999999	-0.01519454	-0.0704611155	-0.0339404034	0.0108298049	-0.0394031312	-0.1148532931	0.11002572
0.0849285176	0.0651718852	0.0355759084	0.0006088484	-0.034450132599999995	0.0009469810000000001	0.130723	0.0323469	-0.00283356	-0.00128782	0.0007878479999999997	-0.0673937913	0.0466058671	-0.0605181042	0.0098481928	0.1380825877	0.0345375358	0.119025349
0.0844569388	0.0634328049	0.0321806203	-0.0042604413	-0.0400145395	0.0053395000000000005	0.12316400000000001	0.0981598	-0.00295138	-0.00128782	0.000773734	-0.0628367839	0.0538447559	-0.0114895062	-0.0113988473	-0.0445008909	-0.1182827902	0.08436111900000001
0.08397052	0.0616491434	0.028734448	-0.0091177559	-0.0454032342	0.0125775	0.144739	0.0319093	-0.00314274	-0.00128782	0.000831055	-0.0223282139	-0.0273983061	-0.049572955300000006	0.0191356258	0.0519845609	0.0360775059	0.10749755
0.0834693467	0.0598221543	0.0252428406	-0.0139494429	-0.0505925538	0.000699854	0.12385	0.109175	-0.00297606	-0.00165128	0.0009455170000000002	-0.0063562589	0.0455412706	0.0016324123	-0.0418408149	0.0544776559	-0.045154756	0.142262446
0.082953507	0.0579531217	0.0217113192	-0.0187419216	-0.055559711	0.0188379	0.139562	0.0488231	-0.00238475	-0.00128646	0.00108193	0.0263984886	-0.0262003237	-0.0575535489	0.0949750313	-0.00443939	0.0052230179	0.148829096
0.0824230915	0.056043359	0.0181454677	-0.0234817216	-0.0602828939	0.012566599999999999	0.12305799999999999	0.103905	-0.00314554	-0.00190657	0.00122831	0.005749110799999999	-0.0221545307	0.0130601753	-0.07381078940000001	0.0306814594	-0.0946930918	0.15422119999999995
0.0818781935	0.054094208600000006	0.0145509244	-0.0281555204	-0.064741362	0.0185388	0.125575	0.0624106	-0.00265677	-0.0016579000000000001	0.00116547	-0.012730443300000002	0.0930634808	0.008580463100000001	0.07362829309999999	-0.0194145813	-0.0322932427	0.08999759999999997
0.0813189087	0.0521070402	0.0109333732	-0.0327501813	-0.0689155372	0.00812966	0.136026	0.115791	-0.00295395	-0.00178818	0.00145021	-0.0012194203	-0.0503741592	-0.0360065853	0.0271472621	-0.0534983911	-0.0949049502	0.10985054
0.0807453353	0.0500832505	0.0072985341	-0.0372527898	-0.07278709	0.016876699999999998	0.10802	0.0395819	-0.00271415	-0.00191378	0.00124856	-0.0130119081	0.0345892196	-0.0006198002	0.0047725133000000005	0.1081456205	-0.0153092127	0.14131464
0.0801575741	0.0480242618	0.0036521544	-0.0416506902	-0.07633901950000001	0.0170712	0.12707100000000002	0.101126	-0.00291174	-0.00191378	0.00140549	-0.0129929736	0.0247643596	-0.0443591099	0.0375739719	-0.0391626941	-0.06244414	0.09851559999999998
0.0795557284	0.0459315212	0.0	-0.0459315212	-0.0795557284	0.017541099999999997	0.113978	0.038225	-0.00253786	-0.00161304	0.00140997	0.023075469900000003	-0.0699276387	-0.0027589052000000004	-0.0157881395	-0.0119538969	-0.0398989703	0.11041889999999996
0.078939904	0.0438064995	-0.0036521544	-0.0500832505	-0.0824230915	0.020597900000000002	0.112657	0.116006	-0.00269685	-0.00188962	0.00149383	-0.0498635799	0.04746215610000002	0.0466559393	0.037160996	0.0235224067	0.0112467023	0.10813030000000001
0.0783102091	0.0416506902	-0.0072985341	-0.054094208600000006	-0.0849285176	0.017030199999999995	0.142927	0.047432199999999994	-0.00301704	-0.00191878	0.00141413	-0.044456241	-0.0856157134	-0.1127003033	0.0017174998000000002	-0.0334454833	0.0005183466	0.12386399999999995
0.0776667542	0.0394656084	-0.0109333732	-0.0579531217	-0.0870610049	0.038256599999999995	0.096523	0.104878	-0.00224652	-0.00200278	0.00160323	-0.06539853150000001	-0.0653036465	0.046494070599999986	-0.0908129493	0.0341932069	-0.0043257439	0.17725719999999998
0.0770096525	0.0372527898	-0.0145509244	-0.0616491434	-0.0888111892	0.0407652	0.177102	0.0778243	-0.00315448	-0.0020768	0.00177672	-0.0209165294	0.1177770666	-0.0560453038	0.0298401438	-0.0046795189	-0.026244026	0.1679148
0.07633901950000001	0.0350137895	-0.0181454677	-0.0651718852	-0.0901713849	0.0345717	0.118862	0.13373800000000002	-0.00298922	-0.00208184	0.00165342	0.0403037898	-0.0377318087	-0.043791622800000006	0.0055072894	-0.0351311309	-0.0836357368	0.13502720000000001
0.0756549729	0.0327501813	-0.0217113192	-0.0685114455	-0.0911356193	0.027291500000000003	0.159146	0.06881419999999999	-0.0033604999999999998	-0.00199843	0.00151609	0.0122824275	0.0596157841	-0.0172131911	-0.0034951114	0.142267716	-0.0127362704	0.14208900000000002
0.074957633	0.0304635559	-0.0252428406	-0.0716584376	-0.0916996582	0.028996299999999996	0.123172	0.14126	-0.00336323	-0.00210111	0.00190278	-0.0034154177000000003	0.024789071	-0.0501192161	0.0114543101	-0.020973362	-0.064828576	0.13472959999999998
0.07424712230000001	0.0281555204	-0.028734448	-0.0746040162	-0.0918610248	0.0389145	0.13974600000000004	0.054955899999999995	-0.00316027	-0.00252377	0.00161501	-0.0023117142	-0.0051247797	0.0364608788	-0.028208754	-0.015063066799999997	-0.0168540079	0.1584658
0.0735235656	0.0258276969	-0.0321806203	-0.0773399021	-0.0916190104	0.035427999999999994	0.130478	0.146367	-0.00340727	-0.00237727	0.00206822	0.0039492477	0.0727217599	-0.0300780583	-0.0051536863	0.0233076259	-0.0248943128	0.14650109999999994
0.07278709	0.0234817216	-0.0355759084	-0.0798584053	-0.0909746778	0.012956700000000002	0.152995	0.043173699999999995	-0.00180259	-0.00227377	0.00132177	0.0251213319	-0.06495298299999999	-0.0349461485	0.0372559263	-0.08955665269999999	-0.0203034609	0.27091309999999996
0.0720378251	0.021119243	-0.0389149436	-0.08215244690000001	-0.08993085640000001	-0.00936667	0.125851	-0.016771599999999998	-0.00329052	-0.00347584	0.00242219	0.0427723104	0.0552574291	-0.1832323609	-0.06143043400000001	0.1052210811	-0.0240158977	0.29893367000000004
0.0712759023	0.0187419216	-0.0421924464	-0.08421557910000001	-0.08849212990000001	-0.00245628	0.0388355	0.0636241	-0.00227599	-0.00339258	0.0024673000000000004	-0.0528320671	0.0120624946	0.0447645079	-0.0223883303	-0.0247220338	-0.1503252089	0.23146659
0.07050145570000001	0.0163514282	-0.0454032342	-0.08604200279999999	-0.08666481599999999	-0.0195046	0.13544	0.0709448	-0.00268071	-0.00312647	0.0022691	-0.1136604203	0.0585551633	-0.11238637	-0.1054824711	-0.0494194194	0.08538261289999999	0.16442502000000006
0.0697146213	0.0139494429	-0.0485422302	-0.0876265845	-0.0844569388	-0.019640099999999997	0.08733060000000001	0.11446300000000001	-0.00176187	-0.00386385	0.00281496	-0.0971574671	0.012375970900000002	0.0314447916	-0.0316953871	-0.0977603925	-0.0882162958	0.2018671
0.0689155372	0.0115376538	-0.0516044709	-0.0889648703	-0.0818781935	-0.0197671	0.175927	0.08784989999999998	-0.00273831	-0.00391368	0.00277855	0.0146779026	-0.0405719291	-0.0349061838	-0.0690446886	0.0503623432	0.1360097851	0.1684705
0.0681043441	0.0091177559	-0.0545851143	-0.09005309859999999	-0.078939904	-0.0201638	0.12071300000000001	0.158003	-0.00235043	-0.00436048	0.00286846	0.08533133650000001	0.035785828900000004	0.0680047621	-0.07324716889999999	0.07267414230000001	-0.038748515	0.1719933
0.06728118429999999	0.00669145	-0.0574794475	-0.0908882107	-0.0756549729	-0.0197504	0.174948	0.122928	-0.00269702	-0.00423227	0.00306161	0.0868211959	-0.017076765900000002	0.0240284915	0.0754230226	0.0038931709	0.0697299828	0.12312089999999998
0.0664462025	0.0042604413	-0.0602828939	-0.0914678594	-0.0720378251	-0.0498256	0.187667	0.184074	-0.00300553	-0.0042714	0.00282661	0.0472526813	-0.04815091480000002	-0.011033496100000002	-0.0789863134	-0.0349668359	-0.06134064190000001	0.13307220000000006
0.0655995455	0.0018264382	-0.0629910206	-0.0917904153	-0.0681043441	-0.0373135	0.149795	0.12190500000000005	-0.00239222	-0.00434127	0.00255526	0.0423076828	0.0441363126	0.0736040184	-0.050587425	0.076891202	0.061395343	0.1602796
0.064741362	-0.0006088484	-0.0655995455	-0.0918549718	-0.0638718027	-0.0400139	0.184617	0.192904	-0.00302738	-0.00445905	0.0028125	0.0665395914	0.0429683869	-0.032271992400000005	-0.003364426	-0.0542816907	0.0982932909	0.1590304
0.0638718027	-0.0030437072	-0.0681043441	-0.0916613475	-0.0593587869	-0.0400861	0.122646	0.134171	-0.00235297	-0.00447698	0.00274411	0.0732418525	-0.0691119747	0.0395539121	0.0558476743	-0.1350018086	-0.0321776959	0.15881270000000006
0.0629910206	-0.005476426800000001	-0.07050145570000001	-0.0912100867	-0.0545851143	-0.0403815	0.168133	0.172204	-0.00316525	-0.00476133	0.00284315	0.0214529013	0.03056416	-0.0190821731	-0.0043753147	-0.0136358288	0.1368250289	0.14359889999999995
0.0620991702	-0.0079052975	-0.07278709	-0.0905024577	-0.0495717471	-0.026338099999999996	0.114238	0.165078	-0.00269894	-0.00470057	0.00308414	-0.0273173829	0.0975548498	0.1415855575	-0.0225955298	-0.0619963299	-0.0674800414	0.1134674
0.0611964085	-0.0103286123	-0.074957633	-0.0895404494	-0.0443407	-0.0400476	0.191483	0.12893	-0.00333876	-0.004590100000000001	0.00291947	0.0083147587	-0.1092063451	-0.1430054573	0.0253811816	0.0019162145	0.1737187959	0.17285050000000002
0.0602828939	-0.0127446681	-0.0770096525	-0.0883267658	-0.0389149436	-0.029891	0.10405199999999999	0.186635	-0.00206731	-0.00499921	0.00301335	-0.025603266800000003	-0.0798086273	0.1010463333	-0.1129590755	0.0417196333	0.0248687957	0.24401460000000005
0.0593587869	-0.0151517667	-0.078939904	-0.0868648184	-0.0333183036	-0.0399866	0.19351300000000002	0.143072	-0.00282952	-0.00466204	0.0030912	0.0068632122	0.0371491368	-0.0313374734	0.058764691	-0.0286622563	0.0724692673	0.2019810999999999
0.0584242501	-0.0175482166	-0.0807453353	-0.08515871609999999	-0.027575356	-0.0501649	0.136154	0.21409299999999998	-0.00204605	-0.00502827	0.00326168	-0.0038136113	-0.08105727	0.051617952800000005	-0.0260727287	-0.0695018944	-0.0755358384	0.2045673
0.0574794475	-0.0199323335	-0.0824230915	-0.0832132545	-0.0217113192	-0.039998	0.184978	0.13522699999999999	-0.00247258	-0.00507051	0.00342282	-0.0099665572	0.1096788309	0.0324689909	0.0562696243	0.1475055331	0.0773645602	0.1693524
0.0565245452	-0.0223024417	-0.08397052	-0.0810339018	-0.0157519435	-0.037056099999999995	0.15720399999999998	0.195889	-0.00291907	-0.00499539	0.00343146	0.0195439019	-0.0074408921999999985	-0.0201328153	0.0251866359	-0.0428965179	-0.1246343168	0.11789040000000002
0.055559711	-0.0246568755	-0.0853851737	-0.07862678349999999	-0.0097233977	-0.029268400000000007	0.156166	0.15552	-0.00220167	-0.00513187	0.00350801	0.0086109348	-0.0534776069	0.0989159598	0.0020632434	0.0414333418	0.047031700700000005	0.09571620000000004
0.0545851143	-0.0269939802	-0.08666481599999999	-0.0759986654	-0.0036521544	-0.0324719	0.214977	0.200554	-0.00327862	-0.00506755	0.00345153	0.0188503307	0.0024192286	-0.0159323409	-0.0264167371	-0.0151244907	0.033889441400000005	0.16693600000000006
0.05360092650000002	-0.0293121133	-0.0878074234	-0.0731569346	0.0024351262	-0.0218514	0.134677	0.166357	-0.00270702	-0.00496427	0.00340415	0.044826171100000006	-0.0838529798	-0.0093049309	-0.0057349034	-0.08728549449999999	-0.0021368106	0.16123050000000005
0.0526073205	-0.0316096456	-0.0888111892	-0.0701095784	0.0085117137	-0.0284678	0.177244	0.22825700000000002	-0.00301898	-0.0048154	0.00341751	0.0101944076	-0.0134843894	0.06093883570000001	-0.0484258972	0.0096362424	0.0355434059	0.1347929
0.0516044709	-0.0338849624	-0.0896745262	-0.066865162	0.0145509244	-0.032462200000000004	0.153141	0.162852	-0.0027435	-0.0047417	0.00335382	0.0609295523	0.0859967708	0.0260005694	0.0248831369	-0.0513445714	-0.0220761616	0.11414590000000002
0.0505925538	-0.0361364644	-0.0903960694	-0.0634328049	0.0205262391	-0.0241333	0.147552	0.25972399999999995	-0.00263703	-0.00520173	0.00349419	0.0183267513	-0.0047024897	0.0623654275	0.1227536552	-0.0533072086	0.0253675499	0.14613340000000002
0.0495717471	-0.0383625694	-0.0909746778	-0.0598221543	0.0264114187	-0.023700099999999998	0.168322	0.163641	-0.00284536	-0.00541159	0.00330579	0.0422560068	-0.059129407	0.0063137213	0.0149983083	0.0946280325	0.0117007088	0.14761570000000002
0.0485422302	-0.0405617128	-0.0914094366	-0.056043359	0.0321806203	-0.023543900000000003	0.107779	0.24657600000000002	-0.00279784	-0.0052597	0.00329096	0.0152728165	-0.06001155110000001	0.075840794	-0.0250686697	0.0123713081	0.0783434216	0.15434620000000002
0.0475041838	-0.0427323491	-0.0916996582	-0.0521070402	0.03780851	-0.023709599999999997	0.18441400000000002	0.200428	-0.00341242	-0.00502852	0.00298285	0.0151500937	0.1327263528	-0.0266578339	0.0483244265	0.0097210692	0.0345955141	0.18064220000000009
0.046457790599999986	-0.0448729527	-0.0918448838	-0.0480242618	0.0432703747	-0.0236141	0.139151	0.2411760000000001	-0.00337288	-0.00520446	0.00316402	0.0366637988	-0.0147569905	-0.0337146053	0.043965438	-0.08858289609999999	-0.0295992313	0.10593900000000002
0.0454032342	-0.0469820191	-0.0918448838	-0.0438064995	0.0485422302	-0.023600700000000002	0.137418	0.18393099999999998	-0.00315034	-0.00510397	0.00312061	-0.0036809326	0.0181679369	0.0462121999	-0.0408076743	0.0568565227	0.0166242285	0.07731339999999998
0.0443407	-0.049058066100000006	-0.0916996582	-0.0394656084	0.05360092650000002	-0.0240822	0.15542	0.259407	-0.00306167	-0.00542612	0.00308181	-0.0258099952	0.0295100085	0.0176792261	0.048613117	-0.0698450911	0.0666989198	0.1164405
0.0432703747	-0.0510996347	-0.0914094366	-0.0350137895	0.0584242501	-0.0235178	0.154218	0.166762	-0.00296971	-0.00526419	0.00329068	0.0156832743	-0.1066254041	0.0106257148	0.0167631437	-0.0278669017	0.0202623759	0.1175494
0.0421924464	-0.053105289900000005	-0.0909746778	-0.0304635559	0.0629910206	-0.023797400000000003	0.145792	0.25804299999999997	-0.00290553	-0.0055681	0.00337423	0.0017730570000000004	-0.0274180013	0.0609993946	-0.0177273729	0.0444853358	0.0713677522	0.12256860000000006
0.0411071044	-0.05507362230000002	-0.0903960694	-0.0258276969	0.06728118429999999	-0.023690799999999998	0.170958	0.190674	-0.00311283	-0.00547069	0.00330009	0.0494402653	0.1173069858	-0.00075068	0.0634649296	-0.0309302309	-0.0473025475	0.11158410000000002
0.0400145395	-0.0570032484	-0.0896745262	-0.021119243	0.0712759023	-0.0234659	0.14119400000000001	0.26005	-0.00323778	-0.00539433	0.00339927	0.0293483109	-0.0200157844	-0.0300259741	0.0854031461	-0.0163841291	-0.0082506689	0.1143894
0.0389149436	-0.058892812	-0.0888111892	-0.0163514282	0.074957633	-0.0294352	0.121056	0.17930199999999996	-0.00172218	-0.00527143	0.00321954	-0.034256642000000004	0.0365626531	0.1021498888	-0.0157762528	0.06330705639999999	-0.0027686131	0.1977668
0.03780851	-0.0607409853	-0.0878074234	-0.0115376538	0.0783102091	-0.0237106	0.162867	0.22804000000000002	-0.00234384	-0.00563181	0.00342033	-0.027143484300000003	0.004345064	-0.0462341731	0.0452741155	-0.0568469318	0.0776476587	0.15541510000000006
0.0366954331	-0.0625464692	-0.08666481599999999	-0.00669145	0.0813189087	-0.0233121	0.134554	0.172561	-0.00201095	-0.00541122	0.00345074	0.0055579657	-0.091251968	0.0566205925	0.0010967104	-0.0737772274	-0.0718977275	0.11338500000000006
0.0355759084	-0.0643079948	-0.0853851737	-0.0018264382	0.08397052	-0.0197266	0.158852	0.24147800000000005	-0.00210039	-0.00559199	0.00374775	-0.069622276	0.011789575	0.024635924500000003	0.0813667978	0.0197805522	0.1224382822	0.1251615
0.034450132599999995	-0.0660243242	-0.08397052	0.0030437072	0.0862533992	-0.0157846	0.13577899999999998	0.17361400000000002	-0.00132066	-0.00546532	0.00369416	-0.0761623957	-0.0197965666	-0.0047358094	0.0051330274	-0.1288135848	-0.1309501408	0.14287850000000002
0.0333183036	-0.067694251	-0.0824230915	0.0079052975	0.0881575217	-0.022961900000000004	0.136955	0.26395100000000005	-0.002027	-0.0053081000000000005	0.00364901	-0.1027345256	-0.0312073212	0.0217810407	0.0997167246	-0.0235526405	0.0861130077	0.14412580000000005
0.0321806203	-0.0693166017	-0.0807453353	0.0127446681	0.0896745262	-0.0226928	0.187191	0.203233	-0.00295515	-0.00512243	0.00368567	-0.06759668049999999	0.0151682607	0.0198986042	-0.1003657149	0.0985714496	-0.0820907305	0.16874709999999998
0.0310372824	-0.070890236	-0.078939904	0.0175482166	0.0907977511	-0.0226016	0.136952	0.2301030000000001	-0.00232962	-0.00499934	0.0036289	-0.0637947883	0.0626633313	0.0520330275	0.0978141463	0.08404845179999999	0.0970345831	0.11746969999999995
0.0298884911	-0.072414048	-0.0770096525	0.0223024417	0.0915222642	-0.023199900000000002	0.238027	0.240105	-0.00346101	-0.00541984	0.00366805	-0.11669417	-0.0206292214	-0.03342137	0.0220177029	0.0022629876	-0.1351603451	0.1912273
0.028734448	-0.0738869668	-0.074957633	0.0269939802	0.0918448838	-0.023127	0.136696	0.19023099999999998	-0.0028253	-0.00532648	0.00358465	-0.1157564574	-0.1245093792	-0.016713226299999998	0.0268329719	-0.0076912777	0.0095482417	0.1919014
0.027575356	-0.07530795700000001	-0.07278709	0.0316096456	0.0917641935	-0.023259799999999997	0.186668	0.225036	-0.00304974	-0.00525363	0.0035088999999999997	-0.1596822421	0.0304040237	-0.0097483876	-0.1414312772	-0.041747441	-0.0371776574	0.1035618
0.0264114187	-0.07667602009999999	-0.07050145570000001	0.0361364644	0.0912805474	-0.0233565	0.14082999999999998	0.201033	-0.00307678	-0.00543888	0.00353692	-0.0760033426	0.1727199279	0.0196877588	-0.0335018615	0.0081428046	0.0518322638	0.08195320000000003
0.0252428406	-0.07799019459999999	-0.0681043441	0.0405617128	0.0903960694	-0.016940900000000002	0.174573	0.21780700000000008	-0.00324837	-0.00471543	0.00399972	0.0198186066	-0.028127718	-0.108539016	-0.051947977400000005	-0.1115313424	-0.0024463933	0.12482460000000005
0.0240698272	-0.0792495569	-0.0655995455	0.0448729527	0.0891146434	0.0210278	0.0687415	0.1075	-0.00166066	-0.00525738	0.00407377	0.0665244939	0.028899306800000007	-0.0030979045	-0.1074971821	-0.0773984268	-0.0506385721	0.3642927
0.0228925844	-0.0804532217	-0.0629910206	0.049058066100000006	0.08744189640000001	-0.024867900000000002	0.180109	0.23746799999999998	-0.00242432	-0.00508327	0.00359409	0.0039942142	-0.0249188586	-0.0673585191	-0.0134063979	-0.0352484909	0.0774767398	0.3581037
0.0217113192	-0.0816003433	-0.0602828939	0.053105289900000005	0.0853851737	0.009181100000000001	0.0999299	0.199942	-0.00198832	-0.00522474	0.00403884	0.0243153258	0.0643076713	0.07980207730000001	-0.0340592782	-0.0812240142	-0.0268077952	0.2028651
0.0205262391	-0.0826901155	-0.0574794475	0.0570032484	0.082953507	-0.0056896	0.198011	0.218612	-0.00290658	-0.00493712	0.00410046	0.049900401	-0.0371544437	-0.1097665839	-0.0036189089	-0.0205442793	0.104485648	0.1949968
0.0193375523	-0.0837217722	-0.0545851143	0.0607409853	0.0801575741	-0.00629075	0.13459300000000002	0.22841199999999998	-0.00227879	-0.00542844	0.00403833	0.05208626190000002	-0.0651685916	0.0851330131	-0.1206803934	0.0638299165	-0.0208458664	0.13288115
0.0181454677	-0.08469458839999999	-0.0516044709	0.0643079948	0.0770096525	-0.00611446	0.20085899999999998	0.19881600000000002	-0.00252186	-0.00516948	0.00395704	0.0967282086	0.01117939	-0.07302000480000001	0.0273433532	0.0179201823	0.0184945617	0.12520429
0.0169501947	-0.08560788050000001	-0.0485422302	0.067694251	0.0735235656	-0.0226522	0.13412000000000002	0.26163200000000003	-0.00218614	-0.005292600000000001	0.0038604	0.07805641049999999	-0.1152051432	0.0647364544	-0.0493701849	0.039879289	0.0064503494	0.17386674
0.0157519435	-0.0864610066	-0.0454032342	0.070890236	0.0697146213	-0.0245078	0.216309	0.24636	-0.00334488	-0.00522965	0.0037203	0.082185624	0.114952454	-0.0275789842	0.0036904263	0.0446698401	0.0047577521	0.16740609999999995
0.0145509244	-0.0872533671	-0.0421924464	0.0738869668	0.0655995455	-0.0246011	0.11642400000000006	0.272391	-0.00277268	-0.00564388	0.00392715	0.1070155766	-0.036211423	-0.0111022576	0.0290589777	-0.0509303496	-0.0473726816	0.18567329999999999
0.0133473487	-0.087984405	-0.0389149436	0.07667602009999999	0.0611964085	-0.010523600000000001	0.185203	0.19805599999999998	-0.00368681	-0.00574577	0.00385805	0.0489045452	0.032255011800000004	-0.0911886567	0.0077253475	0.1322977598	-0.0335224051	0.21144749999999995
0.0121414276	-0.0886536067	-0.0355759084	0.0792495569	0.0565245452	-0.00698449	0.09081499999999999	0.253738	-0.003101	-0.00612356	0.00421774	0.0035287738	-0.032607722900000004	-0.0441546219	-0.0027998217	-0.0318655137	-0.0562896235	0.21977361
0.0109333732	-0.0892605018	-0.0321806203	0.0816003433	0.0516044709	-0.017388099999999997	0.188176	0.211245	-0.0042543	-0.00596124	0.0039104	-0.0578356116	0.0562485017	-0.043675007	-0.0148782083	0.078884471	-0.0284980109	0.23140561000000004
0.0097233977	-0.0898046638	-0.028734448	0.0837217722	0.046457790599999986	-0.0117369	0.11827599999999999	0.265392	-0.00323732	-0.006019699999999999	0.00408505	-0.0506562276	0.0424554693	-0.0291071878	0.0452863675	-0.0399114269	-0.029482217400000007	0.1922027000000001
0.0085117137	-0.0902857102	-0.0252428406	0.08560788050000001	0.0411071044	-0.00674616	0.212323	0.22645700000000002	-0.00326381	-0.00564677	0.00415363	0.0025966501000000003	-0.0394871324	0.0327260085	0.0050082405	0.0549325021	0.0242946863	0.16137274000000007
0.0072985341	-0.0907033029	-0.0217113192	0.0872533671	0.0355759084	-0.020337400000000002	0.15891	0.29754200000000003	-0.00286045	-0.00616886	0.00429395	0.0224844424	0.047542180199999985	0.0454576225	0.043991807300000005	0.08232580240000001	0.0527832605	0.19137774
0.006084071999999999	-0.0910571485	-0.0181454677	0.0886536067	0.0298884911	-0.00677942	0.230003	0.298467	-0.00435737	-0.00584176	0.00431404	0.0018984621	-0.074606935	-0.024255026	0.0815205298	0.0487597222	-0.0453680856	0.17778148
0.004868541	-0.0913469983	-0.0145509244	0.0898046638	0.0240698272	-0.00693019	0.15651500000000002	0.269302	-0.00369109	-0.00602653	0.0043232	0.0211857879	-0.0522471813	0.0294843803	-0.0640313918	0.1336816004	0.0251721307	0.14581427000000008
0.0036521544	-0.0915726486	-0.0109333732	0.0907033029	0.0181454677	-0.0222843	0.252527	0.296482	-0.00436707	-0.0063515	0.00428673	-0.0452428926	0.0343436238	0.0290389178	0.0844323685	0.0439731323	-0.01605909	0.19041711
0.0024351262	-0.0917339407	-0.0072985341	0.0913469983	0.0121414276	-0.002855	0.135456	0.245094	-0.00323455	-0.00638555	0.00411719	-0.0544766267	-0.08930469949999999	-0.0709309973	0.0032955985	-0.0210921045	-0.055233676	0.2546938
0.0012176701	-0.0918307613	-0.0036521544	0.0917339407	0.006084071999999999	-0.007457219999999999	0.196287	0.28820999999999997	-0.00412218	-0.00576403	0.00378879	-0.1396989313	-0.0191722896	0.0159776356	-0.0377316043	0.0046058362	-0.0474823406	0.20042672
0.0	-0.0918630424	-0.0	0.0918630424	0.0	-0.00763883	0.13787	0.233729	-0.00390326	-0.00637049	0.00408708	-0.0739492177	0.1614543084	0.0104634987	-0.1263571134	-0.0258967123	-0.0743395852	0.16926311
-0.0012176701	-0.0918307613	0.0036521544	0.0917339407	-0.006084071999999999	-0.00715004	0.211729	0.20093	-0.00353523	-0.006246100000000001	0.00433444	0.0331264457	-0.017306396499999998	-0.14129074560000002	-0.009958392	0.0013097707	0.0535197732	0.14413579
-0.0024351262	-0.0917339407	0.0072985341	0.0913469983	-0.0121414276	-0.007238119999999998	0.11368299999999999	0.257812	-0.00361334	-0.00633542	0.00432045	0.0423714124	-0.07014589480000001	0.035311487999999995	-0.1508919615	-0.0265884559	-0.086493924	0.16408708
-0.0036521544	-0.0915726486	0.0109333732	0.0907033029	-0.0181454677	-0.00701828	0.19954000000000002	0.224956	-0.00352447	-0.00599924	0.00424707	0.0246450171	0.0150334862	0.0018301492	0.0467205258	-0.0182094756	0.05728512030000001	0.14385433999999991
-0.004868541	-0.0913469983	0.0145509244	0.0898046638	-0.0240698272	-0.00711006	0.139523	0.269715	-0.00295307	-0.00623555	0.00436973	0.0350262979	-0.045624731	-0.0103343087	-0.1144588191	-0.0605227279	-0.0767070658	0.15138627999999998
-0.006084071999999999	-0.0910571485	0.0181454677	0.0886536067	-0.0298884911	-0.0068817999999999995	0.206773	0.24895799999999998	-0.00347866	-0.0062361000000000005	0.00456371	0.0351923376	0.0791835572	0.0598450477	0.06524152009999999	0.0116165247	-0.0230464531	0.12424126
-0.0072985341	-0.0907033029	0.0217113192	0.0872533671	-0.0355759084	0.0006793869999999999	0.16020399999999999	0.303811	-0.00329837	-0.00604112	0.00482704	0.1025849726	-0.0193565451	-0.099826657	0.0344788303	-0.0602008201	-0.009814286	0.140913187
-0.0085117137	-0.0902857102	0.0252428406	0.08560788050000001	-0.0411071044	-0.006263899999999999	0.215944	0.332782	-0.00497433	-0.00603041	0.00486015	0.0871378089	-0.065417036	0.1192619483	-0.0143227664	0.1032390985	-0.0547292942	0.17764328699999998
-0.0097233977	-0.0898046638	0.028734448	0.0837217722	-0.046457790599999986	-0.00616174	0.185669	0.268009	-0.00499104	-0.00593444	0.0047595	0.0841940164	0.1112041617	-0.0841268229	0.0508774863	0.1038850126	-0.1327364381	0.10581666000000003
-0.0109333732	-0.0892605018	0.0321806203	0.0816003433	-0.0516044709	0.0008232789999999999	0.198545	0.33576500000000004	-0.00479361	-0.00594363	0.00463876	-0.052506827	0.036919411	0.0820778236	0.203765865	0.0836973133	-0.0121836443	0.103985019
-0.0121414276	-0.0886536067	0.0355759084	0.0792495569	-0.0565245452	-0.000577974	0.20784299999999997	0.270514	-0.00532308	-0.00604477	0.00437714	-0.0145498356	-0.0207647575	-0.2081846857	0.0176542095	0.0891542481	-0.0312313508	0.12056175299999998
-0.0133473487	-0.087984405	0.0389149436	0.07667602009999999	-0.0611964085	-0.00133377	0.134424	0.29786999999999997	-0.00438828	-0.00598786	0.00457041	-0.0556337483	-0.0918546551	0.042787741100000005	0.0044328226	0.038480058	-0.0575865993	0.16077979600000006
-0.0145509244	-0.0872533671	0.0421924464	0.0738869668	-0.0655995455	0.014102200000000004	0.202933	0.256565	-0.00531822	-0.00574246	0.0044982	-0.0296633186	0.14512127130000002	-0.1114718161	-0.0488701081	0.008070705400000001	-0.06480949230000001	0.18762747000000007
-0.0157519435	-0.0864610066	0.0454032342	0.070890236	-0.0697146213	-0.00241234	0.12956600000000001	0.30545900000000004	-0.00454229	-0.00591054	0.00434771	-0.0172411533	-0.0105819654	-0.0165220305	0.016980905	-0.0696842241	-0.019218861	0.19350054
-0.0169501947	-0.08560788050000001	0.0485422302	0.067694251	-0.0735235656	0.0136833	0.20716199999999999	0.235327	-0.00486386	-0.00599698	0.00438972	-0.0011651772	0.0817081891	-0.0930871513	-0.07348313940000001	0.0303957914	-0.0017636538	0.18632464
-0.0181454677	-0.08469458839999999	0.0516044709	0.0643079948	-0.0770096525	0.00460781	0.134211	0.3174	-0.00418794	-0.00650628	0.00456722	-0.0005199394	0.0589084927	0.0679002852	0.0360496255	-0.0827429067	0.0220755529	0.23223549
-0.0193375523	-0.0837217722	0.0545851143	0.0607409853	-0.0801575741	-0.00254893	0.212523	0.271992	-0.00407816	-0.006030399999999999	0.00434698	0.0412767048	-0.0593564251	-0.0744864822	-0.0635277012	0.0083846948	0.0929334818	0.17117173999999996
-0.0205262391	-0.0826901155	0.0574794475	0.0570032484	-0.082953507	-0.00279254	0.13896	0.30569	-0.00427921	-0.00641351	0.00453744	0.0678547992	-0.0224467121	0.072503795	-0.0476240403	0.0982164155	0.0456110854	0.14623561
-0.0217113192	-0.0816003433	0.0602828939	0.053105289900000005	-0.0853851737	-0.00289389	0.222885	0.292593	-0.00514198	-0.00619157	0.00457128	0.0739812463	-0.0144708538	-0.046422125300000006	0.0286263609	0.0313365072	0.0382675704	0.15305085
-0.0228925844	-0.0804532217	0.0629910206	0.049058066100000006	-0.08744189640000001	-0.0022511999999999996	0.139428	0.31143699999999996	-0.00427921	-0.00639218	0.00470481	0.0269203575	-0.0923042065	0.1027984209	-0.0323610687	-0.0084370926	-0.0716595274	0.16278919
-0.0240698272	-0.0792495569	0.0655995455	0.0448729527	-0.0891146434	0.0139702	0.179251	0.267097	-0.0048758000000000004	-0.00638047	0.00482603	0.0239337342	0.0829607754	0.0136650898	0.0207423395	-0.0249806854	-0.0061196879	0.1368604
-0.0252428406	-0.07799019459999999	0.0681043441	0.0405617128	-0.0903960694	0.008161319999999998	0.15276800000000001	0.331889	-0.00332688	-0.00680409	0.00482603	0.0030200721000000004	-0.0561154676	0.0395575185	0.0657277282	-0.0923405071	0.0469284349	0.19571088
-0.0264114187	-0.07667602009999999	0.07050145570000001	0.0361364644	-0.0912805474	0.013636400000000005	0.194188	0.247367	-0.00485188	-0.00668088	0.00482603	-0.0033925672	0.0183262781	-0.001878073	-0.0055893739	0.0744022345	-0.0228115008	0.21382758
-0.027575356	-0.07530795700000001	0.07278709	0.0316096456	-0.0917641935	0.008317299999999998	0.114619	0.32907800000000004	-0.00325995	-0.00688479	0.00456482	-0.0338517675	0.0137246504	0.0595951387	0.1014768674	-0.0695544556	0.0454359476	0.2694516
-0.028734448	-0.0738869668	0.074957633	0.0269939802	-0.0918448838	0.00924245	0.203961	0.26924000000000003	-0.00428211	-0.00674752	0.00482603	-0.005746726800000001	-0.07285455610000001	-0.0326252738	-0.041460787	0.0014253879	0.0069168804	0.2211371500000001
-0.0298884911	-0.072414048	0.0770096525	0.0223024417	-0.0915222642	0.0133517	0.132304	0.29732800000000004	-0.00347747	-0.00676967	0.00473071	0.0104322006	0.0114012941	0.0777777167	-0.0505773159	0.0465088899	0.1001640517	0.14995975000000006
-0.0310372824	-0.070890236	0.078939904	0.0175482166	-0.0907977511	0.013723599999999999	0.21086799999999997	0.292892	-0.00462818	-0.00656126	0.00482603	0.0294864167	-0.009896356	-0.0548207179	0.0147117566	-0.0685042387	0.0604263033	0.15609390000000006
-0.0321806203	-0.0693166017	0.0807453353	0.0127446681	-0.0896745262	0.0132513	0.137965	0.327428	-0.00379871	-0.00698494	0.00482603	0.0217056358	-0.0807090163	0.0743409398	-0.0051952243	-0.1016981921	-0.0337363786	0.17056880000000002
-0.0333183036	-0.067694251	0.0824230915	0.0079052975	-0.0881575217	0.00343448	0.207775	0.293452	-0.00466263	-0.0068266	0.00482603	-0.0193554492	0.0231555212	0.0174782926	0.0067781252	-0.0036171562	0.0450680609	0.16471582
-0.034450132599999995	-0.0660243242	0.08397052	0.0030437072	-0.0862533992	0.013216499999999999	0.16078699999999999	0.31728	-0.00368543	-0.00689352	0.00472837	0.0024148332	0.0218696049	0.0208190965	0.0831061255	-0.0693671518	-0.0331656517	0.13768702000000002
-0.0355759084	-0.0643079948	0.0853851737	-0.0018264382	-0.08397052	0.013258500000000001	0.22253299999999998	0.274287	-0.0047375	-0.00660065	0.00451122	0.0082546689	-0.075012527	0.041463459300000005	0.0201848165	0.0546022205	0.0395138147	0.18288550000000006
-0.0366954331	-0.0625464692	0.08666481599999999	-0.00669145	-0.0813189087	0.00932084	0.13405799999999998	0.328391	-0.00446236	-0.00680342	0.00474325	-0.0062762389	0.057941049	0.07559299900000001	0.047836019	-0.0184510663	0.0464164483	0.18201366
-0.03780851	-0.0607409853	0.0878074234	-0.0115376538	-0.0783102091	0.013186400000000001	0.21493	0.284893	-0.00522198	-0.00664605	0.0044755	-0.0402230048	-0.06743270650000001	-0.0125549876	0.0574031342	-0.0096411315	0.0743411521	0.18747256
-0.0389149436	-0.058892812	0.0888111892	-0.0163514282	-0.074957633	0.0134809	0.134883	0.329289	-0.00388145	-0.00679692	0.00482603	-0.0126355176	-0.0349499433	0.031280871200000004	-0.0920595732	-0.0277237647	0.1418525367	0.21683400000000005
-0.0400145395	-0.0570032484	0.0896745262	-0.021119243	-0.0712759023	0.00902086	0.22537600000000002	0.348603	-0.00548643	-0.00607468	0.00482603	-0.0073530123	0.0339439275	0.0891479998	0.0347663816	-0.1006255808	0.0633669613	0.23062804
-0.0411071044	-0.05507362230000002	0.0903960694	-0.0258276969	-0.06728118429999999	-0.000344356	0.14066099999999998	0.287396	-0.00576958	-0.00544692	0.004587300000000001	0.05457131	-0.005333426	-0.08923560779999999	0.0316644848	-0.0915111031	-0.0730670158	0.21276921600000004
-0.0421924464	-0.053105289900000005	0.0909746778	-0.0304635559	-0.0629910206	-0.00956516	0.19159600000000002	0.31667399999999996	-0.00817619	-0.00537677	0.00442314	-0.0605523609	-0.0715767505	0.002575547	0.0443311311	0.0095560532	-0.1202186323	0.22147980399999997
-0.0432703747	-0.0510996347	0.0914094366	-0.0350137895	-0.0584242501	0.013156399999999999	0.211571	0.249437	-0.00698283	-0.00663825	0.00448271	-0.1060129932	-0.0031748335	-0.0554302779	-0.0525637805	0.050643438099999986	0.008607834200000001	0.23565406
-0.0443407	-0.049058066100000006	0.0916996582	-0.0394656084	-0.05360092650000002	0.013443600000000005	0.20788800000000002	0.326772	-0.006764399999999999	-0.00643255	0.00454094	-0.20712518010000008	0.0887135751	0.0142843825	0.0741812958	-0.045792883	0.0309779768	0.1054232
-0.0454032342	-0.0469820191	0.0918448838	-0.0438064995	-0.0485422302	0.028927800000000007	0.21756199999999998	0.250297	-0.00652496	-0.00658702	0.00482603	-0.1743561612	-0.0545424574	-0.1214348065	-0.0315812283	-0.0834662056	0.063542898	0.13558320000000001
-0.046457790599999986	-0.0448729527	0.0918448838	-0.0480242618	-0.0432703747	0.0184013	0.20244600000000001	0.321399	-0.00622147	-0.00644398	0.00482603	-0.1586914693	-0.0102377604	0.031767847200000005	-0.1117956623	-0.06621258769999999	0.0218012329	0.11907100000000001
-0.0475041838	-0.0427323491	0.0916996582	-0.0521070402	-0.03780851	0.031362	0.19058	0.257468	-0.00543642	-0.00671628	0.00500804	-0.0406105739	0.1845212629	0.0033365772	-0.0418347455	-0.0693113721	0.0031038344	0.15072569999999996
-0.0485422302	-0.0405617128	0.0914094366	-0.056043359	-0.0321806203	0.0221152	0.198472	0.343366	-0.00532534	-0.00692356	0.00519959	0.0352494759	-0.0325585278	-0.0017174652	0.0381061304	-0.1109225251	0.1276331953	0.12853230000000002
-0.0495717471	-0.0383625694	0.0909746778	-0.0598221543	-0.0264114187	0.030200400000000002	0.182448	0.267152	-0.00526628	-0.00657234	0.00529785	0.0767185375	-0.028291327	0.0557488235	-0.1461256606	-0.0160600132	-0.0418662135	0.12575019999999998
-0.0505925538	-0.0361364644	0.0903960694	-0.0634328049	-0.0205262391	0.0314322	0.173246	0.360245	-0.00626472	-0.00711587	0.00568181	0.0785406512	0.0133816938	0.0990452247	0.0109553697	0.1088276778	0.0870564876	0.19982329999999995
-0.0516044709	-0.0338849624	0.0896745262	-0.066865162	-0.0145509244	0.041293199999999995	0.195976	0.363659	-0.00988307	-0.00715843	0.0061173	0.1412374065	0.0754521965	-0.0895275235	-0.0477471962	0.0783829672	-0.101580321	0.24082500000000004
-0.0526073205	-0.0316096456	0.0888111892	-0.0701095784	-0.0085117137	0.0354961	0.17466199999999998	0.354962	-0.00805508	-0.00766148	0.00566898	0.0348832405	-0.0236006064	0.0104761137	0.1155543332	0.06355889320000001	-0.101596197	0.1747761000000001
-0.05360092650000002	-0.0293121133	0.0878074234	-0.0731569346	-0.0024351262	0.0332958	0.259592	0.326139	-0.008570249999999998	-0.00733646	0.00515322	-0.0748133626	-0.0154065943	-0.0343741369	-0.006250669499999999	0.1104027715	-0.0878706542	0.1837508
-0.0545851143	-0.0269939802	0.08666481599999999	-0.0759986654	0.0036521544	0.0250527	0.16508499999999998	0.304711	-0.00674609	-0.00700293	0.00495804	-0.1014516372	-0.007506519899999999	0.0413828428	-0.0911629533	0.0380000477	0.0440767475	0.2418216
-0.055559711	-0.0246568755	0.0853851737	-0.07862678349999999	0.0097233977	0.0167927	0.257594	0.305128	-0.00699407	-0.00680668	0.00502488	-0.030584801600000006	0.0682193476	-0.058446845199999986	-0.0978198042	-0.0849813823	0.0055832929	0.12673949999999998
-0.0565245452	-0.0223024417	0.08397052	-0.0810339018	0.0157519435	0.028374200000000002	0.17488800000000002	0.327004	-0.00611759	-0.00707929	0.0054702	0.0774683476	0.0683104071	-0.0005679169	0.0255259637	-0.0823565381	0.0628248361	0.195884
-0.0574794475	-0.0199323335	0.0824230915	-0.0832132545	0.0217113192	0.029283	0.21446500000000002	0.38848499999999997	-0.00683437	-0.00730452	0.005365699999999999	0.075048271	-0.0151581134	0.0562361214	0.070296514	-0.0618887058	0.0252238803	0.15429229999999994
-0.0584242501	-0.0175482166	0.0807453353	-0.08515871609999999	0.027575356	0.029998700000000007	0.17868599999999998	0.315054	-0.00723019	-0.00722765	0.00552024	0.1296858216	-0.1011885806	0.0042209876	-0.0491266019	-0.0086017278	-0.0027138637	0.14128719999999995
-0.0593587869	-0.0151517667	0.078939904	-0.0868648184	0.0333183036	0.0241494	0.146003	0.363252	-0.007809799999999999	-0.007035	0.00569844	0.0613342157	-0.0643429982	0.0637075421	-0.0089024129	0.0484279296	-0.0034154391	0.1342533000000001
-0.0602828939	-0.0127446681	0.0770096525	-0.0883267658	0.0389149436	0.0273512	0.235364	0.337124	-0.0080902	-0.007543000000000002	0.00531295	0.0195520905	0.0584147869	-0.0071831635	-0.0570727949	0.0425442898	0.0029240687	0.17738530000000002
-0.0611964085	-0.0103286123	0.074957633	-0.0895404494	0.0443407	0.024951400000000002	0.132394	0.355927	-0.00784203	-0.00736189	0.00527589	-0.0251146112	0.0777653638	0.0522482657	0.1005484919	0.0772581034	0.0308329948	0.14748980000000006
-0.0620991702	-0.0079052975	0.07278709	-0.0905024577	0.0495717471	0.0182137	0.22319499999999998	0.355774	-0.008446749999999998	-0.00703505	0.00489995	-0.0689460149	-0.0404249087	0.0011776002	0.0498694744	-0.0018862851	0.0189123387	0.16306669999999998
-0.0629910206	-0.005476426800000001	0.07050145570000001	-0.0912100867	0.0545851143	0.028394299999999997	0.178471	0.30856300000000003	-0.00684458	-0.00675326	0.00508334	-0.007003418199999999	0.0130883204	-0.052690722800000006	0.0479613549	-0.1149996059	-0.0394722057	0.2054831
-0.0638718027	-0.0030437072	0.0681043441	-0.0916613475	0.0593587869	0.026679200000000004	0.212694	0.39376	-0.00725139	-0.00708927	0.00533452	0.007335885	-0.0152627633	0.0722377149	0.0976752048	-0.06432046	0.0664859998	0.17083509999999996
-0.064741362	-0.0006088484	0.0655995455	-0.0918549718	0.0638718027	0.024131200000000002	0.171787	0.31998499999999996	-0.00669334	-0.00721212	0.00523612	0.1144999055	-0.1091563036	0.0002987536	-0.091180468	-0.0636627753	0.0190866884	0.15619499999999992
-0.0655995455	0.0018264382	0.0629910206	-0.0917904153	0.0681043441	0.0405141	0.189005	0.44045100000000004	-0.008293989999999998	-0.00742184	0.00569844	0.0462240031	-0.0755742829	0.1467996525	0.0513413796	0.0143059773	0.1095399959	0.2677013999999999
-0.0664462025	0.0042604413	0.0602828939	-0.0914678594	0.0720378251	0.0343172	0.195933	0.357356	-0.00959856	-0.0066546999999999995	0.00529674	0.0721977005	0.0757782034	-0.0347275782	-0.0941531135	0.0684075037	-0.0705784191	0.21989039999999999
-0.06728118429999999	0.00669145	0.0574794475	-0.0908882107	0.0756549729	0.0223855	0.159503	0.357317	-0.00957897	-0.00644092	0.00531579	0.0400755209	0.0451416746	0.0940740632	0.0117779779	0.0624124481	0.050236706	0.06102170000000009
-0.0681043441	0.0091177559	0.0545851143	-0.09005309859999999	0.078939904	0.015614500000000003	0.26107800000000003	0.340988	-0.0102354	-0.00714765	0.00518115	-0.019271591	0.0756415528	-0.079964641	0.0566168176	0.0142219747	-0.008857159	0.19956500000000002
-0.0689155372	0.0115376538	0.0516044709	-0.0889648703	0.0818781935	0.0220173	0.16056800000000002	0.363444	-0.00927298	-0.00722773	0.00518271	-0.1040515682	-0.0352221323	0.039709777	0.1107670609	-0.0254255781	-0.07625922730000001	0.18157179999999998
-0.0697146213	0.0139494429	0.0485422302	-0.0876265845	0.0844569388	0.030807099999999997	0.243137	0.316346	-0.00974789	-0.00709254	0.00501398	-0.1529997119	-0.0204396222	-0.08138712349999999	-0.0178730683	0.0805921561	-0.0570965369	0.17739829999999998
-0.07050145570000001	0.0163514282	0.0454032342	-0.08604200279999999	0.08666481599999999	0.0357162	0.14559	0.353901	-0.00855505	-0.00732513	0.00524506	-0.1174129108	-0.0036229776	0.0778150981	-0.0955477729	0.0469763509	0.0702873155	0.2228366
-0.0712759023	0.0187419216	0.0421924464	-0.08421557910000001	0.08849212990000001	0.0364006	0.22674299999999997	0.35531399999999996	-0.00947713	-0.00720605	0.00532168	-0.0295701291	0.0414984681	0.0123815554	0.041070546	-0.07448578360000001	-0.002051944	0.1391394
-0.0720378251	0.021119243	0.0389149436	-0.08215244690000001	0.08993085640000001	0.0360323	0.14737	0.39314499999999997	-0.00812023	-0.00738846	0.00569844	0.0390066108	-0.0638253666	0.057876436	0.1168403818	-0.0292911777	-0.0183653159	0.21337579999999998
-0.07278709	0.0234817216	0.0355759084	-0.0798584053	0.0909746778	0.0432954	0.20355499999999999	0.355548	-0.00961503	-0.00705394	0.00563282	0.05729940980000001	-0.0063644446	0.0797723937	0.0180907103	0.1227043408	-0.0450552484	0.1957921
-0.0735235656	0.0258276969	0.0321806203	-0.0773399021	0.0916190104	0.040468699999999996	0.131904	0.376758	-0.0108617	-0.00641328	0.00569844	0.0878889891	0.0362509289	0.0242439238	0.0033413408	0.138323766	-0.0040087338	0.1933352
-0.07424712230000001	0.0281555204	0.028734448	-0.0746040162	0.0918610248	0.0337921	0.201006	0.451342	-0.0140341	-0.00687758	0.00550006	0.0763291016	0.0473816759	-0.0142252669	0.0011611177	-0.008675086	-0.13108886460000002	0.34211660000000005
-0.074957633	0.0304635559	0.0252428406	-0.0716584376	0.0916996582	0.045951599999999995	0.2260010000000001	0.378058	-0.0121015	-0.00771989	0.00529729	0.0272417847	-0.1005887726	-0.0551204893	0.0452636093	0.0508942694	-0.1098896803	0.2593225000000001
-0.0756549729	0.0327501813	0.0217113192	-0.0685114455	0.0911356193	0.0382466	0.284454	0.36645300000000003	-0.0125154	-0.00735035	0.00486227	-0.049393379800000005	-0.0953624336	-0.1391236823	-0.0132091423	0.1233157821	-0.0039148343	0.13868599999999998
-0.07633901950000001	0.0350137895	0.0181454677	-0.0651718852	0.0901713849	0.0378356	0.15274100000000002	0.341973	-0.0116322	-0.00707105	0.00524236	-0.1076996491	-0.0829073208	-0.0817768279	-0.0609995702	0.0212520742	-0.0445843374	0.2337334999999999
-0.0770096525	0.0372527898	0.0145509244	-0.0616491434	0.0888111892	0.0266793	0.251835	0.35395	-0.0117479	-0.00732588	0.00469853	-0.1191951254	0.0658074766	-0.1331413366	-0.1106245162	0.06596666400000001	-0.0029264822	0.16794529999999994
-0.0776667542	0.0394656084	0.0109333732	-0.0579531217	0.0870610049	0.017554799999999995	0.12904000000000002	0.332815	-0.010817700000000001	-0.00754227	0.00462395	-0.0243310033	0.0346644026	-0.028927816600000007	-0.1982054447	-0.023434629	-0.0607013216	0.214113
-0.0783102091	0.0416506902	0.0072985341	-0.054094208600000006	0.0849285176	0.0220833	0.21958000000000005	0.354067	-0.0117439	-0.007442029999999999	0.0045788	0.036793289900000005	0.0826533171	-0.0188811325	-0.1098042723	-0.0649859793	0.07129120650000001	0.16990000000000002
-0.078939904	0.0438064995	0.0036521544	-0.0500832505	0.0824230915	0.0214151	0.13647	0.37240999999999996	-0.0106221	-0.00746415	0.00457579	0.0961623967	0.118898236	0.0095184606	-0.053705050199999986	-0.0795899581	0.03015283	0.15946770000000002
-0.0795557284	0.0459315212	0.0	-0.0459315212	0.0795557284	0.028768400000000006	0.20793499999999998	0.40839699999999995	-0.011997399999999998	-0.007466139999999999	0.0045244	0.1293614004	-0.0140024241	-0.0580711493	-0.0152693985	-0.081841775	0.087462224	0.1862393
-0.0801575741	0.0480242618	-0.0036521544	-0.0416506902	0.07633901950000001	0.0229766	0.12873900000000002	0.38414299999999996	-0.010690700000000001	-0.00766735	0.00477432	0.1295960608	0.025455966200000003	-0.0452269402	0.0472290117	-0.1084625334	-0.1024030284	0.19713330000000007
-0.0807453353	0.0500832505	-0.0072985341	-0.0372527898	0.07278709	0.029129400000000007	0.235837	0.40716399999999997	-0.011943299999999999	-0.00776492	0.0045780000000000005	0.1224180245	-0.0473213638	-0.0497630831	0.0207515924	0.0920408978	-0.010840152	0.21359630000000007
-0.0813189087	0.0521070402	-0.0109333732	-0.0327501813	0.0689155372	0.020538400000000002	0.13086199999999998	0.384372	-0.0107621	-0.007692519999999999	0.00484035	0.1189711884	-0.0515131601	0.0065568181	-0.1111503114	0.0581759243	0.004125162700000001	0.21215550000000008
-0.0818781935	0.054094208600000006	-0.0145509244	-0.0281555204	0.064741362	0.0349655	0.213631	0.416418	-0.012227799999999999	-0.00780065	0.0047793	0.0912588868	0.0288426132	0.0053906578	0.0126347605	-0.0201171363	0.0780720496	0.21098610000000007
-0.0824230915	0.056043359	-0.0181454677	-0.0234817216	0.0602828939	0.073077	0.09953060000000001	0.29393600000000003	-0.00997102	-0.00794913	0.00553232	0.1362998413	0.0690838166	-0.1545402245	0.034847795	-0.033526383	-0.0873988062	0.4326079000000001
-0.082953507	0.0579531217	-0.0217113192	-0.0187419216	0.055559711	0.07937310000000003	0.146547	0.25198899999999996	-0.00871798	-0.007971499999999998	0.00575402	0.0360593147	0.0231065383	0.0330527765	-0.0056396824	0.0190462282	-0.0638474585	0.17011499999999993
-0.0834693467	0.0598221543	-0.0252428406	-0.0139494429	0.0505925538	0.097278	0.19961099999999998	0.320736	-0.00909885	-0.00806951	0.00575917	-0.0119994805	-0.030702169	-0.108476639	0.0251715269	-0.0360489433	0.0387521243	0.16391740000000002
-0.08397052	0.0616491434	-0.028734448	-0.0091177559	0.0454032342	0.08905249999999999	0.154898	0.360182	-0.00982003	-0.00820446	0.00583117	-0.0615685466	-0.0570981667	0.0756892148	-0.0460987776	6.00752e-05	-0.0255071802	0.13879099999999994
-0.0844569388	0.0634328049	-0.0321806203	-0.0042604413	0.0400145395	0.0974015	0.18952	0.31478	-0.00979259	-0.00844843	0.00615289	-0.0116042824	0.0834999022	-0.007766825400000002	0.0942069207	0.0034934643	-0.033393739900000004	0.11802949999999998
-0.0849285176	0.0651718852	-0.0355759084	0.0006088484	0.034450132599999995	0.0778707	0.193554	0.38108400000000003	-0.01083	-0.008745579999999998	0.00600934	0.0097557205	-0.0504665966	-0.0122096621	0.0425788337	-0.0289461019	-0.0913345222	0.1637742999999999
-0.0853851737	0.066865162	-0.0389149436	0.005476426800000001	0.028734448	0.0827852	0.152363	0.346475	-0.010114	-0.00853588	0.0060453	-0.0238773305	0.0682466069	0.0306698214	0.0257702792	0.0566802001	-0.031617438500000004	0.12879749999999998
-0.08582682679999999	0.0685114455	-0.0421924464	0.0103286123	0.0228925844	0.0674689	0.17824799999999996	0.406408	-0.011044499999999999	-0.008692979999999998	0.00590716	-0.06349989290000001	-0.0244964586	-0.0194006398	0.0903464067	-0.019158813700000003	-0.0321582982	0.16242130000000002
-0.0862533992	0.0701095784	-0.0454032342	0.0151517667	0.0169501947	0.0877985	0.146697	0.320194	-0.0103822	-0.008684749999999998	0.0058573	-0.0472055387	-0.0294235973	0.0133782617	-0.0314734544	0.0482459196	-0.0418818534	0.17411410000000002
-0.08666481599999999	0.0716584376	-0.0485422302	0.0199323335	0.0109333732	0.08664149999999997	0.172684	0.418246	-0.0110088	-0.00898103	0.00612304	-0.11165775	0.0282180307	0.0285069921	0.087360859	0.0211698796	0.0927092736	0.184627
-0.0870610049	0.0731569346	-0.0516044709	0.0246568755	0.004868541	0.0859931	0.191719	0.332073	-0.010742	-0.00888593	0.00598706	-0.08139737679999999	-0.0416427228	-0.0909711702	0.0507481268	-0.0222545333	0.0007946135000000001	0.1307503999999999
-0.08744189640000001	0.0746040162	-0.0545851143	0.0293121133	-0.0012176701	0.09255600000000004	0.160779	0.428724	-0.0105885	-0.00893667	0.0063498999999999995	-0.1392684072	-0.1025191147	0.081756905	0.0327993338	0.0048516334	0.05041294	0.16250789999999998
-0.0878074234	0.0759986654	-0.0574794475	0.0338849624	-0.0072985341	0.0950081	0.21735700000000002	0.355376	-0.010914	-0.00894179	0.00602894	-0.1317707469	0.0899244018	-0.0090045505	0.028932309	0.0533010387	-0.0406243471	0.16495709999999988
-0.0881575217	0.0773399021	-0.0602828939	0.0383625694	-0.0133473487	0.0903494	0.17266099999999998	0.4339020000000001	-0.0108051	-0.00901992	0.00618268	-0.1436739696	-0.007358540500000002	0.0273486812	0.137618551	-0.0411966497	0.0657829632	0.14491920000000005
-0.08849212990000001	0.07862678349999999	-0.0629910206	0.0427323491	-0.0193375523	0.0892556	0.23067	0.388237	-0.0118271	-0.00916617	0.00631534	-0.11519172	-0.07206664410000001	-0.0377920476	0.0106762058	0.0144524505	-0.0474327775	0.16981329999999992
-0.0888111892	0.0798584053	-0.0655995455	0.0469820191	-0.0252428406	0.101617	0.159718	0.398631	-0.011279299999999999	-0.00908124	0.00648215	-0.1307770246	-0.0327332423	0.06550304259999999	-0.0267121939	0.0937411152	0.12795635619999998	0.13368439999999987
-0.0891146434	0.0810339018	-0.0681043441	0.0510996347	-0.0310372824	0.0947446	0.23860599999999998	0.35933200000000004	-0.0117952	-0.00913291	0.00617752	-0.13158269150000002	0.0251719779	-0.0468147406	0.0269751717	-0.049682971	-0.0286179849	0.16866939999999994
-0.0894024392	0.08215244690000001	-0.07050145570000001	0.05507362230000002	-0.0366954331	0.09511900000000001	0.147887	0.38628	-0.0103107	-0.00914216	0.00648215	-0.0902617324	-0.0861243141	-0.0433378058	0.0136863671	-0.08037935110000001	0.0319869929	0.20796040000000007
-0.0896745262	0.0832132545	-0.07278709	0.058892812	-0.0421924464	0.09368000000000004	0.260945	0.42035500000000003	-0.0119202	-0.00900127	0.00628431	-0.0591022987	0.0373564074	0.0489023829	-0.0907321309	-0.0053219648	-0.0356666733	0.24598349999999994
-0.08993085640000001	0.08421557910000001	-0.074957633	0.0625464692	-0.0475041838	0.09739860000000004	0.17752599999999996	0.403791	-0.0108415	-0.00898842	0.00648215	0.0341524928	0.08360497110000001	0.0160251865	-0.0208263978	0.0383911056	0.0586158056	0.16817109999999993
-0.0901713849	0.08515871609999999	-0.0770096525	0.0660243242	-0.0526073205	0.08533849999999997	0.21425999999999998	0.459462	-0.0124007	-0.00915309	0.00648215	0.0345326632	-0.031809247	-0.0065977519	0.0500580584	-0.0014432647	0.0071497785	0.1906586
-0.0903960694	0.08604200279999999	-0.078939904	0.0693166017	-0.0574794475	0.0830939	0.165607	0.412825	-0.011310899999999999	-0.0089784	0.00633592	0.0769427537	-0.0895469948	-0.0828937896	0.0183895607	-0.0135880997	-0.0472824952	0.16807060000000001
-0.0906048703	0.0868648184	-0.0807453353	0.072414048	-0.0620991702	0.0846905	0.204753	0.46541899999999997	-0.0121148	-0.008837579999999998	0.00622375	-0.0203167879	-0.0589381065	0.0359994648	0.006055673100000001	0.0032752977	-0.015764226399999998	0.14618109999999998
-0.0907977511	0.0876265845	-0.0824230915	0.07530795700000001	-0.0664462025	0.101735	0.166379	0.375424	-0.0108839	-0.0087816	0.00637231	0.003924906	0.1044738635	0.034862193300000004	-0.0854143418	0.0413555943	-0.0392687986	0.2171855
-0.0909746778	0.0883267658	-0.08397052	0.07799019459999999	-0.07050145570000001	0.101368	0.167537	0.46096800000000004	-0.0114067	-0.00901853	0.00631186	0.0035760882	-0.0015178177	0.0837108813	0.0606911652	-0.0084702491	0.07896214900000001	0.12807800000000005
-0.0911356193	0.0889648703	-0.0853851737	0.0804532217	-0.07424712230000001	0.0964918	0.21149600000000002	0.41225100000000003	-0.0116921	-0.00886136	0.00636603	0.0597396647	-0.0279171159	-0.0906437153	0.054974913499999986	-0.0510415025	-0.0423437928	0.1223892
-0.0912805474	0.0895404494	-0.08666481599999999	0.0826901155	-0.0776667542	0.0974178	0.13539400000000001	0.45665500000000003	-0.0111066	-0.008801369999999998	0.00648215	0.0158400527	-0.0708900571	0.0621993371	0.1319647309	-0.0031268218	-0.0572099016	0.15951250000000008
-0.0914094366	0.09005309859999999	-0.0878074234	0.08469458839999999	-0.0807453353	0.0751995	0.23323899999999997	0.424598	-0.012534	-0.00852097	0.00604989	-0.0062276385	-0.0505534005	-0.0484235987	0.0023324648	0.0966516452	-0.0768494754	0.2591233000000001
-0.0915222642	0.0905024577	-0.0888111892	0.0864610066	-0.0834693467	0.0592717	0.139707	0.419289	-0.0114485	-0.00853567	0.00558183	-0.0267277138	-0.1343195686	0.0451202071	-0.0706099033	0.0157277296	0.0241436911	0.1931818
-0.0916190104	0.0908882107	-0.0896745262	0.087984405	-0.08582682679999999	0.0627558	0.23523200000000002	0.42049	-0.0120531	-0.00825675	0.00537656	-0.002531677	0.1001733943	-0.0393110202	-0.0837501634	-0.0102960541	0.0319242352	0.1546496
-0.0916996582	0.0912100867	-0.0903960694	0.0892605018	-0.0878074234	0.07531949999999997	0.185788	0.41758900000000004	-0.0119078	-0.0079737	0.0057521000000000004	0.0890246838	0.0390835278	0.032644489900000004	-0.1254387854	-0.0321347128	-5.93367e-05	0.1051032
-0.0917641935	0.0914678594	-0.0909746778	0.0902857102	-0.0894024392	0.0783243	0.181789	0.4124640000000001	-0.011604999999999999	-0.0083755	0.00588335	0.1220220853	0.0676837742	0.0478192937	-0.0194615781	0.0077288623	0.0600222127	0.05392129999999992
-0.0918126049	0.0916613475	-0.0914094366	0.0910571485	-0.0906048703	0.0740995	0.15079	0.453796	-0.0113077	-0.008427149999999998	0.00588335	0.0842902682	0.034648375	0.0675961382	-0.0411563598	-0.1003335422	0.0538976401	0.0940033
-0.0918448838	0.0917904153	-0.0916996582	0.0915726486	-0.0914094366	0.0647549	0.198374	0.409283	-0.0116117	-0.00797695	0.00550388	0.1197595909	0.0520298566	0.0202962803	-0.0353378437	-0.0543721576	0.044390076	0.15812509999999996
-0.0918610248	0.0918549718	-0.0918448838	0.0918307613	-0.0918126049	0.060903	0.135034	0.45940600000000004	-0.0112161	-0.00785192	0.00544026	0.1003897972	0.065025857	0.0528125181	-0.0114495776	-0.0166937614	0.0629539368	0.14652740000000006
