0.0868729224	0.08686834380000001	0.08686071320000001	0.0868500306	0.08683629650000001	0.08681951130000001	-2.45892e-09	0.10908699999999999	-0.026412400000000003	-0.00176546	-0.0	0.0	-0.2127900691	0.0496941279	-0.1505654135	0.0277682985	-0.1982101387	-0.0127622281	0.0
0.08686071320000001	0.08681951130000001	0.0867508561	0.0866547691	0.0865312808	0.0863804302	-0.00241499	0.09518510000000001	0.0171414	-0.00175571	-0.0	0.0	-0.0932718413	0.0795462502	-0.06740289769999999	-0.0842236884	-0.1939522914	-0.0757177927	0.060358187541080015
0.08683629650000001	0.0867218737	0.0865312808	0.0862646851	0.0859223209	0.08550448869999999	-0.00200381	0.13083800000000004	-0.021916400000000003	-0.0014587999999999995	-0.0	0.0	0.0411070275	-0.1269785385	0.0476027227	-0.0202198643	-0.16434650480000002	-0.0017027558	0.08996738000000001
0.08679967570000001	0.0865754859	0.0862022651	0.0856806557	0.08501155560000001	0.0841961167	-0.0244937	0.140138	0.0239273	-0.00182984	0.000171909	0.0	0.06606877900000001	-0.0438608621	-0.0423584337	-0.08657784310000001	-0.05659361860000001	0.1647724185	0.10478104
0.0867508561	0.0863804302	0.0857642251	0.0849039939	0.0838021842	0.0824619312	-0.0216516	0.11960599999999999	0.010801	-0.00158072	0.000349582	0.000110131	0.0630532924	-0.053905561100000006	-0.0931630042	0.0736348611	-0.1130786344	0.1046898675	0.0633466
0.0866898444	0.0861368163	0.0852177147	0.0839364457	0.0822984546	0.08031070259999999	-0.0210317	0.14581	0.0362134	-0.00163463	0.000357716	0.000172024	0.0493334627	-0.0164456656	-0.0821087441	-0.0084843281	-0.055579475700000006	0.0909843474	0.05843314999999999
0.08661664919999999	0.08584478109999999	0.0845634253	0.0827801866	0.08050564860000001	0.0777533106	-0.0169351	0.15034	0.00660294	-0.00186285	-0.0	0.0	0.061285496900000014	0.0016595263	-0.0102965927	0.1225377397	-0.0633746234	0.0839392402	0.07613506
0.0865312808	0.08550448869999999	0.0838021842	0.0814378161	0.0784300636	0.074802689	-0.022915900000000003	0.104676	0.037762800000000006	-0.00171681	0.00035064199999999997	0.000357447	0.1088016194	0.012034722	-0.0521713913	0.0541049082	0.0702143474	-0.08414414490000001	0.12551111000000004
0.08643375130000001	0.08511613050000001	0.08293495440000001	0.0799123522	0.0760789902	0.07147376009999999	-0.0201618	0.168357	0.03895680000000002	-0.00253078	0.000358309	0.00021035700000000002	0.0727783161	0.0043268349	0.1300553712	0.0730567975	0.0862820633	-0.0181367601	0.11606545
0.0863240742	0.0846799248	0.0819628325	0.0782072245	0.0734606865	0.0677833598	-0.00849326	0.0793429	0.022744	-0.00156822	-0.0	0.0	0.094689178	0.0618808306	0.0761546063	0.016658889399999998	0.111077989	-0.0551179309	0.19345674
0.0862022651	0.0841961167	0.0808870481	0.0763262666	0.0705843495	0.06375015190000001	-0.0220382	0.15143399999999999	0.0308135	-0.00194974	0.00037989400000000003	0.00019381400000000005	0.0202550301	0.0297184237	0.1492319958	0.0208488641	0.1246568013	-0.17318950449999998	0.14146694
0.0860683411	0.0836649783	0.07970896179999999	0.0742737074	0.0674600824	0.0593945339	2.41059e-09	0.08456869999999997	-0.0113568	-0.0016832999999999998	-0.0	0.0	0.0280584254	-0.028278881	0.1339943878	-0.0090544298	0.08888589849999999	0.045872332	0.17308120241059002
0.0859223209	0.08308680809999999	0.0784300636	0.0720541615	0.0640988592	0.054738534000000005	-2.71298e-09	0.161549	0.015948300000000002	-0.00275368	-0.0	0.0	0.0038150486	-0.07652622860000001	-0.0024051237	0.008480051700000001	0.07747708190000001	0.0395108009	0.15780440512356994
0.0857642251	0.0824619312	0.077051971	0.0696726192	0.0605124865	0.0498056993	6.08108e-09	0.116904	0.0186491	-0.00221134	-0.0	0.0	0.0278309146	-0.042895039	-0.0426309127	0.1089915417	0.035279788900000005	0.0145948665	0.07446280879405999
0.0855940759	0.0817906987	0.07557642690000001	0.0671344347	0.0567135615	0.0446209772	-3.0270500000000002e-09	0.156221	0.0474598	-0.00267736	-0.0	0.0	-0.0177717167	0.0190205149	-0.0110588159	-0.0327145101	-0.0203518479	0.0077021242	0.09142870910813004
0.0854118973	0.0810734882	0.0740052975	0.06444531440000001	0.052715428	0.039210589	-3.79815e-09	0.157987	0.012436200000000001	-0.00260279	-0.0	0.0	-0.0250737288	0.0915340302	0.07459756099999999	0.0346480653	-0.0220508545	0.08534208439999999	0.040518100771100005
0.0852177147	0.08031070259999999	0.0723405698	0.0616113044	0.0485321297	0.0336018971	4.9494599999999996e-09	0.123051	0.032772699999999995	-0.00218768	-0.0	0.0	-0.031341529300000004	0.0970338226	0.007092580899999998	-0.0875255439	0.0387046968	-0.1336075203	0.07602800874760997
0.08501155560000001	0.0795027708	0.0705843495	0.058638776	0.0441783605	0.0278232669	-8.895709999999999e-10	0.14456	-0.014776599999999999	-0.00233753	-0.0	0.0	-0.0341663215	-0.0519970358	0.120795148	-0.0023082244	0.0187431425	-0.0868695131	0.07655080583903097
0.08479344890000001	0.0786501471	0.0687388576	0.0555344125	0.0396694132	0.0219039234	-0.0115625	0.0797034	0.041473800000000005	-0.00167822	0.000220652	0.00039442599999999997	0.0079037363	-0.0193867986	-0.0233500585	-0.1831586097	0.039122799900000005	0.0753229574	0.19638889911042892
0.0845634253	0.0777533106	0.0668064281	0.0523051931	0.0350211256	0.0158738029	-0.00358217	0.158278	0.0167105	-0.00212013	7.951589999999998e-05	0.000591673	-0.0308298589	-0.0586669984	-0.07281577139999999	0.0891942907	-0.0102076729	0.1015510468	0.150332885
0.084321517	0.0768127656	0.06478950530000001	0.0489583781	0.0302498251	0.0097634022	-0.015007499999999997	0.0709348	0.015310800000000001	-0.00114203	-0.0	0.000841673	-0.0012534973	-0.022823837000000003	-0.1008781637	0.0449954061	0.0334722573	-0.0692599816	0.165549025
0.0840677581	0.0758290407	0.0626906399	0.0455014918	0.0253722709	0.0036036241	-0.00585763	0.153349	0.0291465	-0.00224371	0.00010299500000000004	0.000359128	-0.0622682182	0.0489616915	0.0845067511	-0.0065995172	0.007092845200000001	-0.0246895475	0.18976077
0.0838021842	0.074802689	0.0605124865	0.0419423064	0.0204055957	-0.002574379	-0.00531162	0.0683811	0.0157401	-0.0014241	-1.1408199999999998e-22	0.000526109	-0.0315862545	0.0555366624	0.091881301	-0.0635758675	0.0227094412	-0.033487559	0.15339961
0.0835248327	0.0737342873	0.0582578	0.0382888237	0.0153672451	-0.0087393624	-0.00405466	0.16268	0.026179200000000003	-0.00250734	-1.6691900000000003e-22	0.000591673	-0.033823052	-0.0793058328	0.0359647237	-0.0040447937	0.0346824082	-0.0902658018	0.16343516
0.0832357426	0.07262443639999999	0.05592943190000002	0.0345492578	0.0102749165	-0.0148601474	-0.00850795	0.08272119999999998	0.0158908	-0.00144426	7.90077e-05	0.000591673	0.0378585767	-0.083642291	-0.0389535741	0.0508325301	0.0088439161	-0.0277182527	0.151804875
0.08293495440000001	0.07147376009999999	0.053530327	0.0307320162	0.0051464969	-0.0209057786	-0.0183752	0.149767	0.0741461	-0.0024623	0.000324797	0.0006465430000000001	-0.0138318883	0.0464657992	-0.0483603843	-0.0362656495	0.0373817708	-0.0271027716	0.2011033150000001
0.0826225104	0.0702829053	0.0510635197	0.026845681	0.0	-0.026845681	-0.00645697	0.09478510000000001	0.0239253	-0.0015617	1.7313700000000004e-22	0.000591673	-0.0027171593	0.1267449934	0.0653597785	-0.0031410989	0.0237296587	0.0456011638	0.18113428000000004
0.0822984546	0.06905254129999999	0.0485321297	0.0228989897	-0.0051464969	-0.0326498139	-0.00370257	0.137633	0.047961199999999996	-0.00198099	-0.0	0.000220078	-0.0462559759	0.0626098397	0.0135417429	-0.0552761535	0.0689882675	-0.1222091866	0.10918245
0.0819628325	0.0677833598	0.0459393588	0.0189008155	-0.0102749165	-0.0382888237	0.000337167	0.07796709999999997	0.00355459	-0.00119065	-8.021179999999997e-05	0.000285214	-0.0489344077	-0.116896524	0.0409170289	-0.0074506246	0.0252090257	0.011367475	0.15489663700000006
0.0816156912	0.0664760744	0.043288486	0.0148601474	-0.0153672451	-0.0437341916	-0.00404225	0.11330699999999999	0.0411476	-0.00150523	-0.0	0.000180696	0.0045234939	-0.032680414	-0.0912705842	-0.0307011851	0.0687910741	0.133890803	0.102277817
0.0812570796	0.0651314197	0.040582864100000005	0.0107860698	-0.0204055957	-0.0489583781	0.000191437	0.128788	0.0162489	-0.00156959	-0.0	0.000118179	0.033759347	0.0542525692	-0.0466208338	0.1387991138	0.0001726278	0.0575731705	0.05095723700000001
0.0808870481	0.06375015190000001	0.037825915	0.0066877423	-0.0253722709	-0.0539349624	-0.0123107	0.0972306	0.0584646	-0.0015642999999999998	7.059109999999998e-23	0.0006510530000000001	0.0410509759	0.0796463774	-0.029095294700000007	-0.061585955	0.0112326225	-0.1135215094	0.113183437
0.08050564860000001	0.062333047300000013	0.0350211256	0.002574379	-0.0302498251	-0.058638776	-0.00228045	0.12413099999999999	0.0104458	-0.00166915	-0.0	0.00025121400000000004	0.0291481598	-0.030429354900000007	0.1210412655	0.0025849241	-0.052161597699999986	-0.0792280556	0.11018389999999999
0.08011293480000001	0.0608809025	0.0321720432	-0.0015447720999999998	-0.0350211256	-0.06304602990000001	-0.00412852	0.0838072	0.054678899999999996	-0.00144449	-9.85083e-05	0.000338639	0.0239563896	-0.0713951996	-0.019733626	-0.128749035	0.032093443	0.1092217702	0.106934635
0.07970896179999999	0.0593945339	0.0292822713	-0.0056604503000000006	-0.0396694132	-0.0671344347	-0.00490301	0.0962184	0.040186800000000016	-0.00185576	-0.000133196	0.00035282900000000003	0.0239837761	0.0097995876	-0.1047205922	0.065990063	0.0021302264	0.08219178190000001	0.05068517499999999
0.0792937865	0.057874777	0.0263554645	-0.0097634022	-0.0441783605	-0.0708833137	-0.01054	0.0871054	0.078265	-0.00158976	1.3946000000000007e-05	0.000591672	0.0097826324	0.088104465	-0.080520644	-0.034133193199999995	-0.0008968415	-0.0824794287	0.08542744
0.0788674671	0.0563224862	0.0233953247	-0.0138444035	-0.0485321297	-0.0742737074	-0.00253487	0.11037899999999999	0.011488600000000002	-0.0014278	-8.065979999999999e-05	0.000395428	-0.0085093118	-0.014402604	0.1263261604	-0.0347988973	-0.0514211847	0.013706596	0.12069562
0.0784300636	0.054738534000000005	0.0204055957	-0.017894278899999998	-0.052715428	-0.0772884692	-0.009628490000000005	0.0674325	0.044325	-0.0012032700000000006	-0.00010624000000000004	0.000591673	-0.0157790796	-0.0890219092	-0.0550171105	-0.109586551	0.035661363	0.0699514083	0.10519428
0.0779816375	0.0531238108	0.017390058700000002	-0.0219039234	-0.0567135615	-0.0799123522	-0.00901822	0.12767799999999999	0.0326144	-0.00153439	-0.00021827400000000002	0.000647707	-0.0402586368	-0.0128120121	-0.052915593	0.1006183619	0.025034434	0.07450451599999999	0.09752577
0.0775222518	0.0514792244	0.0143525276	-0.0258643221	-0.0605124865	-0.0821320864	-0.0129233	0.0624193	0.0544788	-0.00103715	-0.000296097	0.000841673	0.0070017756	0.1021351643	-0.0475812979	0.0088391389	0.0766437449	-0.1064094637	0.12947963
0.077051971	0.0498056993	0.0112968441	-0.0297665711	-0.0640988592	-0.0839364457	-0.00684138	0.11613599999999999	0.0218967	-0.00109896	-0.00019847200000000002	0.000451722	-0.062360919	-0.0750897697	0.1134691052	-0.022570954700000003	0.0171665847	-0.0708903939	0.11985002
0.0765708613	0.0481041762	0.008226873	-0.0336018971	-0.0674600824	-0.0853163048	-0.0148722	0.0502	0.035137800000000004	-0.00069291	-0.00024718200000000003	0.000841673	-0.0282748278	-0.0829600405	-0.0442813402	-0.0966430299	0.008839071	0.0504489015	0.12944346999999998
0.0760789902	0.0463756116	0.0051464969	-0.0373616773	-0.0705843495	-0.0862646851	-0.011574	0.140316	0.0395782	-0.0012072	-0.00018582	0.000841673	-0.0033538911	0.0069677182	-0.0584235176	0.0293964438	-0.0420640209	0.0468206668	0.1266372
0.07557642690000001	0.0446209772	0.0020596118	-0.0410374587	-0.0734606865	-0.0867767904	-0.017534900000000003	0.053066999999999996	0.0283279	-0.00034177199999999995	-0.000356003	0.00103404	0.0814029808	0.0738254605	-0.0888526696	0.0058068188	-0.00997581	-0.0950250044	0.1658591
0.075063242	0.042841259400000005	-0.0010298783	-0.0446209772	-0.0760789902	-0.0868500306	-0.012727	0.130644	0.0503589	-0.00104478	-0.00030403200000000003	0.0008695510000000001	0.0091570639	0.0402764087	0.07927441910000001	-0.0388424186	-0.0032001203000000004	-0.1368682157	0.15038929999999998
0.0745395077	0.0410374587	-0.0041180657	-0.0481041762	-0.0784300636	-0.08648403539999999	0.00164601	0.050948	0.0135209	-0.000219144	-0.000188567	0.0012597900000000006	-0.0221962335	-0.0537102387	0.0348093834	-0.1065247075	0.0236492407	0.0382200201	0.1974740100000001
0.0740052975	0.039210589	-0.0072010449	-0.0514792244	-0.08050564860000001	-0.0856806557	-0.00869684	0.146258	0.0280077	-0.0007503689999999998	-0.000177065	0.0012597900000000006	-0.0642620778	-0.0242289398	-0.05568476940000002	0.0006750842	0.0356054617	0.0894935047	0.147276
0.0734606865	0.0373616773	-0.0102749165	-0.054738534000000005	-0.0822984546	-0.08444395460000001	-0.013880600000000002	0.056201	0.00588914	-0.000173269	-0.00033439	0.0012597900000000006	-0.0016866545	0.0874400467	-0.0950517844	0.1236044863	0.043140805	0.0562433106	0.15408056999999994
0.0729057513	0.0354917629	-0.0133357929	-0.057874777	-0.0838021842	-0.0827801866	-0.012900600000000005	0.137703	0.0262974	-0.0007367279999999998	-0.000363469	0.0012597900000000006	-0.0153392615	0.0935524523	0.0441003662	-0.041306329700000005	0.0386937319	-0.0445251414	0.13251716
0.0723405698	0.0336018971	-0.0163798029	-0.0608809025	-0.08501155560000001	-0.08069776599999999	-0.010364000000000002	0.0609931	-0.00036360699999999995	-0.00047766599999999996	-0.000467222	0.00110257	-0.0829383365	-0.0897601284	0.0050418769	0.0383537925	0.0338473843	0.048112656600000005	0.131909257
0.0717652216	0.0316931422	-0.0194030965	-0.06375015190000001	-0.0859223209	-0.0782072245	-0.012435	0.116834	0.0216757	-0.000514369	-0.000457453	0.00105984	-0.0923870818	0.0325043317	-0.0660877854	0.0154485943	0.0739754993	0.0709973725	0.08441130699999998
0.0711797874	0.0297665711	-0.0224018501	-0.0664760744	-0.0865312808	-0.0753211577	-0.0102416	0.0898048	-0.00388831	-0.000122926	-0.00030995400000000003	0.000796791	-0.0370863393	0.0956413249	0.08842198	0.0663535742	-0.0552485725	0.0879273986	0.09488615999999997
0.0705843495	0.0278232669	-0.0253722709	-0.06905254129999999	-0.08683629650000001	-0.0720541615	-0.00942029	0.0812135	0.0256815	-0.0006529680000000001	-0.000135175	0.0012597900000000006	-0.012397023899999998	-0.0121032851	0.012165898400000002	-0.14756897970000002	-0.0414681194	-0.0063541202000000005	0.09737342
0.0699789916	0.0258643221	-0.0283106021	-0.07147376009999999	-0.08683629650000001	-0.06842275860000001	-0.00508688	0.0994005	-0.00289229	-0.00046328300000000004	-0.000298398	0.0012597900000000006	-0.0292153079	-0.048260646	-0.085713865	0.1232660311	-0.1458751153	-0.0331632409	0.06873960000000001
0.0693637988	0.0238908378	-0.0312131275	-0.0737342873	-0.0865312808	-0.06444531440000001	-0.0134118	0.09680250000000004	0.0406891	-0.0005129819999999999	-0.000539337	0.0012597900000000006	-0.0078961146	0.0125396076	-0.1235591503	0.0143495845	-0.0377559018	-0.0354839931	0.06903621
0.0687388576	0.0219039234	-0.0340761761	-0.0758290407	-0.0859223209	-0.0601419444	-0.0059195	0.14338499999999998	0.012693000000000001	-0.0008909929999999998	-0.00036711599999999996	0.0010417	-0.0332554244	0.0287758795	0.1693158322	0.0221527111	-0.0928286417	0.0150563948	0.12048699999999996
0.0681042557	0.0199046958	-0.036896126800000005	-0.0777533106	-0.08501155560000001	-0.0555344125	-0.0101577	0.0583168	0.0167675	-0.00016034	-0.000372583	0.0012597900000000006	-0.0357222703	-0.0951456592	-0.033112504	-0.1159145677	-0.040635891	0.036361109	0.14109140000000006
0.0674600824	0.017894278899999998	-0.0396694132	-0.0795027708	-0.0838021842	-0.0506460208	-0.00534365	0.146884	0.0172131	-0.000697523	-0.00039948800000000003	0.0012597900000000006	-0.05577114440000002	0.017213356000000003	-0.0610971905	0.0105121002	-0.1105641166	0.0274804935	0.12203124999999998
0.0668064281	0.0158738029	-0.0423925277	-0.0810734882	-0.0822984546	-0.0455014918	-0.008853100000000001	0.044900999999999996	0.013832400000000005	1.47475e-06	-0.000218347	0.0012597900000000006	0.0308146177	0.1053826537	-0.066829897	-0.000914311	-0.0436775839	-0.108535754	0.1528800875
0.0661433849	0.0138444035	-0.0450620262	-0.0824619312	-0.08050564860000001	-0.0401268436	-0.00908765	0.131822	0.0174641	-0.000621715	-0.000306967	0.0012597900000000006	-0.010906516399999998	-0.0126616328	0.1593056746	-0.0051384625	-0.0478926987	-0.1532774018	0.1263777375
0.0654710458	0.0118072215	-0.0476745325	-0.0836649783	-0.0784300636	-0.0345492578	-0.012184700000000001	0.030223400000000008	0.00679182	-6.574510000000001e-05	-0.00032456	0.00113989	0.0378516427	-0.1126228241	0.0037054429	0.0248620303	0.0290073191	-0.0507912594	0.15004107500000002
0.06478950530000001	0.0097634022	-0.0502267424	-0.0846799248	-0.0760789902	-0.0287969426	-0.0163801	0.12626600000000002	0.0282719	-0.0008271659999999997	-0.00045017099999999997	0.0010097900000000002	-0.0333465685	0.0466644378	0.0045482512	0.0355456682	0.06597510919999999	0.0153856094	0.17257467499999998
0.0640988592	0.0077140944	-0.052715428	-0.08550448869999999	-0.0734606865	-0.0228989897	-0.010604400000000002	0.0636581	0.00035711300000000005	-0.000337939	-0.000268582	0.0010097900000000002	-0.0138727551	0.0352226136	0.1178006832	-0.0117025297	-0.0070032348	0.0939306591	0.12983918699999994
0.0633992047	0.0056604503000000006	-0.05513744190000002	-0.0861368163	-0.0705843495	-0.0168852274	-0.0106895	0.141	0.028227699999999998	-0.000797761	-0.000417039	0.0012597900000000006	-0.0386859342	-0.0524308768	-0.0148353981	0.0157032562	-0.0086762436	-0.0155546455	0.14821153700000006
0.0626906399	0.0036036241	-0.0574897206	-0.0865754859	-0.0674600824	-0.0107860698	0.00132724	0.09955240000000004	0.00513129	-0.000454849	-0.000437503	0.0014426999999999999	0.05707110610000001	0.0165860234	-0.0576966679	0.0975530176	-0.0338097325	0.0040549456	0.10387504999999997
0.0619732646	0.0015447720999999998	-0.0597692892	-0.08681951130000001	-0.0640988592	-0.0046323627	-0.0122115	0.138233	0.038277	-0.000851623	-0.0006837910000000001	0.0012597900000000006	0.0447102701	0.0785652609	0.0138918617	-0.0262344248	0.0018255695	-0.0909433617	0.12666365
0.0612471794	-0.0005149482	-0.0619732646	-0.08686834380000001	-0.0605124865	0.0015447720999999998	0.0012518	0.082871	-0.000305253	-0.000798208	-0.0006837910000000001	0.00168995	0.0366970239	-0.15398001960000002	0.0356205278	-0.0011800798	0.0212748149	0.0067337998	0.13158630300000002
0.0605124865	-0.002574379	-0.0640988592	-0.0867218737	-0.0567135615	0.0077140944	-0.013477000000000001	0.12331500000000001	0.028107	-0.0007365759999999999	-0.000713888	0.0021198000000000002	0.0190810855	0.0110643484	-0.0488537444	0.0001162948	0.1023008219	0.0977302853	0.10966400299999997
0.0597692892	-0.0046323627	-0.0661433849	-0.0863804302	-0.052715428	0.0138444035	-0.000313702	0.0908766	0.00175926	-0.00040142300000000004	-0.000842053	0.00194181	0.047580774000000006	0.0800886643	0.0907981201	0.1066230157	0.024376578500000003	0.0892722648	0.10401483799999996
0.0590176918	-0.0066877423	-0.0681042557	-0.08584478109999999	-0.0485321297	0.0199046958	-0.00708601	0.0847336	0.019632	-0.000353713	-0.000752959	0.0016466199999999995	0.0016579011	-0.07734278900000001	0.04829752650000002	-0.0918034959	0.0948104277	0.0210881136	0.052387748
0.0582578	-0.0087393624	-0.0699789916	-0.08511613050000001	-0.0441783605	0.0258643221	-0.000603276	0.0844763	0.00384335	-0.0005022319999999999	-0.000634511	0.00156228	-0.0104802967	-0.0551326346	-0.042525113	0.1445289533	0.0419320168	0.044800615	0.040094034
0.0574897206	-0.0107860698	-0.0717652216	-0.0841961167	-0.0396694132	0.0316931422	0.00111771	0.100672	0.0279872	-0.0007339169999999997	-0.000776985	0.00185552	0.0148551165	0.0588956114	-0.0131292224	0.026039895	0.0446731102	-0.048958691	0.07543048599999999
0.0567135615	-0.0128267138	-0.0734606865	-0.08308680809999999	-0.0350211256	0.0373616773	0.0183176	0.239002	-0.0203012	-0.00202392	-0.00089813	0.00157783	-0.0142152628	-0.0652556965	0.1165216569	0.1472028639	0.0427136972	0.0818239362	0.28826019
0.05592943190000002	-0.0148601474	-0.075063242	-0.0817906987	-0.0302498251	0.042841259400000005	0.021015799999999998	0.0539577	-0.0205145	-0.00063988	-0.00121399	0.00199221	-0.0418724959	0.005625864300000001	0.0383256521	0.15933249859999998	0.0543237302	0.0576741437	0.2936698
0.05513744190000002	-0.0168852274	-0.0765708613	-0.08031070259999999	-0.0253722709	0.0481041762	0.0211977	0.0196862	0.010626799999999999	3.4677e-05	-0.0008421839999999999	0.00193493	-0.08247788219999999	0.0879380939	0.0602580382	-0.0455691483	0.0154677823	-0.0957459075	0.12077685
0.054337702800000005	-0.0189008155	-0.0779816375	-0.0786501471	-0.0204055957	0.0531238108	0.0150768	0.0574991	0.0321534	0.000183471	-0.0008421839999999999	0.00210184	-0.0894102164	-0.0571835228	0.0159650842	-0.0692785762	-0.033961523	-0.0852139269	0.08124559999999997
0.053530327	-0.0209057786	-0.0792937865	-0.0768127656	-0.0153672451	0.057874777	0.014551699999999999	0.0851265	0.0288846	0.000706978	-0.00105668	0.00248673	-0.0007028605	-0.0340278551	-0.05741130150000001	0.0380668459	-0.0688010306	-0.0658520502	0.08756595
0.052715428	-0.0228989897	-0.08050564860000001	-0.074802689	-0.0102749165	0.062333047300000013	0.0153121	0.127943	0.0604943	0.000973023	-0.00110777	0.00275931	0.0718969391	0.0036455082	-0.0360272653	0.033784434700000004	-0.0305767696	-0.0174508621	0.10467235
0.0518931204	-0.0248793282	-0.0816156912	-0.07262443639999999	-0.0051464969	0.0664760744	0.0173543	0.127235	0.0663233	0.00105884	-0.00120552	0.00274569	0.1894048969	-0.006159303299999999	0.11003116	-0.0219542238	-0.08620436710000001	0.0196685578	0.01843855000000004
0.0510635197	-0.026845681	-0.0826225104	-0.0702829053	-0.0	0.0702829053	0.0129649	0.155437	0.0712471	0.00042257300000000003	-0.00134873	0.00249848	0.1884632889	-0.0761142299	-0.0071329338	-0.0500565097	-0.06259697389999999	-0.0131569445	0.08884954999999999
0.0502267424	-0.0287969426	-0.0835248327	-0.0677833598	0.0051464969	0.0737342873	0.0186058	0.124298	0.0763878	0.00064379	-0.00108928	0.00245972	0.2049193946	-0.0582316533	-0.024503183	0.0568427408	-0.0813486828	-0.0378034451	0.06789195
0.0493829062	-0.0307320162	-0.084321517	-0.0651314197	0.0102749165	0.0768127656	0.008462759999999998	0.14501	0.115748	0.000590461	-0.00120381	0.0022035999999999996	0.1695169506	0.0809304674	-0.0733872642	-0.0116178107	-0.0159040814	-0.06105222320000001	0.09141419
0.0485321297	-0.0326498139	-0.08501155560000001	-0.062333047300000013	0.0153672451	0.0795027708	0.00919094	0.060801999999999995	0.047462300000000006	0.00028805599999999997	-0.0009096089999999999	0.00216305	0.0749407976	-0.1051607489	0.052827887	-0.0813678159	-0.0657912916	0.0398676888	0.18507968
0.0476745325	-0.0345492578	-0.0855940759	-0.0593945339	0.0204055957	0.0817906987	0.00713893	0.0810173	0.0967962	-0.000292644	-0.00102382	0.00210954	0.0543541327	-0.005663346999999999	-0.1181549716	-0.0738341545	-0.0968867938	0.0584725734	0.10902226
0.046810235	-0.03642928	-0.0860683411	-0.0563224862	0.0253722709	0.0836649783	0.012691899999999999	0.0716983	0.0411292	-1.3356099999999999e-05	-0.00102382	0.00207335	0.0699778362	0.1067675917	-0.0179433626	-0.0449852783	-0.1072722359	0.0957222905	0.086312865
0.0459393588	-0.0382888237	-0.08643375130000001	-0.0531238108	0.0302498251	0.08511613050000001	0.020187200000000002	0.0714609	0.0691703	-2.2949e-05	-0.00117305	0.00235954	0.018707503700000003	-0.0476891721	-0.0862692018	-0.1702125679	-0.0326315095	0.0476184616	0.058024445000000015
0.0450620262	-0.0401268436	-0.0866898444	-0.0498056993	0.0350211256	0.0861368163	0.020784200000000003	0.0972198	0.038122500000000004	-8.57718e-05	-0.00123801	0.00221462	-0.0052815139	0.046161264400000006	-0.0932451709	0.0021455384	-0.0656621619	0.0586619325	0.07103883999999999
0.0441783605	-0.0419423064	-0.08683629650000001	-0.0463756116	0.0396694132	0.0867218737	0.017975900000000003	0.0741093	0.079714	6.33341e-05	-0.00139359	0.00228463	0.0156817603	0.0907502347	-0.0138017756	-0.1370608964	-0.0729727016	-0.0427958711	0.086245095
0.043288486	-0.0437341916	-0.0868729224	-0.042841259400000005	0.0441783605	0.08686834380000001	0.0191987	0.126212	0.0380925	-0.000521965	-0.0011236	0.00235954	-0.0349227406	-0.06577857	-0.05868289700000001	0.0081373247	-0.06992165089999999	-0.0419668761	0.14145695499999994
0.0423925277	-0.0455014918	-0.08679967570000001	-0.039210589	0.0485321297	0.0865754859	0.0227046	0.08948819999999999	0.08358129999999997	-0.000398959	-0.00100461	0.00235954	-0.0337651335	0.06999837519999999	-0.1041554858	-0.0654349895	0.0105992013	-0.0355713583	0.09781829999999997
0.0414906114	-0.0472432137	-0.08661664919999999	-0.0354917629	0.052715428	0.08584478109999999	0.0271474	0.15548	0.0529294	-0.00134479	-0.00128325	0.00235954	-0.07513474349999999	0.034828245099999995	0.1177191045	-0.0644414133	-0.0373847653	-0.014459691	0.16231004999999998
0.040582864100000005	-0.0489583781	-0.0863240742	-0.0316931422	0.0567135615	0.0846799248	0.029739799999999997	0.07880160000000001	0.05883210000000001	-0.0007579149999999997	-0.00128325	0.00235954	-0.0164557727	-0.0836951958	-0.0290859195	-0.0617396662	0.053213668	0.0179163491	0.11451725
0.0396694132	-0.0506460208	-0.0859223209	-0.0278232669	0.0605124865	0.08308680809999999	0.031868400000000005	0.147231	0.06344119999999999	-0.00187705	-0.0014442	0.00272627	-0.0200533779	0.0120652514	0.0055485771	0.0419909562	0.0929588748	0.0663991035	0.15750784999999998
0.0387503871	-0.0523051931	-0.0854118973	-0.0238908378	0.0640988592	0.0810734882	0.037219	0.0627035	0.047238800000000004	-0.000987835	-0.00124834	0.00262857	0.042539676500000005	-0.0326151546	0.0746995196	-0.0789524815	0.0890502422	0.0349016052	0.16521924999999998
0.037825915	-0.0539349624	-0.08479344890000001	-0.0199046958	0.0674600824	0.0786501471	0.020961	0.143805	0.0531398	-0.00180641	-0.00114509	0.00246102	-0.0189008773	-0.011504987	-0.0142766645	0.0186269559	0.108387349	0.0522096998	0.15772925
0.036896126800000005	-0.0555344125	-0.0840677581	-0.0158738029	0.0705843495	0.0758290407	0.0300423	0.0582091	0.032505400000000004	-0.000740733	-0.00115379	0.00248941	-0.0211544483	0.0989715265	0.1093562841	-0.0136432747	0.0731630945	0.017892158000000002	0.17044994999999996
0.0359611532	-0.0571026442	-0.0832357426	-0.0118072215	0.0734606865	0.07262443639999999	0.0333661	0.136741	0.07686649999999999	-0.00169965	-0.00111221	0.00235954	-0.0621436928	-0.0853052239	-0.044510077800000006	-0.0139694913	0.0928899427	-0.015836250700000002	0.18273515
0.0350211256	-0.058638776	-0.0822984546	-0.0077140944	0.0760789902	0.06905254129999999	0.033977999999999994	0.05488430000000001	0.0408655	-0.00073773	-0.00133636	0.00262746	0.0329526503	0.08879299560000001	-0.0293520035	0.0784504492	0.0717229757	0.0081021923	0.1911691
0.0340761761	-0.0601419444	-0.0812570796	-0.0036036241	0.0784300636	0.0651314197	0.029144299999999998	0.149672	0.06189310000000001	-0.00151035	-0.001449	0.00235954	0.0086612867	-0.0606881993	-0.0039826545	-0.069743754	0.1013454708	-0.0089289699	0.178308
0.0331264375	-0.0616113044	-0.08011293480000001	0.0005149482	0.08050564860000001	0.0608809025	0.035459	0.06898989999999999	0.0379339	-0.00123808	-0.0013224999999999999	0.00245179	-0.0030964729	0.0126585692	-0.0025472293	0.0521877875	0.1046651747	-0.0369791007	0.135507
0.0321720432	-0.06304602990000001	-0.0788674671	0.0046323627	0.0822984546	0.0563224862	0.0350908	0.155753	0.0586256	-0.00147962	-0.00161234	0.00269542	-0.0346984549	0.050847130199999986	-0.0122702488	-0.029977401	0.1162770298	0.0002423831	0.1465735
0.0312131275	-0.06444531440000001	-0.0775222518	0.0087393624	0.0838021842	0.0514792244	0.0903177	0.0666435	-0.00612581	-0.00021350900000000002	-0.00122009	0.00345524	-0.0830402058	-0.0164302197	0.106360902	0.08631817119999999	0.0041993595	-0.0129543017	0.32999685999999995
0.0302498251	-0.0658083714	-0.0760789902	0.0128267138	0.08501155560000001	0.0463756116	0.0761357	0.108608	0.00608752	-6.6121e-05	-0.00128966	0.00343084	-0.0982962632	0.0126088211	-0.0399838703	0.034844285	-0.0175437698	-0.0476109777	0.08042773
0.0292822713	-0.0671344347	-0.0745395077	0.0168852274	0.0859223209	0.0410374587	0.09000619999999998	0.123932	-0.016749	-0.00021350900000000002	-0.00165992	0.0037923	-0.1143694152	0.0308625833	0.0375687177	0.0772780531	-0.0722780301	0.07224656019999999	0.09598642
0.0283106021	-0.06842275860000001	-0.0729057513	0.0209057786	0.0865312808	0.0354917629	0.0746171	0.100211	0.00364142	-0.00021350900000000002	-0.00138216	0.00380845	-0.0828416439	-0.0318692687	0.0042687737	-0.025908122	-0.0216303122	0.017732390900000002	0.07419602
0.0273349542	-0.0696726192	-0.0711797874	0.0248793282	0.08683629650000001	0.0297665711	0.08300779999999999	0.13416	-0.0163446	-0.00048458400000000003	-0.00162413	0.00391566	-0.0316482835	0.010859751200000002	-0.0200853295	0.1099014309	-0.0686574697	0.033052124100000004	0.09333847
0.0263554645	-0.0708833137	-0.0693637988	0.0287969426	0.08683629650000001	0.0238908378	0.0776153	0.10459700000000001	0.0277276	-0.00063427	-0.00164927	0.00391566	0.0390437652	0.0435178172	0.0424154166	-0.0454055146	-0.0613299847	-0.023702382400000003	0.08776900000000001
0.0253722709	-0.0720541615	-0.0674600824	0.0326498139	0.0865312808	0.017894278899999998	0.0791208	0.15099200000000002	0.00193912	-0.00041333099999999996	-0.0017506	0.00383206	0.006098923399999999	-0.0547668361	0.0080106133	0.0724128517	-0.0761384218	-0.0655669561	0.09398242999999998
0.0243855114	-0.0731845046	-0.0654710458	0.03642928	0.0859223209	0.0118072215	0.0752613	0.088879	0.027476599999999997	-0.00029731099999999997	-0.0017058	0.00382022	0.0006481321	0.1016991057	-0.044320787	0.0127366098	0.0572346363	-0.1209022454	0.10014298
0.0233953247	-0.0742737074	-0.0633992047	0.0401268436	0.08501155560000001	0.0056604503000000006	0.07722239999999997	0.1711	0.00992583	-0.000786549	-0.00158345	0.00350727	-0.0581949728	-0.073730445	0.0522879373	0.0105698078	0.0482663158	-0.0784421825	0.14795977
0.0224018501	-0.0753211577	-0.0612471794	0.0437341916	0.0838021842	-0.0005149482	0.0836056	0.07651629999999998	0.0193845	-0.000372893	-0.00180822	0.00395818	-0.0118509427	-0.034167138199999995	-0.0269046138	0.0957424428	0.0777908921	-0.07857411269999999	0.16489237000000004
0.021405227	-0.0763262666	-0.0590176918	0.0472432137	0.0822984546	-0.0066877423	0.0788393	0.1794	0.024947999999999998	-0.0006505290000000001	-0.00192969	0.00400942	-0.0031788941	0.0532787508	0.095842803	0.0045653276	0.0197765601	-0.0056782864	0.13573079999999998
0.0204055957	-0.0772884692	-0.0567135615	0.0506460208	0.08050564860000001	-0.0128267138	0.0863521	0.075864	0.019626400000000002	-0.000511161	-0.00187181	0.00421835	-0.0321914556	-0.0585657481	0.0008440828999999999	0.0122451023	0.0617512424	-0.0275945078	0.13667930000000006
0.0194030965	-0.0782072245	-0.054337702800000005	0.0539349624	0.0784300636	-0.0189008155	0.08020210000000001	0.170515	0.0201947	-0.000962843	-0.00181458	0.00400765	-0.08577188320000001	0.0612533473	0.0359303248	0.0082990248	0.0171396676	0.0284420832	0.1373499
0.0183978704	-0.0790820161	-0.0518931204	0.0571026442	0.0760789902	-0.0248793282	0.0883903	0.08245099999999997	0.00281548	-0.00044586	-0.00148336	0.00390323	-0.0956450056	-0.0609188621	0.0243115378	0.0032082657	0.030094375	-0.0016098719	0.16126257
0.017390058700000002	-0.0799123522	-0.0493829062	0.0601419444	0.0734606865	-0.0307320162	0.08121739999999998	0.17690699999999998	0.0347522	-0.00098545	-0.00173172	0.00393794	-0.08645072779999999	0.037019662	-0.0341269991	0.0207114442	0.0011462056	0.008846724200000001	0.17469862000000005
0.0163798029	-0.08069776599999999	-0.046810235	0.06304602990000001	0.0705843495	-0.03642928	0.08878319999999999	0.09409680000000001	-0.00693325	-0.0007478889999999997	-0.0020702	0.00398587	-0.0308604865	-0.071244226	0.0126626739	0.0326021741	0.0022579199	0.0132292119	0.16326
0.0153672451	-0.0814378161	-0.0441783605	0.0658083714	0.0674600824	-0.0419423064	0.08342339999999998	0.17737999999999998	0.026426400000000003	-0.00133084	-0.00176843	0.00378728	-0.028957244500000007	0.0507863838	-0.07136296360000001	0.0303431877	0.0053520315	-0.0142179181	0.1761682
0.0143525276	-0.0821320864	-0.0414906114	0.06842275860000001	0.0640988592	-0.0472432137	0.08522130000000001	0.085122	-0.00258615	-0.0005561030000000001	-0.0018089000000000002	0.00403951	-0.0374753398	-0.0613218258	0.05004654	-0.0009151209	0.0006548851	0.0530643869	0.17644029999999994
0.0133357929	-0.0827801866	-0.0387503871	0.0708833137	0.0605124865	-0.0523051931	0.07589639999999999	0.177071	0.027587200000000003	-0.00156161	-0.00176506	0.00362977	-0.0145781189	0.0530712741	-0.0439898178	0.0320516563	0.0565364707	0.0488793039	0.20440160000000002
0.0123171841	-0.0833817525	-0.0359611532	0.0731845046	0.0567135615	-0.0571026442	0.07962739999999999	0.086426	0.0228785	-0.00113843	-0.00166015	0.00350726	-0.0268150299	-0.0758272862	0.1120148156	-0.040505669	0.0203829726	0.0659190543	0.13161470000000006
0.0112968441	-0.0839364457	-0.0331264375	0.0753211577	0.052715428	-0.0616113044	0.0813073	0.16963699999999998	0.0282862	-0.00147082	-0.00144354	0.00368695	0.0391588721	0.0106307428	-0.0487659784	0.0823112343	0.0129676244	0.0091312891	0.12673310000000002
0.0102749165	-0.08444395460000001	-0.0302498251	0.0772884692	0.0485321297	-0.0658083714	0.0835646	0.10614900000000001	0.056187400000000005	-0.00134004	-0.00205538	0.003918	0.0530321963	0.047798883499999986	0.0382452307	-0.0211228013	-0.0483837245	0.0171144984	0.14232999999999998
0.0092515448	-0.0849039939	-0.0273349542	0.0790820161	0.0441783605	-0.0696726192	0.0961125	0.124761	0.033345599999999996	-0.00125748	-0.00200925	0.00415752	0.0028194371	0.0048648458	-0.0974225089	-0.0274123082	-0.1168184869	-0.0700959313	0.07241219999999997
0.008226873	-0.0853163048	-0.0243855114	0.08069776599999999	0.0396694132	-0.0731845046	0.09800950000000004	0.14238800000000001	0.053519000000000004	-0.00209359	-0.00210831	0.00426385	-0.0515445804	0.0573330551	-0.0003961923	-0.0240242219	-0.112921262	-0.0258677957	0.09177239999999998
0.0072010449	-0.0856806557	-0.021405227	0.0821320864	0.0350211256	-0.0763262666	0.101096	0.09473780000000001	0.0296113	-0.0010707000000000002	-0.00220903	0.0045398	-0.0642191866	-0.0090441673	-0.0981198341	0.0154992709	-0.0379101373	-0.06820307469999999	0.14462239999999998
0.0061742047	-0.08599684169999999	-0.0183978704	0.0833817525	0.0302498251	-0.0790820161	0.09753769999999999	0.198132	0.0508381	-0.00172987	-0.00223604	0.00428138	-0.0304663511	0.06674763410000001	0.040060291	-0.0175393851	-0.0482160137	0.0023421845	0.1754093
0.0051464969	-0.0862646851	-0.0153672451	0.08444395460000001	0.0253722709	-0.0814378161	0.09718560000000001	0.09229580000000001	0.029124900000000002	-0.00146487	-0.00212159	0.00425216	0.0253213506	-0.06738017269999999	-0.033395410099999995	0.023644532000000003	-0.0050645845	-0.0615577189	0.14833500000000002
0.0041180657	-0.08648403539999999	-0.0123171841	0.0853163048	0.0204055957	-0.0833817525	0.08421729999999998	0.194044	0.0513715	-0.00198284	-0.00215783	0.00404618	0.0426398088	0.0636403134	0.0725806737	0.0360479059	-0.0392961618	0.001081052	0.17497259999999998
0.0030890558	-0.0866547691	-0.0092515448	0.08599684169999999	0.0153672451	-0.0849039939	0.0814493	0.094545	0.048004000000000005	-0.00173862	-0.00217491	0.00404618	0.0158349523	-0.0990258827	-0.0055892	-0.020679117	0.0008475465	-0.0223536026	0.11869950000000005
0.0020596118	-0.0867767904	-0.0061742047	0.08648403539999999	0.0102749165	-0.08599684169999999	0.0795173	0.184028	0.08480519999999997	-0.00253296	-0.00249331	0.00404618	0.0296459443	0.0593586704	-0.0403513003	-0.0119229553	-0.0663015564	0.0463316267	0.18385320000000002
0.0010298783	-0.0868500306	-0.0030890558	0.0867767904	0.0051464969	-0.0866547691	0.087775	0.128584	0.0459155	-0.00210717	-0.0026288	0.00404618	0.1147412529	-0.0795384558	0.0430111477	-0.0903449532	-0.0470860154	0.0673899091	0.13065539999999998
0.0	-0.08687444859999999	-0.0	0.08687444859999999	0.0	-0.08687444859999999	0.08977459999999997	0.175218	0.0950531	-0.00242597	-0.00280788	0.00455897	0.1163796911	0.0268940058	-0.0689343205	-0.0263821298	0.0150117395	0.029904406600000006	0.1483047
-0.0010298783	-0.0868500306	0.0030890558	0.0867767904	-0.0051464969	-0.0866547691	0.0963538	0.132173	0.0475509	-0.00216085	-0.00272445	0.00445931	0.0704832842	-0.0020877195	0.0572881841	-0.06731060009999999	0.0282171279	0.1013464324	0.11953689999999995
-0.0020596118	-0.0867767904	0.0061742047	0.08648403539999999	-0.0102749165	-0.08599684169999999	0.0913549	0.169732	0.07612630000000001	-0.00287795	-0.0025301	0.00452327	0.0452269892	-0.0127528548	-0.0104393273	-0.0197122919	0.0035688338000000007	0.0561048606	0.11990379999999998
-0.0030890558	-0.0866547691	0.0092515448	0.08599684169999999	-0.0153672451	-0.0849039939	0.091837	0.101775	0.08916349999999999	-0.00224946	-0.0025737	0.00431824	0.0089852024	0.1084900834	-0.0135163495	-0.013488202	-0.0053132949	-0.0391878523	0.1253323
-0.0041180657	-0.08648403539999999	0.0123171841	0.0853163048	-0.0204055957	-0.0833817525	0.100629	0.149146	0.047647699999999994	-0.00228763	-0.00284449	0.00448065	0.032331911	-0.1108152361	-0.0091051466	-0.0258806783	-0.0500766924	-0.1119554034	0.1212473
-0.0051464969	-0.0862646851	0.0153672451	0.08444395460000001	-0.0253722709	-0.0814378161	0.11128699999999997	0.13719800000000001	0.110975	-0.00252131	-0.00319494	0.00463769	0.0174779126	0.0343051675	-0.0741371421	-0.0211040308	0.0600097024	-0.0165291594	0.12299180000000001
-0.0061742047	-0.08599684169999999	0.0183978704	0.0833817525	-0.0302498251	-0.0790820161	0.102672	0.143627	0.0511309	-0.00216107	-0.00258139	0.00404618	0.0172917371	-0.0765107593	0.0234620468	-0.0613482521	0.0378573212	-0.0105126696	0.1531531
-0.0072010449	-0.0856806557	0.021405227	0.0821320864	-0.0350211256	-0.0763262666	0.10067000000000001	0.154898	0.118176	-0.00286862	-0.00274636	0.00426048	-0.0168852551	-0.0112358032	-0.0712667526	-0.022055418	0.0423231566	0.0393954246	0.1346591
-0.008226873	-0.0853163048	0.0243855114	0.08069776599999999	-0.0396694132	-0.0731845046	0.104374	0.134132	0.0525818	-0.0022573	-0.00243228	0.00429859	0.0131353197	0.051392076	0.0367154387	-0.0493842754	-0.0664291229	0.1048986271	0.13823970000000002
-0.0092515448	-0.0849039939	0.0273349542	0.0790820161	-0.0441783605	-0.0696726192	0.100235	0.148386	0.124668	-0.00245049	-0.00266746	0.00469132	-0.0284628478	-0.026883304700000003	-0.0777685141	-0.1148021812	-0.0553308996	0.021566016	0.13153420000000002
-0.0102749165	-0.08444395460000001	0.0302498251	0.0772884692	-0.0485321297	-0.0658083714	0.10065	0.147153	0.0636324	-0.00219162	-0.00250621	0.00404618	0.0418683824	0.08490305279999999	-0.0092028627	-0.0435465376	-0.1059629322	0.0842837542	0.11594659999999996
-0.0112968441	-0.0839364457	0.0331264375	0.0753211577	-0.052715428	-0.0616113044	0.108047	0.15926499999999996	0.13481700000000002	-0.00310541	-0.00297091	0.00432389	0.0674078564	-0.043974425199999986	-0.0343733979	-0.1214208009	0.025750687400000003	0.0522241099	0.17350359999999998
-0.0123171841	-0.0833817525	0.0359611532	0.0731845046	-0.0567135615	-0.0571026442	0.09927260000000004	0.131745	0.08681479999999997	-0.00219791	-0.00259716	0.00448796	0.1039991778	-0.0254374579	-0.0585507934	0.0580695718	-0.004732351	-0.0164810195	0.1565625999999999
-0.0133357929	-0.0827801866	0.0387503871	0.0708833137	-0.0605124865	-0.0523051931	0.09402150000000001	0.152789	0.12119200000000001	-0.00214348	-0.00288172	0.00449133	0.1138975652	0.040093767	-0.08073060650000001	0.0053334506	0.0889491798	-0.0560855327	0.0777903
-0.0143525276	-0.0821320864	0.0414906114	0.06842275860000001	-0.0640988592	-0.0472432137	0.102594	0.14341700000000002	0.0577764	-0.00210134	-0.00289044	0.00460707	0.1115733506	-0.012525706200000002	0.1065374538	-0.0293888101	-0.0072997869999999986	0.0284781729	0.08969010000000001
-0.0153672451	-0.0814378161	0.0441783605	0.0658083714	-0.0674600824	-0.0419423064	0.09970369999999999	0.12315599999999999	0.11142200000000001	-0.00212706	-0.00298483	0.00461135	0.0489944542	-0.0714980101	-0.0420802946	-0.08646120300000001	0.0838278879	0.0931298078	0.08301639999999999
-0.0163798029	-0.08069776599999999	0.046810235	0.06304602990000001	-0.0705843495	-0.03642928	0.10456300000000003	0.126363	0.0557938	-0.00219224	-0.00283562	0.00457886	0.0203960245	0.0179179372	-0.0167745347	0.08082103339999999	0.0354236389	0.0654025407	0.07603849999999998
-0.017390058700000002	-0.0799123522	0.0493829062	0.0601419444	-0.0734606865	-0.0307320162	0.0974037	0.14416400000000001	0.101475	-0.00282775	-0.00309838	0.00434555	0.0083897215	0.0605821865	0.0187276261	-0.0436052191	0.0513053544	-0.0625730707	0.1272205
-0.0183978704	-0.0790820161	0.0518931204	0.0571026442	-0.0760789902	-0.0248793282	0.128928	0.0618418	-0.00683425	-0.00137942	-0.00337121	0.00531418	-0.0246357809	-0.044403569	0.0203113962	0.0650691857	0.026470499999999998	-0.0673392321	0.35664525
-0.0194030965	-0.0782072245	0.054337702800000005	0.0539349624	-0.0784300636	-0.0189008155	0.13943100000000005	0.116932	0.051762300000000004	-0.00183268	-0.00314568	0.0056086999999999994	-0.050144351	0.026832475	0.0179262247	0.0254562885	-0.0128658002	-0.0392669534	0.17285525
-0.0204055957	-0.0772884692	0.0567135615	0.0506460208	-0.08050564860000001	-0.0128267138	0.150264	0.173562	0.051900800000000004	-0.00229962	-0.00326533	0.00575432	-0.0704669569	0.0116871623	-0.0216196407	0.011358799199999998	-0.0095590349	-0.0337572851	0.104212
-0.021405227	-0.0763262666	0.0590176918	0.0472432137	-0.0822984546	-0.0066877423	0.157373	0.134319	0.055599800000000005	-0.00173892	-0.00326192	0.006137699999999999	-0.0637911259	0.06634175469999999	0.1024619476	0.0591855197	-0.0969072551	-0.034461217200000005	0.0974255
-0.0224018501	-0.0753211577	0.0612471794	0.0437341916	-0.0838021842	-0.0005149482	0.166685	0.145939	0.0253284	-0.00163108	-0.00328606	0.00601547	-0.0221542178	-0.0768821908	-0.0017477298999999998	0.039793906	-0.13167293	-0.120814663	0.06391389999999998
-0.0233953247	-0.0742737074	0.0633992047	0.0401268436	-0.08501155560000001	0.0056604503000000006	0.180839	0.155251	0.06829910000000003	-0.00193125	-0.00344743	0.0061604	0.0204754612	0.0629550872	0.0222812889	0.0790741308	-0.0702453371	0.0043434136	0.09676019999999998
-0.0243855114	-0.0731845046	0.0654710458	0.03642928	-0.0859223209	0.0118072215	0.192452	0.12048299999999999	0.028755700000000002	-0.00197132	-0.00350659	0.00629523	0.039282537	-0.13184581480000002	0.0429188075	-0.0241248334	-0.0101898473	0.049695234000000005	0.09762739999999999
-0.0253722709	-0.0720541615	0.0674600824	0.0326498139	-0.0865312808	0.017894278899999998	0.18798499999999999	0.172211	0.0738955	-0.00176372	-0.00363177	0.00619432	0.0054042351	-0.0276325514	0.0097401557	0.06245324190000001	0.0048695858	-0.0204193045	0.1230193
-0.0263554645	-0.0708833137	0.0693637988	0.0287969426	-0.08683629650000001	0.0238908378	0.204933	0.101336	0.030482599999999995	-0.0009996710000000002	-0.00354595	0.00641492	0.002676644	0.0663851462	0.1037192	0.0197779686	-0.0123361285	0.0587119086	0.18475935
-0.0273349542	-0.0696726192	0.0711797874	0.0248793282	-0.08683629650000001	0.0297665711	0.188985	0.176564	0.09368480000000001	-0.00131085	-0.00338226	0.00618354	-0.074732079	-0.0285402036	-0.0090278269	0.0052844477	0.0551317535	0.0440568085	0.18969065
-0.0283106021	-0.06842275860000001	0.0729057513	0.0209057786	-0.0865312808	0.0354917629	0.20808000000000001	0.104922	0.042422800000000004	-0.0010422500000000002	-0.00321986	0.00661522	-0.0268936854	0.0691460388	-0.0220051869	0.0717759641	0.0478189275	0.040522139	0.185133
-0.0292822713	-0.0671344347	0.0745395077	0.0168852274	-0.0859223209	0.0410374587	0.20759499999999997	0.178977	0.0589788	-0.0015527099999999995	-0.00370188	0.00668847	-0.0565897888	-0.0102140285	0.0298705181	0.014817582	0.0484541638	-0.0487706208	0.14438249999999994
-0.0302498251	-0.0658083714	0.0760789902	0.0128267138	-0.08501155560000001	0.0463756116	0.21593800000000002	0.10438399999999999	0.030770299999999997	-0.000813371	-0.00348452	0.00690209	-0.0244247928	0.0373705243	-0.0249411668	0.08788505140000001	0.025127753	-0.0043967463	0.16966044999999993
-0.0312131275	-0.06444531440000001	0.0775222518	0.0087393624	-0.0838021842	0.0514792244	0.20069700000000001	0.181509	0.07352689999999999	-0.0012026	-0.00341826	0.00667761	-0.051642415	0.0604879355	0.0614303404	-0.0151725863	0.0097322962	-0.0382625323	0.16912105000000002
-0.0321720432	-0.06304602990000001	0.0788674671	0.0046323627	-0.0822984546	0.0563224862	0.211619	0.146676	0.0353959	-0.0011654000000000002	-0.00363945	0.00696801	-0.0258658823	-0.1039862191	-0.0088534432	0.118490872	-0.0368003525	-0.1040955855	0.11132550000000004
-0.0331264375	-0.0616113044	0.08011293480000001	0.0005149482	-0.08050564860000001	0.0608809025	0.20963	0.223135	0.122305	-0.00200204	-0.00378875	0.0066776000000000005	0.0220654387	0.011203311100000002	-0.0598592936	0.0488196471	0.0484885591	-0.0525740922	0.2291746
-0.0340761761	-0.0601419444	0.0812570796	-0.0036036241	-0.0784300636	0.0651314197	0.219766	0.15340399999999998	0.0446017	-0.00146383	-0.00348199	0.00667761	0.0351852053	-0.1026043607	0.0931782034	0.0160285492	0.0351106495	0.0197583133	0.1998193
-0.0350211256	-0.058638776	0.0822984546	-0.0077140944	-0.0760789902	0.06905254129999999	0.20583200000000001	0.161664	0.126406	-0.0017454	-0.00370244	0.00667761	0.004668224	-0.006474474599999999	-0.0256184263	0.0107726067	0.081010887	-0.0101830495	0.1290993
-0.0359611532	-0.0571026442	0.0832357426	-0.0118072215	-0.0734606865	0.07262443639999999	0.214428	0.147251	0.0605826	-0.00161473	-0.00345142	0.00667761	0.0394846693	0.06860638919999999	0.0805283053	0.0552376636	0.005903209300000001	0.08453545119999999	0.10791689999999997
-0.036896126800000005	-0.0555344125	0.0840677581	-0.0158738029	-0.0705843495	0.0758290407	0.20720500000000008	0.142535	0.135123	-0.00198698	-0.00337787	0.00629504	0.0076077739	-0.0188040357	-0.0166254431	-0.0788538238	0.1061614386	0.0529389183	0.1278979
-0.037825915	-0.0539349624	0.08479344890000001	-0.0199046958	-0.0674600824	0.0786501471	0.21236	0.140809	0.07102460000000001	-0.00205578	-0.00341084	0.00621383	-0.0030491955	0.020541431	-0.0184773495	0.056056735199999985	0.0889950646	0.034197259	0.0801284
-0.0387503871	-0.0523051931	0.0854118973	-0.0238908378	-0.0640988592	0.0810734882	0.20789699999999997	0.12697000000000006	0.141709	-0.00210202	-0.00342839	0.00624173	-0.0191401092	0.0976517495	0.0407959564	-0.0391788617	0.0659419837	-0.07797181190000001	0.09357089999999996
-0.0396694132	-0.0506460208	0.0859223209	-0.0278232669	-0.0605124865	0.08308680809999999	0.198285	0.154338	0.05512519999999999	-0.00261364	-0.00317379	0.0058113999999999996	-0.1029931065	-0.1129285697	0.0060625163	0.0354253553	0.054178744400000006	-0.0712125816	0.18339129999999998
-0.040582864100000005	-0.0489583781	0.0863240742	-0.0316931422	-0.0567135615	0.0846799248	0.17961400000000002	0.138781	0.09846289999999999	-0.00278769	-0.00273916	0.00567143	-0.0915159051	0.0689073063	-0.0104796702	0.048117392	0.08920343189999999	0.0428887836	0.11499820000000002
-0.0414906114	-0.0472432137	0.08661664919999999	-0.0354917629	-0.052715428	0.08584478109999999	0.18826500000000002	0.195938	0.0418012	-0.0017580199999999995	-0.0029955999999999997	0.00605807	-0.0650596758	-0.0504919717	0.08608084769999999	-0.035439185299999995	-0.0329433466	0.0710917608	0.20610720000000002
-0.0423925277	-0.0455014918	0.08679967570000001	-0.039210589	-0.0485321297	0.0865754859	0.193999	0.17083199999999998	0.150437	-0.00261731	-0.00317403	0.00600639	-0.0403128234	-0.0098585769	-0.0208331708	-0.0261992533	-0.0031240091	0.0048049419	0.1939458
-0.043288486	-0.0437341916	0.0868729224	-0.042841259400000005	-0.0441783605	0.08686834380000001	0.197647	0.165366	0.119154	-0.00190094	-0.0029329	0.00605807	-0.05160573190000002	0.08995371769999999	0.0285153581	-0.050152462	-0.058853156	-1.36164e-05	0.09085599999999992
-0.0441783605	-0.0419423064	0.08683629650000001	-0.0463756116	-0.0396694132	0.0867218737	0.199232	0.21473699999999998	0.139655	-0.00281974	-0.00289913	0.00605807	-0.0918898477	-0.0348908586	-0.0092283992	-0.008765658	-0.0613076995	-0.019504431000000003	0.1190855
-0.0450620262	-0.0401268436	0.0866898444	-0.0498056993	-0.0350211256	0.0861368163	0.190944	0.126747	0.10736500000000004	-0.00192663	-0.00287643	0.00583414	-0.0261330332	0.020777983	-0.0997223418	0.0492653766	-0.0065455835	-0.0348217053	0.185555
-0.0459393588	-0.0382888237	0.08643375130000001	-0.0531238108	-0.0302498251	0.08511613050000001	0.200957	0.201847	0.163751	-0.0027865	-0.00320862	0.00605807	-0.009351646	0.0360139599	0.0304430146	-0.0249860436	-0.0653567916	-0.0978325265	0.2122985
-0.046810235	-0.03642928	0.0860683411	-0.0563224862	-0.0253722709	0.0836649783	0.206085	0.119867	0.11561400000000001	-0.00150498	-0.00329273	0.00637868	0.0016932355	-0.132013459	0.0108615384	-0.0047061602	-0.0488821667	-0.0399791566	0.21955700000000009
-0.0476745325	-0.0345492578	0.0855940759	-0.0593945339	-0.0204055957	0.0817906987	0.20660599999999998	0.17039299999999996	0.159167	-0.00250016	-0.00340486	0.00627264	0.0373784682	0.0165386472	-0.0254156476	0.0219921215	0.0234691184	0.0350211933	0.15526750000000006
-0.0485321297	-0.0326498139	0.08501155560000001	-0.062333047300000013	-0.0153672451	0.0795027708	0.19761099999999998	0.12188	0.11611500000000001	-0.00245188	-0.00335366	0.00605807	0.0506024864	0.001183517	0.0549414472	-0.0336875929	0.0377347858	0.0734944153	0.1162625
-0.0493829062	-0.0307320162	0.084321517	-0.0651314197	-0.0102749165	0.0768127656	0.190871	0.169015	0.16858	-0.00318246	-0.00328282	0.00605807	-0.0611920664	-0.0297178227	-0.01640817	-0.0344763763	0.0032820865	0.038186975	0.146411
-0.0502267424	-0.0287969426	0.0835248327	-0.0677833598	-0.0051464969	0.0737342873	0.195915	0.114544	0.129711	-0.00266223	-0.00330809	0.006490699999999999	-0.0565774893	0.1118066272	0.0040728990000000005	-0.0123194768	-0.0722306695	0.0585570621	0.1472905
-0.0510635197	-0.026845681	0.0826225104	-0.0702829053	-0.0	0.0702829053	0.182282	0.20291800000000002	0.179482	-0.00339153	-0.00309026	0.00635866	-0.024969634900000003	0.002906062	0.0207209195	-0.0918327133	-0.1391592589	-0.0854592954	0.2057365
-0.0518931204	-0.0248793282	0.0816156912	-0.07262443639999999	0.0051464969	0.0664760744	0.196502	0.145849	0.159666	-0.00266123	-0.00303013	0.00651209	0.0758949279	-0.0918896292	-0.0391525852	0.0604919312	-0.1642714739	-0.1089490028	0.13829799999999998
-0.052715428	-0.0228989897	0.08050564860000001	-0.074802689	0.0102749165	0.062333047300000013	0.197522	0.224503	0.191484	-0.00332978	-0.00314218	0.00649394	0.1189512723	0.024268983900000003	-0.0535665632	-0.0124852232	-0.07065705309999999	0.004235614699999999	0.15142949999999994
-0.053530327	-0.0209057786	0.0792937865	-0.0768127656	0.0153672451	0.057874777	0.203738	0.13078900000000002	0.134077	-0.00247927	-0.00345462	0.00635313	0.06484864679999999	-0.0856617551	-0.007335691700000002	0.0573915113	-0.0081044052	-0.0544889487	0.222525
-0.054337702800000005	-0.0189008155	0.0779816375	-0.0786501471	0.0204055957	0.0531238108	0.195542	0.216558	0.14724699999999996	-0.00254926	-0.00359842	0.0064408	0.046666749	0.0069259846	-0.0284816382	0.014733008	-0.0328983073	0.0083289248	0.122208
-0.05513744190000002	-0.0168852274	0.0765708613	-0.08031070259999999	0.0253722709	0.0481041762	0.205328	0.0959065	0.166415	-0.00238989	-0.00350822	0.00684303	0.0173980077	-0.0732840902	0.0147979646	0.0032580744	0.0187716972	0.0151343119	0.18219550000000004
-0.05592943190000002	-0.0148601474	0.075063242	-0.0817906987	0.0302498251	0.042841259400000005	0.204699	0.18855999999999998	0.167692	-0.00324695	-0.0032510999999999994	0.00654111	0.0095544579	0.013144538	-0.0248167076	0.0166240976	-0.07370589570000001	0.0240003769	0.16536450000000005
-0.0567135615	-0.0128267138	0.0734606865	-0.08308680809999999	0.0350211256	0.0373616773	0.214693	0.0879878	0.17993499999999998	-0.00285493	-0.00375342	0.00654111	0.006665380500000001	-0.0210500523	-0.0033003206	-0.0757618591	-0.0927239485	0.0077128927	0.16752620000000001
-0.0574897206	-0.0107860698	0.0717652216	-0.0841961167	0.0396694132	0.0316931422	0.20213299999999998	0.17645999999999998	0.24410199999999999	-0.00371622	-0.00386966	0.00654112	-0.0412317259	0.0067497897	-0.1109149555	-0.122626824	-0.0759130077	0.0459626901	0.21407620000000002
-0.0582578	-0.0087393624	0.0699789916	-0.08511613050000001	0.0441783605	0.0258643221	0.203827	0.132089	0.182312	-0.00351942	-0.0032920000000000002	0.00654112	0.0526564713	0.138069453	0.0371577433	-0.0181146426	-0.06658209080000001	0.1111036752	0.14657799999999999
-0.0590176918	-0.0066877423	0.0681042557	-0.08584478109999999	0.0485321297	0.0199046958	0.206209	0.177066	0.26203699999999996	-0.00401227	-0.00377429	0.0067253999999999994	0.0968196021	0.0279607401	-0.0186285672	-0.1077852882	0.0653736094	-0.0017273078	0.185055
-0.0597692892	-0.0046323627	0.0661433849	-0.0863804302	0.052715428	0.0138444035	0.20752600000000002	0.18168	0.214187	-0.00363101	-0.00350015	0.00676447	0.1230649121	-0.06497689	0.0084281326	0.0768353967	0.0128396821	-0.0683451096	0.0885045
-0.0605124865	-0.002574379	0.0640988592	-0.0867218737	0.0567135615	0.0077140944	0.227726	0.168682	0.24693299999999999	-0.00379445	-0.00434867	0.00739132	0.1205270561	0.0808213961	-0.06007374240000001	-0.0289379865	0.1036109508	-0.026907441400000003	0.14788450000000006
-0.0612471794	-0.0005149482	0.0619732646	-0.08686834380000001	0.0605124865	0.0015447720999999998	0.234375	0.181124	0.177483	-0.00343976	-0.00363806	0.00700176	0.0266753969	-0.0887087343	0.022783289	0.0216688975	0.0344678764	-0.0324588371	0.16128399999999998
-0.0619732646	0.0015447720999999998	0.0597692892	-0.08681951130000001	0.0640988592	-0.0046323627	0.21720799999999998	0.18321800000000002	0.253121	-0.00371407	-0.00380781	0.00700176	-0.0016366209	0.0456349905	-0.0915686474	-0.0114181875	0.1265823281	-0.0033505524	0.11710199999999996
-0.0626906399	0.0036036241	0.0574897206	-0.0865754859	0.0674600824	-0.0107860698	0.24083000000000002	0.155151	0.16708900000000002	-0.0035751999999999997	-0.00347579	0.00700176	0.0031494672	-0.0193757748	0.0723464892	-0.071063289	0.0603181157	0.0618114233	0.16126549999999998
-0.0633992047	0.0056604503000000006	0.05513744190000002	-0.0861368163	0.0705843495	-0.0168852274	0.223802	0.178145	0.250299	-0.00383383	-0.00347259	0.00700176	-0.0222048411	-0.0187660246	-0.0624175129	-0.0641853047	0.1094829787	0.0031713086	0.1363235
-0.0640988592	0.0077140944	0.052715428	-0.08550448869999999	0.0734606865	-0.0228989897	0.226242	0.158416	0.196195	-0.00388536	-0.00385838	0.00686703	-0.0090252589	0.1022354651	0.0642163326	0.0149122852	0.0414268921	0.1115294878	0.10487550000000001
-0.06478950530000001	0.0097634022	0.0502267424	-0.0846799248	0.0760789902	-0.0287969426	0.23193699999999998	0.164434	0.263284	-0.00462232	-0.00371313	0.00700176	-0.0456290769	-0.0044269974	-0.0677694799	-0.12716838460000002	0.0943610225	0.0445177463	0.129649
-0.0654710458	0.0118072215	0.0476745325	-0.0836649783	0.0784300636	-0.0345492578	0.23103800000000002	0.155639	0.201139	-0.00467184	-0.00334603	0.00700176	-0.0176492364	0.0341032665	-0.0054805365	0.0618221844	0.0355640327	0.082872422	0.09267
-0.0661433849	0.0138444035	0.0450620262	-0.0824619312	0.08050564860000001	-0.0401268436	0.224973	0.14731	0.26543	-0.00478406	-0.00362968	0.00700176	0.0287121631	0.0688805353	-0.005066485999999999	-0.1076920515	0.0382788909	-0.0287843938	0.09847849999999997
-0.0668064281	0.0158738029	0.0423925277	-0.0810734882	0.0822984546	-0.0455014918	0.220633	0.198505	0.23465999999999998	-0.00491776	-0.00325006	0.00674274	-0.0267580248	-0.0500837737	0.0133565472	0.0292195546	0.031034637200000006	-0.032085339	0.12492200000000002
-0.0674600824	0.017894278899999998	0.0396694132	-0.0795027708	0.0838021842	-0.0506460208	0.22847800000000001	0.13298800000000002	0.26122399999999996	-0.00485569	-0.00345625	0.00700176	-0.0189226123	0.0901369775	-0.1169043391	-0.0638264702	0.1110733846	-0.0645858527	0.12629
-0.0681042557	0.0199046958	0.036896126800000005	-0.0777533106	0.08501155560000001	-0.0555344125	0.226334	0.210184	0.21810100000000002	-0.00537728	-0.00321219	0.00652833	-0.1541067982	-0.005507915	0.0413442648	-0.026095797200000003	-0.0310825215	-0.0876890218	0.184417
-0.0687388576	0.0219039234	0.0340761761	-0.0758290407	0.0859223209	-0.0601419444	0.224388	0.174348	0.23284899999999997	-0.00510694	-0.00333783	0.00700175	-0.1216082938	-0.0580620666	-0.0723230884	-0.0038279515	-0.0835491354	-0.0183765167	0.09600000000000004
-0.0693637988	0.0238908378	0.0312131275	-0.0737342873	0.0865312808	-0.06444531440000001	0.23003400000000002	0.22838899999999998	0.21455100000000002	-0.00495077	-0.00344837	0.00690274	-0.0233503369	0.0501070575	-0.0476714024	0.0119970951	-0.0524820455	0.1170555426	0.09627100000000001
-0.0699789916	0.0258643221	0.0283106021	-0.07147376009999999	0.08683629650000001	-0.06842275860000001	0.22918400000000005	0.173505	0.250126	-0.00508199	-0.00376317	0.00700175	0.0041277285	0.0465899803	0.0521884322	-0.0757082576	-0.0169231319	0.0257775286	0.1185605
-0.0705843495	0.0278232669	0.0253722709	-0.06905254129999999	0.08683629650000001	-0.0720541615	0.2311570000000001	0.188859	0.212862	-0.00535893	-0.00362728	0.00722551	-0.0056144156	-0.0673820633	0.0022141198	0.058717679	-0.0189186102	-0.047266964800000005	0.08642050000000003
-0.0711797874	0.0297665711	0.0224018501	-0.0664760744	0.0865312808	-0.0753211577	0.241209	0.16042599999999999	0.26386	-0.00514949	-0.00369081	0.00735385	0.0046987047	0.1012076934	-0.0151997371	0.005915274399999999	0.0499158092	-0.043307068	0.1095485
-0.0717652216	0.0316931422	0.0194030965	-0.06375015190000001	0.0859223209	-0.0782072245	0.241022	0.136719	0.16004199999999996	-0.00416174	-0.00344894	0.00700175	-0.0367587046	-0.1301446355	0.0143057786	0.0172009697	0.033111554	0.0027420159000000003	0.20679800000000004
-0.0723405698	0.0336018971	0.0163798029	-0.0608809025	0.08501155560000001	-0.08069776599999999	0.224712	0.18568800000000002	0.24848299999999998	-0.00492117	-0.00376068	0.00700175	-0.0127895858	0.0060554381	-0.0289909305	-0.0165265281	0.0481446598	0.0690250377	0.20727849999999998
-0.0729057513	0.0354917629	0.0133357929	-0.057874777	0.0838021842	-0.0827801866	0.28881100000000004	0.103841	0.0970694	-0.00355517	-0.00352882	0.00791057	-0.0254897151	-0.004204027700000001	0.0758591598	0.1484968649	0.0238954729	0.0996829831	0.42269359999999995
-0.0734606865	0.0373616773	0.0102749165	-0.054738534000000005	0.0822984546	-0.08444395460000001	0.30530799999999997	0.123851	0.136758	-0.00320635	-0.00356868	0.00822288	-0.0841629955	0.0152996483	0.0062688691	0.057267128499999986	0.08895477710000001	-0.0491715973	0.1112451
-0.0740052975	0.039210589	0.0072010449	-0.0514792244	0.08050564860000001	-0.0856806557	0.27728200000000003	0.21435	0.134026	-0.00425942	-0.00356324	0.00772919	-0.1620347452	-0.0336239937	0.0260769023	0.0562500018	-0.0484960313	-0.024651519	0.19886700000000002
-0.0745395077	0.0410374587	0.0041180657	-0.0481041762	0.0784300636	-0.08648403539999999	0.28220500000000004	0.18187799999999998	0.187327	-0.00392012	-0.00332526	0.00822288	-0.1083716701	-0.0237357447	-0.0077955594	0.0646870502	-0.0934372922	0.0453396323	0.1442445
-0.075063242	0.042841259400000005	0.0010298783	-0.0446209772	0.0760789902	-0.0868500306	0.288511	0.20416199999999998	0.166649	-0.00421358	-0.00335079	0.008151899999999998	0.038741614900000006	0.0776787617	0.0713254475	0.0644093667	-0.1445191805	0.1062019758	0.06876650000000004
-0.07557642690000001	0.0446209772	-0.0020596118	-0.0410374587	0.0734606865	-0.0867767904	0.287482	0.20413800000000001	0.224675	-0.00410124	-0.00358441	0.00822288	0.08412300240000001	-0.0153474557	0.0822872748	-0.0262816387	-0.0722821208	-0.0512856908	0.07992600000000002
-0.0760789902	0.0463756116	-0.0051464969	-0.0373616773	0.0705843495	-0.0862646851	0.284092	0.232535	0.187129	-0.00475987	-0.00358441	0.008166879999999998	0.0946556509	-0.0951470523	0.0032671278	0.14300022380000002	-0.0589416601	-0.0711244228	0.10506450000000007
-0.0765708613	0.0481041762	-0.008226873	-0.0336018971	0.0674600824	-0.0853163048	0.288971	0.168844	0.22458499999999998	-0.00460688	-0.00372663	0.008135049999999998	0.1070928338	0.0228176999	-0.0445092866	0.0514033495	0.0833842043	-0.0663540344	0.12237799999999995
-0.077051971	0.0498056993	-0.0112968441	-0.0297665711	0.0640988592	-0.0839364457	0.276837	0.23383299999999999	0.16414	-0.00548736	-0.00360855	0.007641659999999998	0.016702891799999998	-0.0636897767	0.1015126235	0.0503154002	0.0054068382	0.0065910024	0.2121655
-0.0775222518	0.0514792244	-0.0143525276	-0.0258643221	0.0605124865	-0.0821320864	0.262544	0.141966	0.230989	-0.00511002	-0.00336525	0.007600179999999998	-0.0091384745	-0.0498911472	-0.0372914823	0.0202969904	0.0403691938	-0.0349135783	0.20611500000000002
-0.0779816375	0.0531238108	-0.017390058700000002	-0.0219039234	0.0567135615	-0.0799123522	0.263462	0.196975	0.189316	-0.00476335	-0.00322186	0.007587329999999998	0.0106067615	0.0780419301	0.0715032083	0.0154219373	-0.0581637129	0.0410564175	0.12274549999999998
-0.0784300636	0.054738534000000005	-0.0204055957	-0.017894278899999998	0.052715428	-0.0772884692	0.264413	0.146542	0.246461	-0.00471637	-0.00350615	0.00764845	0.0470519717	0.0206664527	0.0640433312	-0.0610369816	-0.0408270884	-0.0368064462	0.12814850000000008
-0.0788674671	0.0563224862	-0.0233953247	-0.0138444035	0.0485321297	-0.0742737074	0.26495	0.190892	0.20226	-0.00404637	-0.00350203	0.00764846	0.06568273320000001	-0.0941416114	0.0026241993	0.0326229587	-0.0623778326	-0.0276988725	0.12279450000000006
-0.0792937865	0.057874777	-0.0263554645	-0.0097634022	0.0441783605	-0.0708833137	0.238438	0.173289	0.27305300000000005	-0.00486209	-0.00321654	0.00764845	0.0815737854	-0.0303024568	-0.0540276189	-0.0046674263	0.0006903631	-0.0489469728	0.16996900000000004
-0.07970896179999999	0.0593945339	-0.0292822713	-0.0056604503000000006	0.0396694132	-0.0671344347	0.261736	0.22667199999999998	0.224476	-0.00491876	-0.00348271	0.00764846	-0.0100769033	0.0315956148	0.0690783789	0.0033417667	-0.0812716743	-0.0154414571	0.14140049999999998
-0.08011293480000001	0.0608809025	-0.0321720432	-0.0015447720999999998	0.0350211256	-0.06304602990000001	0.257969	0.15773099999999998	0.247123	-0.00529011	-0.00347131	0.00775649	-0.0256802823	-0.0607727736	-2.0489e-05	-0.0684485701	0.0014719801000000002	0.08270976719999999	0.119894
-0.08050564860000001	0.062333047300000013	-0.0350211256	0.002574379	0.0302498251	-0.058638776	0.256576	0.275592	0.285986	-0.00523369	-0.0032071999999999995	0.00739845	0.0049881812	0.0170446208	-0.0210237346	0.048380089800000005	0.016048270400000002	0.0368486048	0.19204549999999998
-0.0808870481	0.06375015190000001	-0.037825915	0.0066877423	0.0253722709	-0.0539349624	0.26207600000000003	0.16658900000000001	0.265311	-0.00467906	-0.00336327	0.007897299999999998	0.0750524167	0.1017435279	-0.0058288075	-0.0149276882	0.006647859200000001	-0.045325646100000005	0.1956555
-0.0812570796	0.0651314197	-0.040582864100000005	0.0107860698	0.0204055957	-0.0489583781	0.263838	0.228539	0.245761	-0.00531888	-0.00315302	0.00764846	-0.038775931	-0.0358062909	0.0090568079	-0.0618540576	0.0017831494	-0.068731838	0.1382075
-0.0816156912	0.0664760744	-0.043288486	0.0148601474	0.0153672451	-0.0437341916	0.261127	0.14623	0.266079	-0.00536005	-0.00313899	0.00764846	-0.0411548043	-0.0394988158	-0.0471156043	0.0424133989	0.0310832079	-0.0357064369	0.108098
-0.0819628325	0.0677833598	-0.0459393588	0.0189008155	0.0102749165	-0.0382888237	0.267152	0.252405	0.240562	-0.00569442	-0.00305386	0.00764846	-0.0389987065	0.0415718583	0.0936344606	0.0089817262	0.0008218765	0.0276936783	0.15869200000000006
-0.0822984546	0.06905254129999999	-0.0485321297	0.0228989897	0.0051464969	-0.0326498139	0.260042	0.16276099999999996	0.279669	-0.00557265	-0.00310516	0.00804113	0.0079239741	-0.0944807992	0.0632288954	-0.030064793500000006	0.0401466985	0.0492124809	0.16414800000000002
-0.0826225104	0.0702829053	-0.0510635197	0.026845681	0.0	-0.026845681	0.266392	0.2457280000000001	0.269171	-0.00537814	-0.00278186	0.00764846	0.07637796179999999	-0.0111193967	-0.0239179227	0.0507021361	0.0250121561	0.0391549059	0.14533900000000008
-0.08293495440000001	0.07147376009999999	-0.053530327	0.0307320162	-0.0051464969	-0.0209057786	0.266251	0.1771	0.3219	-0.00539516	-0.00265163	0.00764846	0.13548701859999998	0.062120092	-0.0340115287	0.0092254026	0.016034579	-0.078946239	0.12886050000000002
-0.0832357426	0.07262443639999999	-0.05592943190000002	0.0345492578	-0.0102749165	-0.0148601474	0.26165700000000003	0.24194000000000002	0.294454	-0.00611123	-0.00276952	0.00720802	0.1093267989	-0.0081371238	0.046410959	-0.0366596658	-0.0199993612	-0.0631381736	0.16060000000000002
-0.0835248327	0.0737342873	-0.0582578	0.0382888237	-0.0153672451	-0.0087393624	0.265358	0.17390899999999998	0.29528499999999996	-0.00542625	-0.00263042	0.00764846	0.0342667421	-0.059220705599999986	-0.0242286334	-0.0345644954	0.0554045568	-0.0560680013	0.13578900000000002
-0.0838021842	0.074802689	-0.0605124865	0.0419423064	-0.0204055957	-0.002574379	0.266411	0.247993	0.279932	-0.00591204	-0.00230397	0.00764847	-0.0639906039	0.0521173504	-0.0511593064	-0.0320601396	0.0404719203	0.0285368425	0.13110250000000004
-0.0840677581	0.0758290407	-0.0626906399	0.0455014918	-0.0253722709	0.0036036241	0.264079	0.160736	0.262165	-0.00511435	-0.00269212	0.00764847	-0.0634076287	0.0812557827	0.087406073	-0.0410536946	-0.030302864	0.027192613	0.16664800000000007
-0.084321517	0.0768127656	-0.06478950530000001	0.0489583781	-0.0302498251	0.0097634022	0.259812	0.24997199999999997	0.267529	-0.00540319	-0.00275393	0.00739847	-0.044664261100000005	-0.0671654809	-0.0416685316	0.0051084497	0.0190034142	-0.0387049154	0.12889950000000008
-0.0845634253	0.0777533106	-0.0668064281	0.0523051931	-0.0350211256	0.0158738029	0.263423	0.150851	0.284869	-0.00502093	-0.00275393	0.00764847	0.0692130537	-0.0490687445	-0.0369536073	0.0786805883	0.0123091055	-0.0312475256	0.151685
-0.08479344890000001	0.0786501471	-0.0687388576	0.0555344125	-0.0396694132	0.0219039234	0.261412	0.217819	0.304662	-0.00494244	-0.00239003	0.00764847	0.0449785304	-0.0076208013	0.0116079187	-0.0408754067	-0.0317053067	0.0431927716	0.11089150000000003
-0.08501155560000001	0.0795027708	-0.0705843495	0.058638776	-0.0441783605	0.0278232669	0.259231	0.148054	0.251687	-0.00525097	-0.00285162	0.00810333	0.0755482551	0.0707584604	0.0486917914	0.0240018955	-0.1118932912	0.0352627022	0.18617
-0.0852177147	0.08031070259999999	-0.0723405698	0.0616113044	-0.0485321297	0.0336018971	0.273395	0.22945300000000002	0.300738	-0.00616255	-0.00270875	0.00800849	-0.0420957493	-0.0203395893	-0.0626647054	-0.0934756624	-0.0307202382	-0.0543542422	0.20207850000000008
-0.0854118973	0.0810734882	-0.0740052975	0.06444531440000001	-0.052715428	0.039210589	0.266556	0.165183	0.272583	-0.00512241	-0.00267895	0.00810333	-0.0654399089	-0.0385608631	-0.0377389635	0.0829604948	-0.0143242023	0.015760231399999998	0.157503
-0.0855940759	0.0817906987	-0.07557642690000001	0.0671344347	-0.0567135615	0.0446209772	0.268575	0.208515	0.333698	-0.00567853	-0.00297956	0.00810334	-0.004391257	0.0231924548	-0.0517466285	-0.0399388955	0.0397567406	0.0828505196	0.149303
-0.0857642251	0.0824619312	-0.077051971	0.0696726192	-0.0605124865	0.0498056993	0.266425	0.208446	0.266269	-0.00594156	-0.00254184	0.007668979999999999	0.1070663531	0.0196442182	0.0239577581	0.0947907129	-0.014108537	0.0809339509	0.12640350000000006
-0.0859223209	0.08308680809999999	-0.0784300636	0.0720541615	-0.0640988592	0.054738534000000005	0.263151	0.168926	0.318038	-0.00553273	-0.00247573	0.00807801	0.0856021209	0.0471885681	-0.044770098	-0.0604174875	0.05773516400000001	-0.1085982124	0.13876150000000004
-0.0860683411	0.0836649783	-0.07970896179999999	0.0742737074	-0.0674600824	0.0593945339	0.262286	0.241589	0.261982	-0.00608554	-0.00262307	0.00807802	-0.0092403507	0.0309800637	0.1240925422	0.024613403	-0.059107355999999986	-0.0492285899	0.16459200000000002
-0.0862022651	0.0841961167	-0.0808870481	0.0763262666	-0.0705843495	0.06375015190000001	0.269849	0.14580399999999996	0.272532	-0.00548218	-0.00264701	0.00818739	-0.0795706375	0.0008059396000000001	-0.0379600055	-0.1622415847	-0.016003403200000002	0.038072204500000005	0.15073150000000002
-0.0863240742	0.0846799248	-0.0819628325	0.0782072245	-0.0734606865	0.0677833598	0.276174	0.23939899999999997	0.271994	-0.00626337	-0.00249338	0.00825468	-0.1450258408	-0.0186883451	-0.0913825994	0.0375638685	-0.0117047369	0.0715499661	0.1505635
-0.08643375130000001	0.08511613050000001	-0.08293495440000001	0.0799123522	-0.0760789902	0.07147376009999999	0.289163	0.16184300000000001	0.285596	-0.0056331	-0.00292455	0.008858849999999998	-0.1055806682	0.0816003613	-0.0913293866	0.0263615565	0.0104402967	-0.0394731819	0.1874275
-0.0865312808	0.08550448869999999	-0.0838021842	0.0814378161	-0.0784300636	0.074802689	0.287597	0.245139	0.27871999999999997	-0.00583082	-0.00300168	0.00855854	-0.1346251719	-0.0158946318	0.0541510621	-0.0415456544	0.0091159096	-0.0009567101	0.12049599999999998
-0.08661664919999999	0.08584478109999999	-0.0845634253	0.0827801866	-0.08050564860000001	0.0777533106	0.289562	0.15708	0.308774	-0.00606255	-0.00310064	0.008550969999999998	-0.08609485160000001	-0.0517747523	-0.0613008876	0.0100199956	0.059053566399999986	-0.0828957874	0.136991
-0.0866898444	0.0861368163	-0.0852177147	0.0839364457	-0.0822984546	0.08031070259999999	0.28194600000000003	0.272983	0.29836	-0.00660367	-0.00289446	0.00862866	-0.0406868169	0.0661936416	0.0630296411	0.0055856613	0.050273719	0.07347105059999999	0.17518249999999996
-0.0867508561	0.0863804302	-0.0857642251	0.0849039939	-0.0838021842	0.0824619312	0.283211	0.140928	0.299178	-0.00571719	-0.00290815	0.008638939999999998	-0.0024430776000000003	-0.08625079779999999	0.0535997043	-0.0590273285	0.0392194044	0.011771042	0.17966049999999995
-0.08679967570000001	0.0865754859	-0.0862022651	0.0856806557	-0.08501155560000001	0.0841961167	0.27525	0.250603	0.325741	-0.00649948	-0.00288628	0.00851748	0.0215376783	0.00168141	-0.0209767026	0.0381339695	0.0233609963	0.07676471	0.19048000000000007
-0.08683629650000001	0.0867218737	-0.0865312808	0.0862646851	-0.0859223209	0.08550448869999999	0.296005	0.157769	0.320504	-0.00587186	-0.00310064	0.00860454	0.0510450904	0.0622321401	0.068503249	-0.0280012531	-0.0322938319	-0.0359668876	0.16527800000000015
-0.08686071320000001	0.08681951130000001	-0.0867508561	0.0866547691	-0.0865312808	0.0863804302	0.284667	0.240358	0.37054499999999996	-0.00762508	-0.00326187	0.00835454	0.024905174900000004	-0.0506130318	-0.0268893834	-0.0261220121	-0.0374634274	0.0205805644	0.25219050000000004
-0.0868729224	0.08686834380000001	-0.08686071320000001	0.0868500306	-0.08683629650000001	0.08681951130000001	0.289929	0.183817	0.313289	-0.00618047	-0.00290692	0.00880916	0.0912342465	0.0078878804	-0.0642923866	0.07465043610000001	0.0221054512	-0.0051179891	0.23176799999999997
