0.0826180512	0.0826144894	0.0826085531	0.0826002426	0.0825895581	0.08257649980000001	0.0825610682	-4.895920000000001e-09	0.05187230000000001	0.0160017	-0.00098874	-0.0	0.0	-0.16917995100000002	-0.0394100052	-0.0586605369	-0.0545822709	-0.18009476870000002	0.0162953575	0.0
0.0826085531	0.08257649980000001	0.0825230869	0.0824483281	0.0823522428	0.0822348559	0.0820961977	-0.00273585	0.0827475	0.00034475099999999997	-0.00151488	-0.0	0.0	-0.0676199463	-0.0717346622	0.0916503939	-0.1319302324	-0.0665064408	0.0199493226	0.07557499410408
0.0825895581	0.0825005382	0.0823522428	0.0821447785	0.0818782943	0.0815529816	0.0811690742	-3.83902e-09	0.056132299999999996	0.030652999999999996	-0.00127105	-0.0	0.0	-0.0152481391	-0.0915857283	-0.0130330178	0.0059164378	-0.0135705317	0.0250547775	0.07185079516097999
0.0825610682	0.0823866395	0.0820961977	0.0816901521	0.0811690742	0.0805336979	0.079784918	-0.00246694	0.10291900000000001	0.0049163	-0.00179027	-0.0	0.0	-0.0052073238	0.0137924511	-0.0237662572	-0.0426513912	-0.0061431048	-0.1126130584	0.10095133616098
0.0825230869	0.0822348559	0.0817552165	0.0810852849	0.08022662059999999	0.0791812221	0.0779515227	-3.37623e-09	0.07677039999999999	0.0458187	-0.0018410999999999998	-0.0	0.0	0.0050076713	0.08413971890000001	0.0279910854	0.0123201287	0.0216898191	0.0514853342	0.07205943662376997
0.08247561839999999	0.0820452574	0.0813296518	0.0803312895	0.0790536414	0.0775011496	0.07567921150000001	1.72895e-09	0.07791260000000001	0.0148882	-0.00178376	-0.0	0.0	0.0710729569	-0.0611981187	0.0031272677	0.0946246863	-0.05823198490000001	-0.0162583288	0.03493970510518
0.0824186682	0.0818179311	0.0808199441	0.0794295525	0.0776535072	0.0755004314	0.0729807789	-0.00721042	0.0912461	0.035564099999999994	-0.00204917	-0.0	0.0	-0.0056888049	0.0313758803	-0.0864990519	0.0044306836	0.0850193959	-0.0038192609	0.054490321728950006
0.0823522428	0.0815529816	0.08022662059999999	0.0783817324	0.0760302412	0.07318734519999999	0.0698714189	-0.014268500000000003	0.0409008	-0.00585428	-0.000960615	-0.0	0.0	0.016129987	0.029491193	0.07862548330000001	0.06706712690000001	0.0378871185	-0.0293451266	0.15324951
0.08227635	0.0812505306	0.0795502952	0.0771897563	0.0741885076	0.0705714608	0.06636863900000001	3.12365e-09	0.107045	0.0254937	-0.00189016	-0.0	0.0	0.0030396238000000003	-0.0555706721	-0.0259259408	0.015140781200000003	0.1383286742	-0.08705012710000001	0.15823793312364998
0.0821909983	0.0809107173	0.0787916676	0.0758558164	0.0721335987	0.06766360099999999	0.0624921622	-2.61764e-10	0.044894199999999995	0.0109316	-0.000980007	-0.0	0.0	-0.0444380865	0.1114216582	-0.006808914100000001	0.0602205925	-0.012302773	0.009758684	0.12222055338541395
0.0820961977	0.0805336979	0.0779515227	0.0743823661	0.0698714189	0.0644757965	0.0582638153	-0.022078200000000003	0.10976500000000004	-0.010890700000000001	-0.00199	0.000338288	1.0587899999999999e-22	0.0059978411	-0.0915627608	0.0546870333	-0.0399368524	-0.0054902872	1.35437e-05	0.17618534973823602
0.081991959	0.0801196458	0.0770307297	0.07277211509999999	0.06740846860000001	0.0610212361	0.0537074066	-0.0199536	0.0637075	0.0251275	-0.0015469000000000001	0.000282209	0.000161908	-0.0412013196	0.0089969151	-0.07046296070000001	0.0313045982	0.017662670800000002	0.1045769982	0.11725465
0.0818782943	0.0796687514	0.0760302412	0.0710280251	0.06475182480000001	0.0573142124	0.048848591600000005	-0.0166136	0.0711066	-0.00395036	-0.0011914400000000006	0.000256617	0.00012227300000000005	0.0349649704	-0.0029256501	0.1054412843	-0.0280941827	-0.0424564093	-0.029220043	0.06085131
0.0817552165	0.0791812221	0.0749510924	0.0691533037	0.0619091212	0.0533700625	0.0437147285	-0.020422	0.05823730000000001	0.024741299999999997	-0.00105618	0.00035218900000000004	0.00011077	-0.0041800599	-0.0355867669	-0.0387889048	0.000270446	0.07324552919999999	0.0241786493	0.057486110000000014
0.08162273980000001	0.0786572819	0.0737943996	0.0671513987	0.0588885262	0.0492051046	0.0383347241	-0.0278242	0.0552456	-0.0149993	-0.000904216	0.00045396	0.0	-0.0248193313	0.0934559624	-0.005826471999999999	0.010960997	-0.093656623	-0.0808961557	0.06835975000000001
0.0814808795	0.0780971719	0.0725613598	0.0650259921	0.0556987191	0.0448365703	0.0327388711	-0.0164811	0.0450453	0.000668635	-0.0007600689999999999	0.000226757	0.0	-0.0378061742	-0.035980736400000005	0.0306299836	0.0042473799	0.0020518971	0.0440354942	0.055778835
0.0813296518	0.0775011496	0.0712532484	0.0627809927	0.0523488658	0.0402825336	0.0269586778	-0.0198911	0.0547413	-0.0117653	-0.00107592	0.00038621699999999995	0.000113563	0.0324107933	-0.0225798039	-0.06480958	0.0615368601	-0.08967216759999999	-0.0102932697	0.05498363499999999
0.0811690742	0.076869489	0.0698714189	0.06042052940000001	0.048848591600000005	0.035561835800000004	0.0210266903	-0.0209155	0.06827319999999999	0.0175967	-0.00117812	0.000344629	0.0	0.0177980147	0.0645539938	-0.0218085165	-0.013093057	0.0450708847	0.047654426	0.05678585000000001
0.08099916509999999	0.0762024808	0.0684173009	0.0579489435	0.0452079546	0.030694008	0.0149763093	-0.021982599999999998	0.0325729	-0.00520322	-0.000565567	0.000408357	0.0	0.053553407	-0.0323370564	0.0667460861	0.0952899929	-0.0263390646	0.0276652297	0.09338137
0.0808199441	0.0755004314	0.0668923989	0.0553707806	0.0414374156	0.0256991899	0.0088416023	-0.028158799999999998	0.08085589999999998	0.0280052	-0.0009892840000000002	0.00048482800000000003	0.000182555	0.0078168264	-0.0209307671	-0.032929977400000005	-0.0558360147	0.0962098123	-0.1164927515	0.12180477
0.0806314317	0.0747636639	0.0652982905	0.0526907823	0.0375478092	0.0205980464	0.0026571115999999995	-0.0377625	0.0452489	0.00526893	-0.000429762	0.000713376	0.00025	0.0170739359	0.1321747851	-0.07795128929999999	-0.0113338865	-0.1146033257	0.0092932418	0.11072272
0.0804336496	0.07399251700000001	0.0636366248	0.0499138777	0.0335503118	0.0154116826	-0.0035423403000000007	-0.029581200000000002	0.11281400000000001	0.0055942	-0.000997583	0.000504078	0.0	0.0834028953	0.044847161	0.0610876968	-0.1562904558	0.0288360581	0.0067982107	0.12742762
0.08022662059999999	0.07318734519999999	0.0619091212	0.0470451738	0.0294564099	0.010161556	-0.0097218466	-0.0331055	0.029990100000000002	0.00383614	-0.0005607580000000001	0.0006147009999999999	0.0	0.07080757019999999	-0.0453928338	0.0042742395	0.0471930038	-0.06852548309999999	0.0613355816	0.11547866000000002
0.0800103684	0.07234851889999999	0.0601175669	0.044089946500000005	0.0252778672	0.004869388	-0.0158466129	-0.030182499999999998	0.0777934	0.008236739999999998	-0.00104905	0.000651504	0.0	0.0221580466	0.0054848593000000005	-0.013359353700000002	-0.0892172432	0.0470354943	-0.1120934806	0.08138165
0.079784918	0.0714764238	0.0582638153	0.0410536312	0.0210266903	-0.0004429262	-0.0218821528	-0.034990499999999994	0.014180700000000001	0.00399468	-0.00033722	0.0007321139999999999	-5.29396e-23	-0.0325542324	0.1146048399	0.0124250863	0.0664332022	0.0083119312	0.0360198683	0.11228475999999996
0.0795502952	0.0705714608	0.05634978440000001	0.0379418119	0.0167150947	-0.005753407800000001	-0.0277944824	-0.026741700000000004	0.08070679999999998	-0.008788199999999998	-0.0007179280000000001	0.000539232	-1.0587899999999999e-22	0.0512154513	-0.0928135055	0.0067225653	-0.026898854500000003	0.0367480462	-0.0111246697	0.11623727999999996
0.079306527	0.06963404620000001	0.0543774543	0.0347602118	0.0123554694	-0.0110400859	-0.0335503118	-0.0376838	0.0166708	0.00605143	-0.000409642	0.000759036	0.00025	0.0462023785	-0.0407841443	-0.0371920345	0.06283352360000001	-0.0201292954	0.08932210539999999	0.12872223
0.0790536414	0.068664611	0.0523488658	0.0315146823	0.0079603416	-0.0162810877	-0.0391172318	-0.0298712	0.0925393	0.007447719999999999	-0.00113185	0.000563981	0.0	0.0284687262	0.0300242331	0.032458183	-0.0948309688	0.0261388234	-0.07011908139999999	0.14344054
0.0787916676	0.06766360099999999	0.0502661174	0.0282111925	0.0035423403000000007	-0.0214547298	-0.0444638974	-0.0307967	0.018037	0.00144369	-0.00034690199999999995	0.000625723	0.0	-0.0682204228	0.08636597800000001	0.013356622	0.02577043	0.0246234115	0.0681626441	0.12376633
0.0785206355	0.06663147650000001	0.0481313641	0.024855818	-0.0008858397	-0.0265396073	-0.0495602034	-0.0222738	0.061568	-0.00952248	-0.0008107579999999999	0.000443825	0.0	0.0070706835	-0.0719844062	0.0699436951	-0.0544464428	-0.0230940477	0.0465740287	0.09530777000000004
0.0782405765	0.0655687121	0.0459468144	0.0214547298	-0.0053114742	-0.0315146823	-0.0543774543	-0.030231599999999997	0.0098596	0.008501329999999998	-0.00015120200000000002	0.0005223140000000001	0.00012963400000000005	-0.004097442	-0.0549021254	-0.0510396692	0.0348440545	0.0430355493	0.040598152	0.12107396
0.0779515227	0.0644757965	0.0437147285	0.018014183200000002	-0.0097218466	-0.0363593716	-0.0588885262	-0.0206446	0.108222	-0.000865713	-0.00118469	0.000445562	0.000116825	0.0457053901	0.0120224377	-0.0198459817	-0.1030351128	0.0515088733	-0.1581083459	0.173468893
0.0776535072	0.0633532322	0.0414374156	0.0145405056	-0.014104284	-0.0410536312	-0.0630680188	-0.030556599999999996	0.0370038	0.0069614	-0.000628788	0.0006939989999999999	0.0	-0.0031825764	0.1221145655	0.0153769711	0.0208154541	-0.0002445052	0.08686260779999999	0.135015513
0.0773465645	0.0622015356	0.0391172318	0.0110400859	-0.0184461937	-0.0455780395	-0.0668923989	-0.0255644	0.08056449999999997	-0.0109061	-0.00112232	0.000469364	0.0	0.0370721059	-0.0653344804	0.0500225804	-0.0144587255	-0.0647976543	-0.0297175076	0.10232874999999997
0.0770307297	0.0610212361	0.0367565777	0.0075193617	-0.0227350996	-0.0499138777	-0.0703401329	-0.0270086	0.0364352	0.00480225	-0.000480141	0.0005049890000000001	0.0	-0.0802319066	-0.0270048463	-0.0703209887	0.01402991	0.1280693627	0.0572194843	0.09517205
0.0767060391	0.0598128765	0.0343578954	0.0039848083	-0.0269586778	-0.0540432071	-0.073391808	-0.0222865	0.0647293	-0.0175236	-0.00107229	0.000625722	0.0	-0.0649299374	0.026994451800000003	0.0590930331	-0.0380856238	-0.0496253248	-0.1202141375	0.09098615
0.0763725302	0.0585770125	0.0319236667	0.0004429262	-0.0311047922	-0.0579489435	-0.0760302412	-0.0283814	0.047054900000000004	0.00532911	-0.000344303	0.000625722	0.0	-0.0333469409	-0.0222827559	0.0264183511	-0.0199239869	0.0385252309	0.1078087587	0.08302136000000003
0.0760302412	0.0573142124	0.0294564099	-0.0030997705	-0.0351615291	-0.0616149276	-0.0782405765	-0.027324200000000003	0.06406419999999999	-0.014936600000000001	-0.00100326	0.000625722	1.0587899999999999e-22	0.0937602375	-0.06651713570000001	0.0031527905	0.0030953291	-0.0947347542	0.0255755725	0.07128006
0.07567921150000001	0.0560250569	0.0269586778	-0.0066367663	-0.0391172318	-0.0650259921	-0.0800103684	-0.034493300000000005	0.053007500000000006	0.008169529999999998	-0.000635183	0.0006350230000000001	0.0	0.0310295227	0.0135988071	-0.1118069241	-0.0203313298	0.060867798	0.0720657125	0.06020083
0.0753194814	0.0547101387	0.0244330544	-0.010161556	-0.042960534	-0.06816802450000001	-0.0813296518	-0.0285238	0.045289300000000005	-0.00823946	-0.000551336	0.0005142909999999999	0.0	-0.0076728652	0.0932475786	0.0779169067	0.0065641194	-0.0402215282	-0.06008457690000001	0.04032564
0.0749510924	0.0533700625	0.0218821528	-0.013667657	-0.0466803921	-0.0710280251	-0.0821909983	-0.032856699999999996	0.0420149	0.000221854	-0.00039981	0.0006952410000000001	0.0	-0.027209342	-0.0358449569	0.0068508575	0.0741615939	0.07833497639999999	0.0392169135	0.032692413999999996
0.0745740866	0.0520054446	0.019308612	-0.017148621200000002	-0.0502661174	-0.0735941614	-0.0825895581	-0.0310277	0.07318560000000003	-0.00495231	-0.0006982560000000001	0.0006913910000000001	0.0	0.07671662509999999	-0.08587967279999999	-0.0642801427	0.0854899242	-0.0506936292	-0.0383871349	0.05328866400000001
0.0741885076	0.0506169125	0.0167150947	-0.0205980464	-0.0537074066	-0.0758558164	-0.0825230869	-0.0357875	0.0671467	0.0116941	-0.00044075900000000004	0.0008757210000000001	0.0	0.0210187125	0.0344773461	-0.1207587567	0.0122790553	0.0634238917	0.0684800544	0.04953646
0.0737943996	0.0492051046	0.014104284	-0.0240095886	-0.056994371399999987	-0.077803633	-0.081991959	-0.0299308	0.0739106	-0.00708807	-0.000633715	0.000692817	0.0	0.0446523546	0.1092835764	0.08527875089999999	0.0114874698	-0.0204100041	-0.0445197981	0.05019577
0.073391808	0.0477706702	0.0114788812	-0.0273769736	-0.0601175669	-0.0794295525	-0.08099916509999999	-0.0353516	0.0283666	0.00784166	-0.00048164599999999996	0.000686155	0.0	-0.0027437368	-0.0054143538	0.0223955309	0.08030691179999999	0.1362730617	0.0172659078	0.07383108
0.0729807789	0.0463142688	0.0088416023	-0.030694008	-0.0630680188	-0.080726848	-0.0795502952	-0.029642099999999998	0.0654745	-0.0110531	-0.000899272	0.0006298090000000001	-0.000115103	-0.0043929858000000006	-0.017632484099999998	-0.0367082884	0.0934681946	-0.026207871400000003	-0.117771751	0.09116591
0.0725613598	0.0448365703	0.0061951761	-0.0339545915	-0.0658372492	-0.0816901521	-0.0776535072	-0.031263400000000004	0.0564967	0.0199798	-0.00111596	0.000592316	0.0	-0.057573915199999985	0.0397600217	-0.0456354146	0.0311955986	0.1240726772	0.1225483266	0.060096199999999995
0.0721335987	0.04333825400000002	0.0035423403000000007	-0.0371527273	-0.0684173009	-0.0823154793	-0.0753194814	-0.0353481	0.0453416	-0.010526700000000002	-0.000662045	0.000717996	0.0	0.0347294124	-0.0743355667	0.077718857	0.1287831504	-0.0623091517	0.0192230973	0.07472605
0.0716975448	0.0418200091	0.0008858397	-0.0402825336	-0.0708007604	-0.0826002426	-0.0725613598	-0.032512	0.07424349999999999	0.0153516	-0.00111038	0.0005745619999999999	0.0	-0.022450086	-0.0043917713	-0.07250354469999999	-0.0078237154	0.1817224433	-0.0024689825	0.08720474999999997
0.0712532484	0.0402825336	-0.0017715775	-0.04333825400000002	-0.0729807789	-0.0825432638	-0.0693946722	-0.040130599999999995	0.0323041	-0.0032991	-0.000607009	0.0008757210000000001	0.0	-0.0126393448	0.0988021522	0.0912161103	0.04765695440000002	-0.0560862841	-0.0500202011	0.10843519999999998
0.0708007604	0.0387265345	-0.0044271617	-0.0463142688	-0.0749510924	-0.0821447785	-0.0658372492	-0.0335681	0.10517	0.025516	-0.00125717	0.000701876	1.0587899999999999e-22	-0.0097208148	-0.0847838135	-0.0145554729	-0.0107396562	0.0655581394	0.0588289121	0.1494438
0.0703401329	0.0371527273	-0.0070781657	-0.0492051046	-0.0767060391	-0.0814064355	-0.0619091212	-0.0375909	0.0427025	0.00228238	-0.000861981	0.0008757210000000001	0.0	-0.0271637223	0.045877739	-0.077298188	0.0694081131	-0.1130137032	0.0403757758	0.11817562
0.0698714189	0.035561835800000004	-0.0097218466	-0.0520054446	-0.0782405765	-0.0803312895	-0.05763240610000001	-0.0304082	0.10365	0.010697100000000001	-0.00112854	0.000573509	0.0	0.007663775899999998	-0.0009004628	0.04337732440000002	-0.0280050395	0.0427892445	0.094068492	0.10498347
0.0693946722	0.0339545915	-0.0123554694	-0.0547101387	-0.0795502952	-0.0789237887	-0.0530311845	-0.033699900000000005	0.05098780000000002	0.00176442	-0.000861981	0.0008757210000000001	0.000161454	0.014533929199999997	-0.0313797168	-0.0505509794	0.0844462616	-0.0607760417	0.0207575988	0.10139783
0.0689099476	0.0323317335	-0.0149763093	-0.0573142124	-0.0806314317	-0.0771897563	-0.0481313641	-0.0301687	0.0853898	0.019349400000000003	-0.00101603	0.000587621	-1.0587899999999999e-22	-0.0079194537	0.0343620174	0.0045962031	-0.0185613561	0.0584772279	0.0140229749	0.08569833
0.0684173009	0.030694008	-0.0175816548	-0.0598128765	-0.0814808795	-0.0751363666	-0.042960534	-0.038091	0.036166500000000004	-0.00396476	-0.0006587930000000001	0.0009463560000000001	-5.874770000000003e-05	0.0406151779	-0.0855569848	0.0628589722	0.0544845098	-0.0441235616	0.0289821596	0.119195745
0.0679167887	0.0290421682	-0.0201688105	-0.0622015356	-0.0820961977	-0.07277211509999999	-0.0375478092	-0.037598599999999996	0.10464200000000001	0.0193845	-0.0013686	0.00118683	0.0	-0.0371999649	-0.0145479834	-0.072493034	-0.0500556999	0.0790113672	-0.0655464298	0.142768595
0.06740846860000001	0.0273769736	-0.0227350996	-0.0644757965	-0.08247561839999999	-0.0701067834	-0.0319236667	-0.0235833	0.0276154	-0.0248774	-0.00054316	0.00103512	0.000287432	-0.0581715302	0.0789507224	0.0939539605	0.0161257148	-0.0453953354	-0.0727405479	0.19853289999999998
0.0668923989	0.0256991899	-0.0252778672	-0.06663147650000001	-0.0826180512	-0.0671513987	-0.0261197739	0.00866273	0.060502699999999986	-0.00037185	-0.000367225	0.000476574	0.00102442	-0.0496549964	-0.0705183315	0.0124097339	-0.1220740966	0.0152291078	-0.044537979500000005	0.16321233
0.06636863900000001	0.0240095886	-0.0277944824	-0.068664611	-0.0825230869	-0.0639181885	-0.0201688105	-0.00513018	0.00923462	-0.00267878	0.000147904	0.00031396	0.000657931	-0.0596911754	0.0577572641	0.0146263662	-0.007749424499999998	-0.0976223205	-0.008421541999999999	0.11957952
0.0658372492	0.022308946800000003	-0.0302823417	-0.0705714608	-0.0821909983	-0.06042052940000001	-0.014104284	-0.019150099999999996	0.0884232	-0.00324044	-1.61158e-05	0.0007064080000000001	0.00044755	-0.0087558628	-0.0998726087	0.0082484321	-0.0606532672	-0.0572877435	-0.0117410126	0.13211260000000002
0.0652982905	0.0205980464	-0.0327388711	-0.07234851889999999	-0.08162273980000001	-0.05667289230000001	-0.0079603416	-0.027488299999999997	0.0111154	0.0122848	8.080939999999999e-05	0.00132154	0.000183317	-0.0165045473	-0.0520281569	-0.1167829059	-0.109010872	-0.0970945805	-0.054142412300000005	0.14998575
0.06475182480000001	0.0188776742	-0.0351615291	-0.07399251700000001	-0.0808199441	-0.0526907823	-0.0017715775	-0.0324599	0.125686	0.00123121	-5.06283e-05	0.0012464100000000005	0.00025007	0.033128096	0.0634130844	-0.0201059779	-0.2057988425	-0.008122564300000001	-0.0771098747	0.14426182499999998
0.064197915	0.017148621200000002	-0.0375478092	-0.0755004314	-0.079784918	-0.0484906747	0.0044271617	-0.03882530000000002	0.0255197	-0.00654707	-0.00024045	0.0009655690000000002	0.000541274	0.08787869470000001	0.1139214482	0.0831156476	-0.0353116644	-0.04280826980000002	-0.026963011600000003	0.15240331499999998
0.0636366248	0.0154116826	-0.0398952426	-0.076869489	-0.0785206355	-0.044089946500000005	0.0106009733	-0.0276243	0.124923	0.00534302	-0.000743258	0.000715433	0.000310613	0.026625968	-0.0676233519	0.0361308725	0.0029240625	0.0323623039	-0.0297016683	0.17167463999999996
0.0630680188	0.013667657	-0.0422014006	-0.0780971719	-0.0770307297	-0.039506804900000005	0.0167150947	-0.029703500000000008	0.0212718	-0.00269443	1.76521e-05	0.00110609	0.0006611000000000001	-0.0791826392	-0.004207675399999999	-0.1071529476	0.0358117988	-0.0221265518	-0.0335933327	0.188870555
0.0624921622	0.0119173466	-0.0444638974	-0.0791812221	-0.0753194814	-0.0347602118	0.0227350996	-0.026450099999999997	0.0854913	0.00293323	-0.000639335	0.0009582410000000001	0.00039711099999999996	-0.0837731533	0.0003543902	0.0445998442	-0.0486538283	0.0250655006	-0.0192745247	0.126541815
0.0619091212	0.010161556	-0.0466803921	-0.0801196458	-0.073391808	-0.0298698051	0.0286270917	-0.0384233	0.016452500000000002	-0.008943399999999999	-0.000204152	0.00127641	0.000285868	-0.0015913158	-0.0101964049	0.1057005486	0.0274483942	-0.0037059155	0.0127324266	0.13611838
0.061318963	0.0084010927	-0.048848591600000005	-0.0809107173	-0.0712532484	-0.024855818	0.0343578954	-0.0351293	0.107919	0.0127507	-0.000861894	0.00102136	0.00039202	0.0414410622	-0.0707237556	-0.0086880434	-0.0027388708000000003	0.0050961556	-0.0383800913	0.16740179999999996
0.0607217553	0.0066367663	-0.0509662528	-0.0815529816	-0.0689099476	-0.0197389949	0.0398952426	-0.0304343	0.036343900000000005	0.00597837	-0.00033937	0.0008922989999999998	0.00040908	0.0104168711	0.0216433261	-0.1054227906	0.0044359693	-0.1009616606	0.0415595054	0.11647468
0.0601175669	0.004869388	-0.0530311845	-0.0820452574	-0.06636863900000001	-0.0145405056	0.0452079546	-0.0231871	0.108751	0.00739606	-0.00073926	0.000628834	0.00039063	0.0035156213	0.0227320813	0.076477801	-0.0616116727	-0.0099907696	-0.001123317	0.11516224000000005
0.0595064671	0.0030997705	-0.0550412506	-0.0823866395	-0.0636366248	-0.0092818579	0.0502661174	-0.038459	0.017007599999999998	0.0117814	-1.24992e-05	0.00114978	0.000467976	0.0026102601	-0.0875415996	-0.014919135900000003	0.0483413435	-0.0720951409	0.065842738	0.17765328
0.0588885262	0.0013287276999999998	-0.056994371399999987	-0.08257649980000001	-0.0607217553	-0.0039848083	0.0550412506	-0.0400414	0.108477	0.00662767	-0.000330638	0.00120818	0.00047740900000000004	-0.0402646621	0.0041497953	-0.0275180351	-0.0690415017	0.0259681596	-0.08594810900000001	0.11750412
0.0582638153	-0.0004429262	-0.0588885262	-0.0826144894	-0.05763240610000001	0.0013287276999999998	0.0595064671	-0.0316072	0.025206	-0.00193496	-7.51363e-05	0.00105239	0.000503531	-0.0106487979	0.1110188325	0.0849763702	0.0216540842	0.0051841766	0.016012153	0.12213851500000004
0.05763240610000001	-0.0022143764	-0.0607217553	-0.0825005382	-0.0543774543	0.0066367663	0.0636366248	-0.0279673	0.123874	0.00690348	-0.000612413	0.0008782739999999999	0.00053908	0.037623017	-0.08497073960000001	0.0251255121	-0.0064571084	-0.0077733689	-0.0397968519	0.148493425
0.056994371399999987	-0.0039848083	-0.0624921622	-0.0822348559	-0.0509662528	0.0119173466	0.06740846860000001	-0.029168299999999998	0.014516299999999998	0.00930545	6.3535e-06	0.00101492	0.000447113	-0.0548348402	0.0141081299	-0.1014957381	-0.0013183751	-0.0496951346	0.0516596746	0.15532964500000002
0.05634978440000001	-0.005753407800000001	-0.064197915	-0.0818179311	-0.0474086033	0.017148621200000002	0.0708007604	-0.026818900000000003	0.109617	0.00833646	-0.0005050990000000001	0.00107267	0.000406777	-0.0120298407	-0.0101106728	0.0674953754	-0.082233745	-0.053530754900000005	0.0087523039	0.12889601500000006
0.0556987191	-0.0075193617	-0.0658372492	-0.0812505306	-0.0437147285	0.022308946800000003	0.0737943996	-0.0247166	0.0369844	0.00318639	-0.000364118	0.000972485	0.000576198	0.0001156446	-0.0434566425	0.0637255619	0.0615499121	0.0086613191	0.1366590039	0.10041432
0.0550412506	-0.0092818579	-0.06740846860000001	-0.0805336979	-0.0398952426	0.0273769736	0.0763725302	-0.0242116	0.0965643	0.00304565	-0.0008158839999999999	0.00097395	0.0003929	0.0316232615	-0.0254364373	-0.0174271944	-0.0162222648	-0.0050444698	-0.1179378024	0.09205209
0.0543774543	-0.0110400859	-0.0689099476	-0.0796687514	-0.0359611205	0.0323317335	0.0785206355	-0.030952800000000006	0.042625300000000005	0.015082399999999998	-0.00034117	0.000980933	0.0003929	-0.038509524	0.0784502636	-0.0838029295	0.0009242809	0.0208562408	0.1183338086	0.09680180000000001
0.0537074066	-0.0127932372	-0.0703401329	-0.0786572819	-0.0319236667	0.0371527273	0.08022662059999999	-0.021949299999999998	0.09214860000000001	-0.008105589999999998	-0.000311436	0.0009345310000000001	0.0003929	0.0584355745	0.0118037799	0.0933167826	-0.039514893	-0.0806809099	-0.0187973597	0.08552158999999998
0.0530311845	-0.0145405056	-0.0716975448	-0.0775011496	-0.0277944824	0.0418200091	0.0814808795	-0.0318873	0.0745784	0.0149113	-0.000799122	0.000952049	0.0003929	-0.0058501813	-0.0221978169	0.018574578	0.0547404505	0.1106033668	0.0263135006	0.07578528999999999
0.0523488658	-0.0162810877	-0.0729807789	-0.0762024808	-0.0235854328	0.0463142688	0.08227635	-0.022512400000000002	0.07829119999999999	-0.00083387	-0.000545617	0.0009035260000000001	0.0003929	0.0053911994	-0.0362535875	-0.034085797	0.1114889851	-0.051021683099999986	-0.08991177369999999	0.04393427
0.0516605288	-0.018014183200000002	-0.0741885076	-0.0747636639	-0.019308612	0.0506169125	0.0826085531	-0.0202997	0.08942519999999997	0.00986036	-0.000469976	0.000699528	0.0003929	-0.0463124308	0.0067680662	-0.0852516489	-0.007831546	0.0816618034	0.0021844519	0.03802287999999999
0.0509662528	-0.0197389949	-0.0753194814	-0.07318734519999999	-0.0149763093	0.0547101387	0.08247561839999999	-0.0275945	0.06049830000000001	-0.00606896	-0.000491262	0.00089107	0.000230167	-0.0015305173999999998	0.0961582888	0.0275833859	0.0592517817	-0.05731160110000001	-0.0911923191	0.07092906999999997
0.0502661174	-0.0214547298	-0.0763725302	-0.0714764238	-0.0106009733	0.0585770125	0.0818782943	-0.031612	0.0698942	0.00667725	-0.0007618519999999999	0.0009429039999999999	0.000230167	0.0043892636	0.0372369527	0.016023006399999998	-0.073369298	0.0539987753	0.0641790269	0.042280810000000016
0.0495602034	-0.023160599	-0.0773465645	-0.06963404620000001	-0.0061951761	0.0622015356	0.0808199441	-0.0351881	0.0314093	-0.0006535	-0.000693288	0.00112654	0.000230167	0.024668371	-0.07534222360000001	0.03690262	0.0786500243	-0.06507902900000001	0.0161098008	0.06200175
0.048848591600000005	-0.024855818	-0.0782405765	-0.06766360099999999	-0.0017715775	0.0655687121	0.079306527	-0.0227615	0.11741099999999999	0.016378399999999998	-0.000779313	0.000854743	0.000230167	-0.0243467067	-0.0442069021	-0.0307822141	-0.0226303283	0.07868906190000001	-0.06910233959999999	0.13335129999999998
0.0481313641	-0.0265396073	-0.0790536414	-0.0655687121	0.0026571115999999995	0.068664611	0.0773465645	-0.0367323	0.034522699999999996	0.00579431	-0.00041631400000000004	0.00100131	0.000510399	-0.0365246294	0.1074891348	-0.0670959878	0.0112183671	-0.066901945	0.008908912199999999	0.14693309000000002
0.0474086033	-0.0282111925	-0.079784918	-0.0633532322	0.0070781657	0.0714764238	0.0749510924	-0.0271036	0.097474	0.0133572	-0.00118106	0.00110862	0.00046004199999999997	0.0259037804	-0.0002407531	0.0329823287	-0.1267416954	0.0069908437	0.0566782877	0.12626354
0.0466803921	-0.0298698051	-0.0804336496	-0.0610212361	0.0114788812	0.07399251700000001	0.0721335987	-0.037672000000000004	0.039412800000000005	0.007138600000000002	-0.000510538	0.00134517	0.000514778	0.044521834100000005	-0.0712284957	0.0446452329	0.0265195606	-0.015476146299999997	0.065773903	0.12293860000000002
0.0459468144	-0.0315146823	-0.08099916509999999	-0.0585770125	0.0158466129	0.0762024808	0.0689099476	-0.028131299999999998	0.09713560000000004	0.00267398	-0.000705385	0.0006637419999999999	0.000230167	0.043442788200000006	-0.0610433821	-0.01343111	-0.0285373954	0.0651542328	-0.0882207683	0.12977242000000005
0.0452079546	-0.0331450678	-0.0814808795	-0.0560250569	0.0201688105	0.0780971719	0.0652982905	-0.041368199999999994	0.036557099999999995	0.02089	-0.0006947860000000001	0.00106073	0.00035145099999999997	-0.0631006383	0.0805459634	-0.07147223059999999	0.0467865463	-0.0187363477	0.1118568585	0.11847497
0.0444638974	-0.0347602118	-0.0818782943	-0.0533700625	0.0244330544	0.0796687514	0.061318963	-0.025455000000000002	0.07146660000000002	-0.009936799999999999	-0.0011091400000000002	0.00110194	0.0006998919999999999	0.0286819268	-0.0195592853	0.0794253062	-0.0216517253	-0.0410765068	0.0558556834	0.12184975000000002
0.0437147285	-0.0363593716	-0.0821909983	-0.0506169125	0.0286270917	0.0809107173	0.056994371399999987	-0.025596599999999997	0.047364300000000005	0.0226481	-0.0005676969999999999	0.00086704	0.000230167	0.0171680795	-0.0404746138	-0.0082242863	0.0816788453	0.043856389	0.0410150275	0.1191322
0.042960534	-0.0379418119	-0.0824186682	-0.0477706702	0.0327388711	0.0818179311	0.0523488658	-0.0211014	0.0763573	-0.000873485	-0.0008479069999999997	0.00110885	0.000397248	0.0513138518	0.0064870404000000005	-0.0652942455	0.0242814905	0.0528319378	-0.0967643263	0.091464835
0.0422014006	-0.039506804900000005	-0.0825610682	-0.0448365703	0.0367565777	0.0823866395	0.0474086033	-0.0286813	0.043225400000000004	0.0259029	-0.000727945	0.00118047	0.000230167	0.00667678	0.0720985239	-0.0809279982	0.0245928892	0.0036741412	0.0810948324	0.085421335
0.0414374156	-0.0410536312	-0.0826180512	-0.0418200091	0.0406686668	0.0826144894	0.0422014006	-0.0215183	0.0844455	-0.00351285	-0.0009106810000000002	0.0008786669999999998	0.000230167	0.07055371740000001	0.0581274805	0.0990041679	-0.0157311686	-0.0118184585	-0.0217760924	0.1020258
0.0406686668	-0.0425815792	-0.0825895581	-0.0387265345	0.0444638974	0.0825005382	0.0367565777	-0.0304685	0.0590164	0.023331599999999997	-0.0009301410000000002	0.00127696	0.000411885	0.0369919565	0.0128311674	0.0336938442	0.05857910280000001	0.1480707416	-0.0141643917	0.09119730000000001
0.0398952426	-0.044089946500000005	-0.08247561839999999	-0.035561835800000004	0.0481313641	0.0820452574	0.0311047922	-0.0457911	0.0628857	-0.00656697	-0.000968067	0.00172094	0.000357699	0.0028289599	-0.0359078232	-0.0442136701	0.0897083773	-0.0123778524	-0.0903644411	0.07589507
0.0391172318	-0.0455780395	-0.08227635	-0.0323317335	0.0516605288	0.0812505306	0.0252778672	-0.0257262	0.08704049999999999	0.0145054	-0.000759911	0.00123855	0.00030619400000000003	-0.0650973241	0.0321742691	-0.0630949876	-0.0113127488	0.12623150119999998	-0.0024798366	0.10239462
0.0383347241	-0.0470451738	-0.081991959	-0.0290421682	0.0550412506	0.0801196458	0.019308612	-0.0243259	0.0585727	-0.00658113	-0.000733501	0.0012500999999999999	0.00042734	-0.0037277495	0.1104870906	0.0776013725	0.0390762943	0.0049824521000000005	-0.0640856958	0.05890993000000001
0.0375478092	-0.0484906747	-0.08162273980000001	-0.0256991899	0.0582638153	0.0786572819	0.0132306372	-0.031022900000000006	0.107583	0.00248496	-0.0008348289999999999	0.00140335	0.00042734	0.050788975	0.016549515	0.06267910360000001	0.0016659712	0.0489573713	0.0718348266	0.07750229
0.0367565777	-0.0499138777	-0.0811690742	-0.022308946800000003	0.061318963	0.076869489	0.0070781657	-0.0377291	0.0505713	-0.00406942	-0.000670279	0.00150918	0.00042734	0.0647814844	-0.0198468624	-0.0464466764	0.0468905756	-0.0583934014	0.0086197989	0.08379127999999998
0.0359611205	-0.0513141282	-0.0806314317	-0.0188776742	0.064197915	0.0747636639	0.0008858397	-0.037217	0.107152	0.007666339999999998	-0.0009439019999999999	0.00144121	0.00042734	-0.001873711	0.0250106698	-0.0727362641	-0.0559957916	0.016944847199999998	0.0177414799	0.08590821
0.0351615291	-0.0526907823	-0.0800103684	-0.0154116826	0.0668923989	0.07234851889999999	-0.0053114742	-0.0324807	0.0401267	-0.00544559	-0.000689543	0.00146481	0.00042734	-0.0251935867	0.0913938957	0.0747230998	0.0359042419	-0.0502462591	-0.0067703425	0.09877148
0.0343578954	-0.0540432071	-0.079306527	-0.0119173466	0.0693946722	0.06963404620000001	-0.0114788812	-0.0378277	0.08447699999999997	0.018755400000000002	-0.00109334	0.00127596	0.00032946099999999997	-0.0208541328	-0.0335894138	0.0296013814	-0.0236382936	-0.0007381071	0.0814910311	0.10842458999999996
0.0335503118	-0.0553707806	-0.0785206355	-0.0084010927	0.0716975448	0.06663147650000001	-0.0175816548	-0.0426275	0.06300069999999999	-0.00540262	-0.000818122	0.00161641	0.00035570599999999996	0.0446451928	-0.0875959836	-0.0168354285	0.0011096569	-0.036044904700000005	0.0429643974	0.08252976999999997
0.0327388711	-0.05667289230000001	-0.0776535072	-0.004869388	0.0737943996	0.0633532322	-0.0235854328	-0.0371691	0.114802	0.0303382	-0.00117507	0.00112587	0.000355911	0.0322845911	-0.0811842139	-0.046530948	-0.0610084414	0.0662260884	-0.0665014089	0.13538517000000005
0.0319236667	-0.0579489435	-0.0767060391	-0.0013287276999999998	0.07567921150000001	0.0598128765	-0.0294564099	-0.0308366	0.0760523	0.0107466	-0.000862383	0.00129504	0.000207283	0.028342583900000006	-0.0021836074	-0.1265283197	-0.0068563984	-0.0749198715	0.0063559691	0.09619805
0.0311047922	-0.0591983473	-0.07567921150000001	0.0022143764	0.0773465645	0.0560250569	-0.0351615291	-0.0314653	0.13659100000000002	0.0147885	-0.00131712	0.00120466	0.000257633	0.0039949292	-0.007355686700000002	-0.00031847310000000003	-0.0867877782	0.0094947121	0.0046439745	0.09498264999999996
0.0302823417	-0.06042052940000001	-0.0745740866	0.005753407800000001	0.0787916676	0.0520054446	-0.0406686668	-0.0251719	0.0128216	0.00463685	-0.000363596	0.00081161	0.000430153	-0.0277397511	-0.0479834289	0.0387520347	0.0614187372	-0.011063181399999998	0.0417118812	0.21616915
0.0294564099	-0.0616149276	-0.073391808	0.0092818579	0.0800103684	0.0477706702	-0.0459468144	-0.0277615	0.10331300000000004	0.0298866	-0.00113856	0.00124315	0.00019591599999999997	-0.0580004804	-0.0122938106	-0.0213059356	-0.0560624082	0.095139982	-0.1347943631	0.19036779999999998
0.0286270917	-0.0627809927	-0.0721335987	0.0127932372	0.08099916509999999	0.04333825400000002	-0.0509662528	-0.0357033	0.0364342	0.0226715	-0.000592802	0.000930347	0.00042734	-0.0379111937	0.1104497735	0.0333870886	0.0524754112	0.0300194041	0.0290625482	0.13653495
0.0277944824	-0.0639181885	-0.0708007604	0.0162810877	0.0817552165	0.0387265345	-0.0556987191	-0.0218146	0.12340599999999999	0.010435600000000001	-0.00111156	0.000911444	0.00042734	0.0442731785	-0.0836801434	0.0184941921	-0.0286100885	-0.055500699900000006	0.0084802612	0.13997945
0.0269586778	-0.0650259921	-0.0693946722	0.0197389949	0.08227635	0.0339545915	-0.0601175669	-0.030302	0.06448809999999999	0.0221098	-0.0006875830000000001	0.000897722	0.00067734	-0.0158786736	-0.0148947352	-0.110690658	-0.0064862041	-0.0114955657	0.1184418385	0.11346444999999998
0.0261197739	-0.0661038941	-0.0679167887	0.023160599	0.0825610682	0.0290421682	-0.064197915	-0.0256077	0.11405499999999999	0.0232395	-0.00110014	0.00125272	0.00042734	0.019020286	0.0223088696	0.0429447003	-0.064301126	-0.0460415339	-0.0588317233	0.10626865
0.0252778672	-0.0671513987	-0.06636863900000001	0.0265396073	0.0826085531	0.0240095886	-0.0679167887	-0.0358492	0.05753380000000001	0.0277288	-0.00104223	0.00122402	0.00067734	-0.0128345018	-0.0509407947	0.0378694557	0.0322306288	0.0306611907	0.0595642345	0.08808250000000001
0.0244330544	-0.06816802450000001	-0.06475182480000001	0.0298698051	0.0824186682	0.0188776742	-0.0712532484	-0.032602299999999994	0.0866707	0.0167583	-0.00132842	0.0015618000000000001	0.00036971	-0.0312365274	-0.0077302944	-0.0414529358	-0.0364100144	-0.0649295139	-0.1453461923	0.08993430000000001
0.0235854328	-0.0691533037	-0.0630680188	0.0331450678	0.081991959	0.013667657	-0.0741885076	-0.03317	0.0764559	0.0453636	-0.001175	0.00154653	0.00042734	-0.090115378	0.0627312454	-0.0466714579	-0.0308566778	-0.0201027026	0.1265170143	0.05070380000000002
0.0227350996	-0.0701067834	-0.061318963	0.0363593716	0.0813296518	0.0084010927	-0.0767060391	-0.0275559	0.08629769999999999	-0.00648688	-0.00106248	0.00145615	0.00042734	0.0503966649	-0.0221227168	0.1165097885	0.0078574283	-0.080389691	-0.0143717937	0.07745138
0.0218821528	-0.0710280251	-0.0595064671	0.039506804900000005	0.0804336496	0.0030997705	-0.0787916676	-0.025801499999999998	0.08687439999999999	0.0473107	-0.00145016	0.00093833	0.000492777	0.0236554742	-0.0086700792	-0.0085803922	0.0429105377	0.1352427712	0.010799573799999998	0.10467553
0.0210266903	-0.0719166052	-0.05763240610000001	0.0425815792	0.079306527	-0.0022143764	-0.0804336496	-0.0232321	0.070437	0.011604600000000001	-0.00123304	0.000898817	0.00067734	0.0234426766	0.0951537121	-0.005924081	0.1343258969	-0.0485260196	-0.1059544152	0.07677270000000001
0.0201688105	-0.07277211509999999	-0.0556987191	0.0455780395	0.0779515227	-0.0075193617	-0.08162273980000001	-0.0245206	0.093485	0.049690899999999996	-0.00180189	0.0008564529999999999	0.0007468769999999997	-0.0275366049	-0.0546820829	0.0494498024	0.0098113532	0.1093800029	-0.021395567200000003	0.09646035
0.019308612	-0.0735941614	-0.0537074066	0.0484906747	0.0763725302	-0.0127932372	-0.0823522428	-0.0233207	0.0551414	0.0178809	-0.0009693869999999999	0.00127753	0.0007276489999999999	-0.0739222635	0.0317645351	-0.0514172277	0.0719053756	-0.1385380933	-0.0663985069	0.13499389999999994
0.0184461937	-0.0743823661	-0.0516605288	0.0513141282	0.0745740866	-0.018014183200000002	-0.0826180512	-0.020875799999999996	0.129148	0.0199976	-0.0016860899999999995	0.00105044	0.00067734	-0.0623176905	-0.0601205065	0.071905286	-0.1057921724	0.0345716815	0.03414559	0.1282733
0.0175816548	-0.0751363666	-0.0495602034	0.0540432071	0.0725613598	-0.023160599	-0.0824186682	-0.023097	0.0627669	0.0204719	-0.00105721	0.000889048	0.00067734	-0.0567559579	-0.0759576669	-0.0199531504	0.0256290984	-0.07337301269999999	0.0489545121	0.10859019999999996
0.0167150947	-0.0758558164	-0.0474086033	0.05667289230000001	0.0703401329	-0.0282111925	-0.0817552165	-0.0221947	0.13788599999999998	0.0153138	-0.00143293	0.000970814	0.00067734	-0.0152281957	-0.0072415757	0.0737109589	-0.13185607289999998	0.0433183237	-0.0077172306	0.1040538
0.0158466129	-0.0765403846	-0.0452079546	0.0591983473	0.0679167887	-0.0331450678	-0.0806314317	-0.0298103	0.04656180000000002	0.0301844	-0.0008681889999999999	0.00110455	0.000893936	0.016104378	-0.057664707	-0.0131609777	0.046109792699999985	-0.0529893263	0.0404853805	0.15956405
0.0149763093	-0.0771897563	-0.042960534	0.0616149276	0.0652982905	-0.0379418119	-0.0790536414	-0.0280204	0.109673	0.0347974	-0.00157509	0.00116681	0.000638814	0.0167445035	0.050715770999999986	-0.0091952728	-0.0674516428	0.0444057772	-0.0401048439	0.12072824999999998
0.014104284	-0.077803633	-0.0406686668	0.0639181885	0.0624921622	-0.0425815792	-0.0770307297	-0.029032	0.054275300000000005	0.0384362	-0.00111684	0.00112711	0.000711064	0.0478783106	-0.0388853453	0.0341177379	0.01507406	-0.0272358225	0.0291627877	0.08855809999999999
0.0132306372	-0.0783817324	-0.0383347241	0.0661038941	0.0595064671	-0.0470451738	-0.0745740866	-0.0196678	0.142689	0.022160299999999997	-0.00173867	0.0007988219999999999	0.000572345	0.0098538703	0.0366185189	-0.0260969961	-0.058258385	0.0366029253	-0.0679547787	0.16849565
0.0123554694	-0.0789237887	-0.0359611205	0.06816802450000001	0.05634978440000001	-0.0513141282	-0.0716975448	-0.034382300000000005	0.0364748	0.0211558	-0.00106169	0.00087064	0.0008557649999999998	0.0109872647	0.0398344799	0.0583455589	0.0337050971	0.03188494	0.0090787285	0.1735441
0.0114788812	-0.0794295525	-0.0335503118	0.0701067834	0.0530311845	-0.0553707806	-0.0684173009	-0.0215983	0.133922	0.0352681	-0.00202725	0.000822646	0.000710855	-0.0052692961	-0.0455410649	0.0071562332999999985	-0.06300863940000001	0.035363481	-0.0821069622	0.1822667
0.0106009733	-0.0798987914	-0.0311047922	0.0719166052	0.0495602034	-0.0591983473	-0.06475182480000001	-0.020306599999999998	0.0361904	0.0219258	-0.000838587	0.0006864089999999999	0.000605765	-0.052816411	0.0563489177	0.0616263996	0.0133568771	-0.0092571689	0.0483033152	0.1838651
0.0097218466	-0.0803312895	-0.0286270917	0.0735941614	0.0459468144	-0.0627809927	-0.0607217553	-0.025191599999999998	0.125075	0.0207196	-0.00187543	0.000853833	0.0008557639999999999	0.0111500562	-0.0848805324	-0.0092482209	-0.0431129868	-0.02908232	-0.0413954941	0.1676891
0.0088416023	-0.080726848	-0.0261197739	0.0751363666	0.0422014006	-0.0661038941	-0.05634978440000001	-0.0289009	0.0571068	0.0355095	-0.00102512	0.0008383089999999998	0.0008557639999999999	-0.0285073302	0.0585941027	-0.0955617562	-0.0127987792	-0.02054581	0.112033505	0.12975910000000002
0.0079603416	-0.0810852849	-0.0235854328	0.0765403846	0.0383347241	-0.0691533037	-0.0516605288	-0.017012099999999995	0.11016600000000001	0.00940286	-0.00125159	0.0007436279999999998	0.00112926	0.0614821408	-0.0198625932	0.0824092398	-0.0584846684	-0.057529172	0.0084270984	0.12078699
0.0070781657	-0.0814064355	-0.0210266903	0.077803633	0.0343578954	-0.0719166052	-0.0466803921	-0.0318954	0.0706787	0.0484977	-0.00163756	0.000762223	0.00106629	0.0177237616	-0.0046481998	-0.05447682400000002	-0.0050841924	0.033371829	0.0863953791	0.11684219
0.0061951761	-0.0816901521	-0.0184461937	0.0789237887	0.0302823417	-0.0743823661	-0.0414374156	-0.0180382	0.09855850000000001	0.0212449	-0.00153057	0.00100461	0.0008557639999999999	-0.0203983705	0.0493802925	0.0209963853	0.0006886261	-0.0363061699	-0.0605991452	0.09698494999999996
0.0053114742	-0.0819363041	-0.0158466129	0.0798987914	0.0261197739	-0.0765403846	-0.0359611205	-0.030453700000000007	0.0682063	0.0294159	-0.0012307	0.00100952	0.0008557639999999999	-0.0759075967	-0.031462168799999995	0.0436681243	0.0373653274	0.0360987377	0.0352333748	0.06617769999999999
0.0044271617	-0.0821447785	-0.0132306372	0.080726848	0.0218821528	-0.0783817324	-0.0302823417	-0.027173900000000004	0.0953429	0.00410304	-0.0011256999999999999	0.000725762	0.00100919	-0.0125351724	-0.0939424495	-0.0434483414	0.0496623641	-0.0133754671	-0.0799725283	0.08283846
0.0035423403000000007	-0.0823154793	-0.0106009733	0.0814064355	0.0175816548	-0.0798987914	-0.0244330544	-0.0285852	0.07829719999999997	0.05797040000000001	-0.0017074499999999995	0.0008459039999999998	0.000936819	-0.0532095937	0.0430444883	-0.0924153654	0.0270344975	0.0319351236	0.0718224642	0.11103751
0.0026571115999999995	-0.0824483281	-0.0079603416	0.0819363041	0.0132306372	-0.0810852849	-0.0184461937	-0.0170877	0.08711149999999998	0.00190771	-0.0012704	0.0007245659999999997	0.000978793	0.06448677309999999	0.0329798954	0.1244866483	-0.0193962356	-0.0247717651	-0.053367971900000005	0.10639258999999998
0.0017715775	-0.0825432638	-0.0053114742	0.0823154793	0.0088416023	-0.0819363041	-0.0123554694	-0.0231669	0.08795449999999999	0.05683380000000001	-0.00172757	0.000652362	0.0008557639999999999	0.0395474649	-0.0340326354	-0.0398040818	0.0493346997	0.0699500842	-0.0169472429	0.09446844
0.0008858397	-0.0826002426	-0.0026571115999999995	0.0825432638	0.0044271617	-0.0824483281	-0.0061951761	-0.011800299999999998	0.07224019999999999	0.0109711	-0.00132963	0.000657041	0.00101457	-0.0123943917	0.0973580036	0.0065833983	0.0905058674	-0.025461145	-0.12660664789999998	0.10101485
0.0	-0.0826192385	-0.0	0.0826192385	0.0	-0.0826192385	-0.0	-0.021082299999999998	0.07119930000000001	0.0562493	-0.00143265	0.0007399189999999999	0.000968326	-0.0128798914	-0.0295705168	0.0092796896	0.0449875893	0.0642622298	0.0469396676	0.06720820000000001
-0.0008858397	-0.0826002426	0.0026571115999999995	0.0825432638	-0.0044271617	-0.0824483281	0.0061951761	-0.019091099999999996	0.07154730000000001	0.0180408	-0.00120766	0.0006446280000000001	0.0011333	0.046760319	-0.0001171333	-0.0878331182	0.08932273539999999	-0.0580497852	-0.050791620700000005	0.06481045000000002
-0.0017715775	-0.0825432638	0.0053114742	0.0823154793	-0.0088416023	-0.0819363041	0.0123554694	-0.0168552	0.0881056	0.0441351	-0.0015692499999999995	0.000484441	0.00121467	0.0226961289	0.0520056289	0.0338543517	-0.0178481524	0.0362013464	0.018344366	0.07504584999999997
-0.0026571115999999995	-0.0824483281	0.0079603416	0.0819363041	-0.0132306372	-0.0810852849	0.0184461937	-0.010767299999999999	0.0455963	0.00856629	-0.0007532049999999997	0.00031273	0.00107236	0.0149733219	-0.0466276234	-0.0292945998	0.0521071476	-0.100493241	0.0467665181	0.14066931
-0.0035423403000000007	-0.0823154793	0.0106009733	0.0814064355	-0.0175816548	-0.0798987914	0.0244330544	-0.014174200000000001	0.0893216	0.0503329	-0.00163061	0.000313016	0.000855763	-0.0402554653	0.0461601433	-0.0553251573	0.0085760834	-0.009147527	0.007752789499999998	0.14361321
-0.0044271617	-0.0821447785	0.0132306372	0.080726848	-0.0218821528	-0.0783817324	0.0302823417	-0.015242700000000001	0.0533742	0.011390700000000002	-0.000941742	0.000337569	0.00101539	0.0433219077	-0.0205036359	0.0733357637	0.0648796913	-0.0353697467	0.0133313589	0.11961050000000001
-0.0053114742	-0.0819363041	0.0158466129	0.0798987914	-0.0261197739	-0.0765403846	0.0359611205	-0.013468	0.09599869999999999	0.0578738	-0.00187485	0.000280507	0.00134849	-0.0078356752	-0.0173975	-0.0698230982	0.0164714758	0.07114380070000001	-0.0127942551	0.1570458
-0.0061951761	-0.0816901521	0.0184461937	0.0789237887	-0.0302823417	-0.0743823661	0.0414374156	-0.0160719	0.0646413	0.00782498	-0.000955881	0.00040102800000000016	0.00109706	-0.0366933767	0.0953049308	0.0623120005	0.0630547061	-0.0345367267	-0.0094865478	0.14855612
-0.0070781657	-0.0814064355	0.0210266903	0.077803633	-0.0343578954	-0.0719166052	0.0466803921	-0.012161700000000001	0.09870880000000004	0.0426765	-0.00155814	0.00028854200000000003	0.00112916	0.024736269	-0.0620454943	0.0033068166	0.0100586816	0.0193607821	0.053151428	0.11017147
-0.0079603416	-0.0810852849	0.0235854328	0.0765403846	-0.0383347241	-0.0691533037	0.0516605288	-0.016964799999999995	0.0655236	0.0146375	-0.000975072	0.00046061800000000004	0.00115046	0.0498858978	0.0367663182	-0.08446031720000001	0.0897533149	-0.0634969325	-0.0021953791	0.10484949999999996
-0.0088416023	-0.080726848	0.0261197739	0.0751363666	-0.0422014006	-0.0661038941	0.05634978440000001	-0.0129476	0.11704400000000001	0.017775700000000002	-0.00126847	0.00042866400000000004	0.00156009	0.033076569	0.022785164700000003	-0.0009822074	-0.0994849417	0.0263600614	0.0418768565	0.09542489999999999
-0.0097218466	-0.0803312895	0.0286270917	0.0735941614	-0.0459468144	-0.0627809927	0.0607217553	0.038245999999999995	-0.00316623	-0.00494226	-0.000213778	0.000120217	0.00232999	-0.0399447283	-0.0181402359	-0.0007718931	-0.050326747000000005	0.030787234500000007	0.046719595700000005	0.30077374
-0.0106009733	-0.0798987914	0.0311047922	0.0719166052	-0.0495602034	-0.0591983473	0.06475182480000001	0.0140106	0.08223710000000001	-0.00422151	-0.00030146700000000003	0.000576484	0.00216534	-0.1217530128	-0.0560157293	-0.0171947434	-0.1789526739	0.0184321974	-0.0070629645	0.14578978
-0.0114788812	-0.0794295525	0.0335503118	0.0701067834	-0.0530311845	-0.0553707806	0.0684173009	0.00328409	0.053365199999999995	-0.00344913	-0.000127031	0.0007956769999999997	0.00189543	-0.0879493181	-0.1130377707	-0.0568949931	-0.0615620208	-0.114179175	0.0198275279	0.07354773999999999
-0.0123554694	-0.0789237887	0.0359611205	0.06816802450000001	-0.05634978440000001	-0.0513141282	0.0716975448	-0.0098009	0.136642	0.00569496	-0.000509905	0.0006305659999999999	0.00199471	-0.0090365053	0.0235201528	-0.0192322491	-0.2105065416	0.0054783835	0.0126640682	0.13786913
-0.0132306372	-0.0783817324	0.0383347241	0.0661038941	-0.0595064671	-0.0470451738	0.0745740866	-0.00528125	0.0497278	-0.0044615	-0.000124435	0.00056895	0.00199471	0.1168463992	0.0449954047	0.081996474	-0.027431382400000003	-0.0197706275	0.0627122984	0.12394461
-0.014104284	-0.077803633	0.0406686668	0.0639181885	-0.0624921622	-0.0425815792	0.0770307297	0.0172318	0.118959	0.0298257	-0.0013339300000000005	0.000363195	0.00199471	0.0938320438	0.0146937864	-0.0455331583	-0.1101377163	0.023528567	-0.0581374828	0.19679395
-0.0149763093	-0.0771897563	0.042960534	0.0616149276	-0.0652982905	-0.0379418119	0.0790536414	0.0137725	0.0344767	-0.00187699	-0.000228953	0.000555288	0.00199471	0.024230619	0.06840601190000001	0.0707144967	0.0976362449	0.0424358037	0.0129336911	0.18449779
-0.0158466129	-0.0765403846	0.0452079546	0.0591983473	-0.0679167887	-0.0331450678	0.0806314317	0.00389248	0.11641199999999999	0.0145011	-0.00127532	0.000510801	0.00199471	0.0390768016	-0.0360702267	0.0004844221	-0.101803819	0.0717629409	-0.127639552	0.16273611
-0.0167150947	-0.0758558164	0.0474086033	0.05667289230000001	-0.0703401329	-0.0282111925	0.0817552165	0.0012180400000000005	0.042236699999999995	0.00630709	-0.000748975	0.00063243	0.00186571	-0.0153842383	0.09903366539999996	0.0634361768	0.1001683433	0.0073624814	0.0596131238	0.12389244999999995
-0.0175816548	-0.0751363666	0.0495602034	0.0540432071	-0.0725613598	-0.023160599	0.0824186682	0.0088	0.11324600000000005	0.010507299999999999	-0.00127843	0.000435069	0.00199471	0.050756853	-0.0551692105	0.0247214011	-0.0549213645	-0.011745289	-0.1133120569	0.12558227
-0.0184461937	-0.0743823661	0.0516605288	0.0513141282	-0.0745740866	-0.018014183200000002	0.0826180512	0.000611878	0.0671827	0.022933099999999998	-0.0008990789999999998	0.000256238	0.00168334	-0.0577389699	0.0466025202	-0.0069268655000000005	0.0515721403	0.0017678454999999996	0.0974096189	0.110154822
-0.019308612	-0.0735941614	0.0537074066	0.0484906747	-0.0763725302	-0.0127932372	0.0823522428	0.00508318	0.0874956	0.00239502	-0.00106048	0.000287608	0.0020785	0.0533323095	-0.1259444603	0.0197801593	-0.0382090451	-0.0759836783	-0.0219888204	0.07471883200000001
-0.0201688105	-0.07277211509999999	0.0556987191	0.0455780395	-0.0779515227	-0.0075193617	0.08162273980000001	0.00410429	0.10339200000000001	0.0397782	-0.00193717	0.000148897	0.00160359	0.0088987861	0.0656955945	-0.14915568880000002	-0.0093802924	0.0647851737	0.080234147	0.12877402
-0.0210266903	-0.0719166052	0.05763240610000001	0.0425815792	-0.079306527	-0.0022143764	0.0804336496	0.00920749	0.0644155	-0.00332573	-0.000968357	0.00035461300000000004	0.00191705	0.0753030908	0.0506800133	0.0691151283	-0.0389898432	-0.0332375927	-0.086210301	0.16158308
-0.0218821528	-0.0710280251	0.0595064671	0.039506804900000005	-0.0804336496	0.0030997705	0.0787916676	-0.0008110439999999999	0.11181600000000001	0.0313428	-0.00162282	0.00021192599999999998	0.00199471	0.0073385846	-0.023973724100000003	-0.0341792147	0.0376449015	0.0537990925	0.0033788389	0.135828064
-0.0227350996	-0.0701067834	0.061318963	0.0363593716	-0.0813296518	0.0084010927	0.0767060391	-0.00256843	0.06133200000000001	-0.00404821	-0.000596844	0.000457196	0.00166615	-0.0100608032	0.07415108849999999	-0.0175265979	0.0259724739	-0.0362983667	-0.0758102042	0.167622696
-0.0235854328	-0.0691533037	0.0630680188	0.0331450678	-0.081991959	0.013667657	0.0741885076	-0.00895071	0.09008010000000001	0.00713898	-0.001192	0.00042731800000000004	0.00199471	-0.000310793	-0.0181467975	0.0424195932	0.0550803187	0.0244018307	0.049324999	0.09399727
-0.0244330544	-0.06816802450000001	0.06475182480000001	0.0298698051	-0.0824186682	0.0188776742	0.0712532484	1.69687e-05	0.07863019999999997	-0.00236363	-0.00116329	0.00026837599999999997	0.00151483	0.0339104351	-0.0287236891	-0.019921099	0.0134614495	-0.0676722175	-0.0720690197	0.0632967887
-0.0252778672	-0.0671513987	0.06636863900000001	0.0265396073	-0.0826085531	0.0240095886	0.0679167887	-0.0006286859999999999	0.0698765	0.0256126	-0.00109307	0.000260643	0.00161947	-0.1143933941	0.0450934594	-0.0590040417	0.0445957772	-0.0577636758	0.0790226872	0.046505234699999995
-0.0261197739	-0.0661038941	0.0679167887	0.023160599	-0.0825610682	0.0290421682	0.064197915	0.00111708	0.07419349999999998	-0.00979917	-0.000910515	0.000268523	0.00168245	-0.0502012899	-0.0540871624	0.1216145618	-0.0651316849	-0.0647505342	0.0080519883	0.054145285999999994
-0.0269586778	-0.0650259921	0.0693946722	0.0197389949	-0.08227635	0.0339545915	0.0601175669	-0.007625619999999999	0.100436	0.019266400000000003	-0.0008957110000000002	0.00041781800000000003	0.00199471	-0.05052458940000002	-0.0743536058	-0.0299520882	0.0450146588	0.0582749551	-0.0125624076	0.08786871999999997
-0.0277944824	-0.0639181885	0.0708007604	0.0162810877	-0.0817552165	0.0387265345	0.0556987191	-0.00467325	0.074268	-0.010542000000000001	-0.000918161	0.000337713	0.00199471	0.0316549906	0.0134155464	-0.0734398718	-0.0228234032	-0.0206342368	-0.0555264115	0.06405651999999999
-0.0286270917	-0.0627809927	0.0721335987	0.0127932372	-0.08099916509999999	0.04333825400000002	0.0509662528	-0.00596329	0.0867001	0.030422700000000007	-0.000870401	0.000588089	0.00186092	0.0170842154	0.08978758710000001	-0.018272038	0.0145361108	0.025389917400000003	0.0726531807	0.07628313999999999
-0.0294564099	-0.0616149276	0.073391808	0.0092818579	-0.0800103684	0.0477706702	0.0459468144	-0.00367424	0.06557769999999999	-0.00507574	-0.000600992	0.000598152	0.00199471	0.0656120686	-0.008435168199999999	0.0995559609	0.0143621418	-0.0166934782	0.0003847145	0.07957298999999997
-0.0302823417	-0.06042052940000001	0.0745740866	0.005753407800000001	-0.0787916676	0.0520054446	0.0406686668	-0.010456300000000002	0.09915460000000001	0.037322900000000006	-0.00113034	0.000551998	0.00171611	-0.0050961365	-0.0567594604	-0.0073397154	0.06734356179999999	0.08484532439999999	-0.0067680626	0.12546269999999998
-0.0311047922	-0.0591983473	0.07567921150000001	0.0022143764	-0.0773465645	0.0560250569	0.0351615291	-0.00620612	0.060071400000000004	0.00148056	-0.000593883	0.00051178	0.00164189	-0.0026342912	0.028736454100000006	-0.0727612344	0.0427674563	-0.0269539523	-0.0127846305	0.11172047000000004
-0.0319236667	-0.0579489435	0.0767060391	-0.0013287276999999998	-0.07567921150000001	0.0598128765	0.0294564099	-0.00820444	0.11594000000000006	0.0313817	-0.0009344830000000001	0.0005498769999999999	0.00199471	-0.0030123411	0.0535005174	-0.000362898	0.0245095874	0.030103343900000006	0.0415131823	0.12434391
-0.0327388711	-0.05667289230000001	0.0776535072	-0.004869388	-0.0737943996	0.0633532322	0.0235854328	-0.00522572	0.0738826	-0.00558518	-0.0007309919999999998	0.000428119	0.00199471	0.0821976835	-0.0594223212	0.0284811556	0.0829989025	0.0017286633	0.0227364269	0.09826545
-0.0335503118	-0.0553707806	0.0785206355	-0.0084010927	-0.0716975448	0.06663147650000001	0.0175816548	-0.0049897	0.11779800000000006	0.0236862	-0.00100187	0.000495862	0.00193145	-0.0112652195	0.0245141396	-0.0739435154	0.0549004363	0.0538965211	-0.0230417883	0.09351685
-0.0343578954	-0.0540432071	0.079306527	-0.0119173466	-0.0693946722	0.06963404620000001	0.0114788812	0.00336244	0.0706548	-0.00595149	-0.00046679800000000004	0.00028790099999999997	0.00186679	0.0144682518	0.0476166446	0.108421833	0.0528627599	0.0406275385	-0.0186036188	0.12551768
-0.0351615291	-0.0526907823	0.0800103684	-0.0154116826	-0.0668923989	0.07234851889999999	0.0053114742	-0.0145377	0.11498	0.0313474	-0.00149324	0.0006091509999999999	0.00192912	0.0130775351	-0.0685204078	-0.0024873255	0.0504840321	0.0912275902	-0.0160508028	0.17002533000000006
-0.0359611205	-0.0513141282	0.0806314317	-0.0188776742	-0.064197915	0.0747636639	-0.0008858397	-0.00505174	0.0534568	0.00346432	-0.00045327599999999996	0.00046888699999999997	0.00165193	-0.084632044	0.07199960309999999	-0.0355831535	0.0823555384	-0.0483066046	-0.0371119851	0.17176313999999998
-0.0367565777	-0.0499138777	0.0811690742	-0.022308946800000003	-0.061318963	0.076869489	-0.0070781657	-0.00690892	0.10928199999999999	0.0124695	-0.0010576	0.000560091	0.00188124	-0.0592318576	-0.1020103655	0.0374983111	-0.0365740312	-0.0023278459	0.0459973218	0.11292946000000002
-0.0375478092	-0.0484906747	0.08162273980000001	-0.0256991899	-0.0582638153	0.0786572819	-0.0132306372	-0.00937883	0.060916899999999996	0.00300316	-0.000829135	0.000297264	0.0016236	-0.0174765675	-0.0260671182	-0.0602870857	-0.0368901898	-0.0537389471	0.0418932829	0.09774795
-0.0383347241	-0.0470451738	0.081991959	-0.0290421682	-0.0550412506	0.0801196458	-0.019308612	-0.00330619	0.102677	0.0170607	-0.00100044	0.00036651	0.00199471	0.0191862443	0.0327792779	0.0474851343	-0.106135641	-0.0023726542	-8.850620000000001e-05	0.09247333
-0.0391172318	-0.0455780395	0.08227635	-0.0323317335	-0.0516605288	0.0812505306	-0.0252778672	-0.012568600000000001	0.0432174	0.00810977	-0.000412396	0.000524291	0.00192391	0.0690761545	-0.0982400942	0.0188252724	-0.0203332338	-0.0221264958	0.0690302635	0.11850418999999998
-0.0398952426	-0.044089946500000005	0.08247561839999999	-0.035561835800000004	-0.0481313641	0.0820452574	-0.0311047922	-0.0101384	0.107324	0.026671800000000002	-0.000897753	0.000571985	0.00213746	0.0247680364	-0.0130656436	-0.0455119596	-0.0172315545	0.0601840029	-0.0683817496	0.12242888
-0.0406686668	-0.0425815792	0.0825895581	-0.0387265345	-0.0444638974	0.0825005382	-0.0367565777	-0.0199347	0.07148389999999999	0.0117116	-0.0008536709999999999	0.000554129	0.00179947	-0.0009354153	0.1182412784	-0.0108345514	-0.0139404363	-0.0093958227	0.008712796600000001	0.08059299999999997
-0.0414374156	-0.0410536312	0.0826180512	-0.0418200091	-0.0406686668	0.0826144894	-0.0422014006	-0.00615726	0.143266	0.0180833	-0.00104313	0.00048382300000000003	0.00220802	0.0194219528	-0.0075496908999999985	0.0823592813	0.0256699804	-0.016389811599999998	-0.0208393112	0.12534699000000002
-0.0422014006	-0.039506804900000005	0.0825610682	-0.0448365703	-0.0367565777	0.0823866395	-0.0474086033	-0.0143214	0.0696683	-0.00529053	-0.0008493489999999999	0.000434052	0.00199471	-0.0347983897	-0.011670493	-0.0303498801	0.0061785464	0.0226986613	0.051567960700000005	0.12797877000000002
-0.042960534	-0.0379418119	0.0824186682	-0.0477706702	-0.0327388711	0.0818179311	-0.0523488658	-0.00252468	0.11093	0.0181129	-0.000968153	0.000356352	0.00199471	-0.0703787837	0.0095744238	0.0137801815	0.020284711	-0.0547204552	-0.0260313842	0.08628705
-0.0437147285	-0.0363593716	0.0821909983	-0.0506169125	-0.0286270917	0.0809107173	-0.056994371399999987	-0.00954798	0.076017	-0.00882449	-0.000545411	0.000568369	0.00199471	-0.0284735147	-0.08248054070000001	0.0964142501	-0.0238871797	0.04612130440000002	0.0845820372	0.10061164
-0.0444638974	-0.0347602118	0.0818782943	-0.0533700625	-0.0244330544	0.0796687514	-0.061318963	-0.0164959	0.06642310000000001	0.000668356	-0.000718153	0.000623434	0.00208117	0.0117968932	-0.0946289642	0.006381072099999999	0.0696236774	-0.0417163289	-0.15586286859999998	0.041748016000000006
-0.0452079546	-0.0331450678	0.0814808795	-0.0560250569	-0.0201688105	0.0780971719	-0.0652982905	-0.00944849	0.112133	0.00945551	-0.000921449	0.00039347	0.00221864	0.0078788139	-0.013650561499999998	-0.0861106239	-0.0207467532	0.0908515465	-0.0161920941	0.090080964
-0.0459468144	-0.0315146823	0.08099916509999999	-0.0585770125	-0.0158466129	0.0762024808	-0.0689099476	-0.0141821	0.0211762	0.00551065	-0.00019452	0.000589983	0.00199471	-0.0485375183	0.0965535433	0.0478106368	0.0140242548	-0.1031236638	-0.0014979371	0.15700386999999996
-0.0466803921	-0.0298698051	0.0804336496	-0.0610212361	-0.0114788812	0.07399251700000001	-0.0721335987	-0.00233168	0.037034199999999996	-0.014486600000000004	0.00010501000000000004	0.0006179240000000001	0.00190508	-0.1976500817	-0.0381947138	0.1013211722	-0.0104393319	0.0475795304	0.0151777644	0.06856071999999999
-0.0474086033	-0.0282111925	0.079784918	-0.0633532322	-0.0070781657	0.0714764238	-0.0749510924	0.00356603	-0.00169987	-0.000333642	9.23109e-06	0.00024497	0.00166445	-0.2027374222	-0.1285460701	-0.0051848148	-0.0409448027	-0.053863674400000006	-0.0297625361	0.0942528835
-0.0481313641	-0.0265396073	0.0790536414	-0.0655687121	-0.0026571115999999995	0.068664611	-0.0773465645	0.00290513	0.102818	-0.0009369469999999999	-0.00023119900000000002	0.00034448	0.00199471	-0.1974866679	-0.0068216527	0.0260644228	-0.1242138246	0.0937646376	-0.0446781862	0.1392920795
-0.048848591600000005	-0.024855818	0.0782405765	-0.06766360099999999	0.0017715775	0.0655687121	-0.079306527	-0.00350699	0.024754400000000003	0.0094816	-1.66118e-05	0.000414521	0.00187382	-0.0475846735	0.0595171278	0.0092522485	-0.0895831418	-0.0469641828	0.042478457699999986	0.115170177
-0.0495602034	-0.023160599	0.0773465645	-0.06963404620000001	0.0061951761	0.0622015356	-0.0808199441	-0.00220671	0.0949783	0.00145212	-0.000232833	0.000404475	0.00199471	0.0721769499	-0.0149870794	0.0149732809	-0.1143924212	0.0119332964	0.08558593390000001	0.09691152
-0.0502661174	-0.0214547298	0.0763725302	-0.0714764238	0.0106009733	0.0585770125	-0.0818782943	-0.00649935	0.0421656	0.014922	0.00023673700000000002	0.0005262330000000001	0.00228523	0.1296420489	0.0349952759	-0.0079237302	0.0173905582	0.0216212148	-0.0088411837	0.11466762
-0.0509662528	-0.0197389949	0.0753194814	-0.07318734519999999	0.0149763093	0.0547101387	-0.08247561839999999	-0.00760945	0.0989553	0.0212511	-0.000384654	0.000502644	0.0023006	0.1941431858	0.0006676738000000001	-0.1011397592	0.0234615709	0.07289620549999999	-0.007495049	0.0972464
-0.0516605288	-0.018014183200000002	0.0741885076	-0.0747636639	0.019308612	0.0506169125	-0.0826085531	-0.0148016	0.055797400000000004	0.031225799999999998	-0.00046187699999999997	0.0005190080000000001	0.00228991	0.1666053173	0.0605758379	-0.1426364678	-0.0309679349	-0.0167799124	0.027737198	0.06553859999999999
-0.0523488658	-0.0162810877	0.0729807789	-0.0762024808	0.0235854328	0.0463142688	-0.08227635	0.00143468	0.08105280000000001	0.00622751	-0.000512601	0.000277812	0.00223873	0.0949226365	0.1192761415	0.0600442114	0.0006658316000000001	0.0386308017	0.0448485709	0.08364497
-0.0530311845	-0.0145405056	0.0716975448	-0.0775011496	0.0277944824	0.0418200091	-0.0814808795	-0.00421594	0.0395778	0.0142591	-0.000556968	0.000160818	0.00213404	0.08941575210000001	-0.0555010323	0.0139767383	0.07112609269999999	0.0906126604	-0.0590241334	0.06845976
-0.0537074066	-0.0127932372	0.0703401329	-0.0786572819	0.0319236667	0.0371527273	-0.08022662059999999	0.00382028	0.103278	0.0285607	-0.00135746	0.00011750600000000001	0.0020848000000000004	0.0346221317	-0.0027151309000000004	-0.0568298974	0.0443980562	0.097659189	-0.0307559227	0.13069021999999994
-0.0543774543	-0.0110400859	0.0689099476	-0.0796687514	0.0359611205	0.0323317335	-0.0785206355	0.0030614	0.0606249	0.031002699999999998	-0.00119942	9.58468e-05	0.00215489	0.0145770642	0.0769443838	-0.0556746071	0.0225902615	-0.0587281752	0.0338260718	0.05834343999999999
-0.0550412506	-0.0092818579	0.06740846860000001	-0.0805336979	0.0398952426	0.0273769736	-0.0763725302	-0.00446941	0.121628	0.045740499999999996	-0.00169585	0.000137891	0.00181787	-0.04697108480000002	0.0415218892	0.0651778214	0.0642383232	-0.0181166475	0.0487488118	0.12704642
-0.0556987191	-0.0075193617	0.0658372492	-0.0812505306	0.0437147285	0.022308946800000003	-0.0737943996	-0.00280193	0.0313012	0.026239	-0.000847882	0.00011619700000000005	0.00199471	-0.082274629	-0.0489013048	0.1054482244	0.0958360977	-0.0020381748	0.0018447939	0.16382087999999995
-0.05634978440000001	-0.005753407800000001	0.064197915	-0.0818179311	0.0474086033	0.017148621200000002	-0.0708007604	-0.000540384	0.0589464	0.000563706	-8.073890000000001e-05	0.000182521	0.00204627	-0.164162745	-0.0478345481	-0.0064463938	0.0142387948	0.0143323343	-0.0616645513	0.09983339500000002
-0.056994371399999987	-0.0039848083	0.0624921622	-0.0822348559	0.0509662528	0.0119173466	-0.06740846860000001	0.0324135	-0.0164884	0.000258882	0.000131603	1.0060199999999999e-05	0.00272482	-0.072363798	0.0253778225	0.0606991583	0.0219803142	-0.012790613700000002	-0.0771218982	0.161861143
-0.05763240610000001	-0.0022143764	0.0607217553	-0.0825005382	0.0543774543	0.0066367663	-0.0636366248	0.036532	0.09042589999999999	0.000453044	3.13306e-05	5.9851999999999995e-05	0.00295391	-0.0855261885	-0.0744547232	-8.17435e-05	0.0495688992	-0.0182553825	-0.0352378642	0.130184672
-0.0582638153	-0.0004429262	0.0588885262	-0.0826144894	0.05763240610000001	0.0013287276999999998	-0.0595064671	0.0308106	0.037001199999999984	0.00892204	3.13306e-05	-4.7243900000000003e-05	0.00272482	-0.0745928868	0.0330523018	-0.0486503867	-0.0753354344	-0.1069678075	-0.0236596568	0.084424391
-0.0588885262	0.0013287276999999998	0.056994371399999987	-0.08257649980000001	0.0607217553	-0.0039848083	-0.0550412506	0.0231907	0.10118300000000001	0.023796599999999998	-0.000141474	0.00017063400000000002	0.00272482	0.0147751169	-0.044636431	0.0095281486	-0.0831691343	-0.0912906234	0.0363721569	0.106210385
-0.0595064671	0.0030997705	0.0550412506	-0.0823866395	0.0636366248	-0.0092818579	-0.0502661174	0.026863599999999998	0.06476900000000001	0.0309305	0.000335205	-0.00012030700000000001	0.00299637	0.1190101497	-0.0430137018	-0.0200307292	-0.0410418444	-0.0460424009	0.11739873	0.0991793
-0.0601175669	0.004869388	0.0530311845	-0.0820452574	0.06636863900000001	-0.0145405056	-0.0452079546	0.040438	0.12824100000000002	0.028514400000000002	-5.278530000000002e-06	0.00010660799999999999	0.00322532	0.1597683573	0.0614606505	-0.0793816548	-0.0142300383	0.0363773566	-0.044501352800000005	0.11927992650000001
-0.0607217553	0.0066367663	0.0509662528	-0.0815529816	0.0689099476	-0.0197389949	-0.0398952426	0.0429401	0.041681499999999996	0.0226072	0.000119876	-0.000144066	0.00312781	0.1073333017	0.098671051	-0.0084163496	-0.0230321459	-0.034143303300000004	-0.0028931929	0.11863572649999996
-0.061318963	0.0084010927	0.048848591600000005	-0.0809107173	0.0712532484	-0.024855818	-0.0343578954	0.0387575	0.11932000000000001	0.024989400000000002	-0.000566392	-6.93133e-05	0.00329037	0.0578117747	-0.0246725813	-0.0416894917	0.0049880053	-0.015893638600000003	-0.0037531935	0.130382335
-0.0619091212	0.010161556	0.0466803921	-0.0801196458	0.073391808	-0.0298698051	-0.0286270917	0.030574599999999997	0.033136800000000015	0.018753299999999997	0.000370492	7.652849999999999e-06	0.00329037	0.0153956723	0.0733728771	-0.1291531295	-0.0651577521	-0.0571517804	0.0396969438	0.1512947075
-0.0624921622	0.0119173466	0.0444638974	-0.0791812221	0.0753194814	-0.0347602118	-0.0227350996	0.028759800000000002	0.10601700000000001	0.00116135	-5.6752799999999996e-05	2.72179e-07	0.00304037	0.0917102947	0.0084121491	0.0835256608	-0.038235574	-0.036670479	0.0436043084	0.12651822355
-0.0630680188	0.013667657	0.0422014006	-0.0780971719	0.0770307297	-0.039506804900000005	-0.0167150947	0.0424293	0.026716399999999998	0.0190144	0.00010978200000000001	-0.000284079	0.00329037	0.0934852318	-0.0270675481	-0.0176148975	-0.0111363276	-0.07540700780000001	0.07328999509999999	0.14586744895
-0.0636366248	0.0154116826	0.0398952426	-0.076869489	0.0785206355	-0.044089946500000005	-0.0106009733	0.036360500000000004	0.107696	0.0119021	-0.000399964	-0.000258708	0.0028754	-0.0090847379	0.0262475533	-0.012687661	0.0312176028	-0.0412480471	-0.0417892285	0.14166505
-0.064197915	0.017148621200000002	0.0375478092	-0.0755004314	0.079784918	-0.0484906747	-0.0044271617	0.037455699999999995	0.012711799999999999	0.00163316	7.01362e-05	-8.980489999999999e-05	0.00292798	-0.0537101905	-0.064698949	0.0561970728	-0.0408192289	-0.008743533000000001	-0.0046876944	0.140927505
-0.06475182480000001	0.0188776742	0.0351615291	-0.07399251700000001	0.0808199441	-0.0526907823	0.0017715775	0.0384733	0.10019600000000001	0.0196937	-0.000429946	-9.009139999999999e-05	0.00281169	-0.1233998124	-0.06653667049999999	-0.0197010894	0.0412733338	-0.0104673212	-0.0628456798	0.137395275
-0.0652982905	0.0205980464	0.0327388711	-0.07234851889999999	0.08162273980000001	-0.05667289230000001	0.0079603416	0.0283596	0.0640637	0.0008701479999999997	-8.362649999999997e-05	-6.83154e-05	0.00289812	-0.0754108207	0.0644087554	-0.0428213497	-0.0751944196	-0.0358501337	-0.0107820556	0.08779582699999999
-0.0658372492	0.022308946800000003	0.0302823417	-0.0705714608	0.0821909983	-0.06042052940000001	0.014104284	0.0325755	0.143301	0.0135701	-0.000339555	-0.000187548	0.00291054	0.0291172639	-0.0352971811	0.0578814391	-0.0736117537	-0.0215200024	0.0675495161	0.115532207
-0.06636863900000001	0.0240095886	0.0277944824	-0.068664611	0.0825230869	-0.0639181885	0.0201688105	0.0361651	0.059978599999999986	0.0183161	-0.000404026	-0.000159708	0.00295352	0.0669897794	-0.0060183804	-0.0624863665	-0.0308413221	-0.0295869328	0.0486961926	0.09842255
-0.0668923989	0.0256991899	0.0252778672	-0.06663147650000001	0.0826180512	-0.0671513987	0.0261197739	0.0357906	0.12326300000000001	0.0421847	-0.00120459	-0.000296571	0.00298661	0.0139642058	0.0570313037	0.0004639617	0.0121971817	-0.0565430089	-0.0356871751	0.13605335
-0.06740846860000001	0.0273769736	0.0227350996	-0.0644757965	0.08247561839999999	-0.0701067834	0.0319236667	0.042642400000000004	0.0545881	0.013343	-0.000380575	-0.00038347800000000003	0.00295339	0.0411037258	-0.0981138586	0.0123882899	0.0251826878	-0.0005796593	0.0476795895	0.15157549999999995
-0.0679167887	0.0290421682	0.0201688105	-0.0622015356	0.0820961977	-0.07277211509999999	0.0375478092	0.032422900000000004	0.115321	0.0478063	-0.000911624	-7.363809999999998e-05	0.00293924	-0.0124195795	-0.0222214649	-0.057387377	0.0345946277	0.0307760562	-0.0805174258	0.148167645
-0.0684173009	0.030694008	0.0175816548	-0.0598128765	0.0814808795	-0.0751363666	0.042960534	0.036142099999999996	0.0621541	0.0041013	-0.000170357	-8.566029999999997e-05	0.00288129	0.0275614417	0.12784530300000002	0.0394145013	0.0247287077	0.018304677	-0.0607606586	0.14115306
-0.0689099476	0.0323317335	0.0149763093	-0.0573142124	0.0806314317	-0.0771897563	0.0481313641	0.0347769	0.11961199999999995	0.038883	-0.00112739	-0.00010368299999999999	0.00304037	0.0615445251	0.0141330782	0.053297133200000006	0.0038063744	-0.0231957029	-0.0214828601	0.15031158500000005
-0.0693946722	0.0339545915	0.0123554694	-0.0547101387	0.0795502952	-0.0789237887	0.0530311845	0.0513982	0.0397114	0.0178487	-0.000614823	-0.00037629	0.00311014	-0.0100101099	-0.0387569592	-0.0527982347	0.0275856975	-0.0264306389	0.0411614404	0.16030339999999998
-0.0698714189	0.035561835800000004	0.0097218466	-0.0520054446	0.0782405765	-0.0803312895	0.05763240610000001	0.0435843	0.127958	0.0521283	-0.00172088	-0.000425666	0.00293678	-0.05777388150000001	0.0205320579	-0.0089018689	-0.0410946601	-0.043445963	-0.044772138200000006	0.19677975
-0.0703401329	0.0371527273	0.0070781657	-0.0492051046	0.0767060391	-0.0814064355	0.0619091212	0.048075400000000004	0.046815800000000005	0.00426634	-0.000291343	-0.00031723900000000003	0.00311471	0.0010362574	0.0201085228	0.1273114982	-0.0038722636	0.1160357075	0.0943484675	0.21928996
-0.0708007604	0.0387265345	0.0044271617	-0.0463142688	0.0749510924	-0.0821447785	0.0658372492	0.05580790000000002	0.124385	0.0511511	-0.00162035	-0.000512166	0.00373254	0.014214198600000004	-0.0367747239	-0.0346578555	0.0870078616	-0.0328563338	-0.0851222394	0.23927466
-0.0712532484	0.0402825336	0.0017715775	-0.04333825400000002	0.0729807789	-0.0825432638	0.0693946722	0.0645097	0.08778689999999999	0.0150196	-0.0007873839999999999	-0.000436562	0.00341001	-0.0009626643	0.084639861	0.0478574553	0.0198881441	0.1168749383	-0.0072011644	0.1429864
-0.0716975448	0.0418200091	-0.0008858397	-0.0402825336	0.0708007604	-0.0826002426	0.0725613598	0.052860500000000005	0.0872314	0.0619576	-0.00167154	-0.0007522360000000001	0.00337721	0.0172294186	-0.0766545263	0.0239856766	0.1493820347	0.0044281654	-0.0716361024	0.12077420000000005
-0.0721335987	0.04333825400000002	-0.0035423403000000007	-0.0371527273	0.0684173009	-0.0823154793	0.0753194814	0.064349	0.11191	0.0279327	-0.00178627	-0.0007692009999999997	0.00320838	-0.0583086041	0.0593570592	-0.0291840264	0.0671885326	0.1176072889	-0.0392747908	0.08521824999999998
-0.0725613598	0.0448365703	-0.0061951761	-0.0339545915	0.0658372492	-0.0816901521	0.0776535072	0.0634005	0.08536589999999998	0.0415149	-0.00154081	-0.0009252539999999999	0.00334285	-0.0128707445	0.0031008396000000004	0.055698944900000005	0.0733860196	0.0399731469	-0.0409184842	0.06787395000000003
-0.0729807789	0.0463142688	-0.0088416023	-0.030694008	0.0630680188	-0.080726848	0.0795502952	0.0560305	0.10714800000000001	0.031246100000000002	-0.00135212	-0.000506111	0.00282328	-0.0427387241	-0.0447988693	-0.0579264072	0.0764393111	0.0933405532	-0.0145109221	0.09579105
-0.073391808	0.0477706702	-0.0114788812	-0.0273769736	0.0601175669	-0.0794295525	0.08099916509999999	0.057959199999999995	0.08851139999999999	0.045682	-0.00169361	-0.000323967	0.0032070999999999996	-0.0319296118	-0.009277572	-0.0802682121	0.0186449841	-0.0362503527	-0.0433656063	0.08037389999999997
-0.0737943996	0.0492051046	-0.014104284	-0.0240095886	0.056994371399999987	-0.077803633	0.081991959	0.0532621	0.134205	0.036456300000000004	-0.00197478	-0.00048710800000000004	0.0030623	0.0087336037	0.08474583720000001	0.06698424160000001	-0.0435672092	0.1320086491	0.0180608624	0.08907195000000001
-0.0741885076	0.0506169125	-0.0167150947	-0.0205980464	0.0537074066	-0.0758558164	0.0825230869	0.0569932	0.0699374	0.0433443	-0.00134872	-0.0006978039999999999	0.00337572	0.0440569223	-0.0209152092	0.0641955198	0.0370973558	0.0183514098	-0.0423828642	0.13239550000000005
-0.0745740866	0.0520054446	-0.019308612	-0.017148621200000002	0.0502661174	-0.0735941614	0.0825895581	0.059433000000000014	0.141118	0.049611300000000004	-0.00219582	-0.000641858	0.00338975	-0.0640577889	-0.0058767548	-0.0140728846	-0.0078481258	0.1338336572	-0.0279193066	0.12574119999999994
-0.0749510924	0.0533700625	-0.0218821528	-0.013667657	0.0466803921	-0.0710280251	0.0821909983	0.0587123	0.0774332	0.0402035	-0.00176746	-0.000718349	0.00305107	-0.07949520780000001	0.03706719	-0.0466261651	-0.0670949637	-0.07648031429999999	0.0002696457	0.11598985
-0.0753194814	0.0547101387	-0.0244330544	-0.010161556	0.042960534	-0.06816802450000001	0.0813296518	0.06825189999999999	0.159501	0.0474788	-0.00227571	-0.0008134429999999997	0.00329048	-0.0390363525	-0.0621484543	0.0350645845	-0.0560974801	0.0176132201	0.1584810293	0.1410204
-0.07567921150000001	0.0560250569	-0.0269586778	-0.0066367663	0.0391172318	-0.0650259921	0.0800103684	0.07969039999999998	0.0706794	0.025550599999999996	-0.00138891	-0.000970829	0.00331109	0.0476936834	-0.0517860451	0.0915203889	-0.0493950708	-0.0307925415	0.05680044	0.17542809999999998
-0.0760302412	0.0573142124	-0.0294564099	-0.0030997705	0.0351615291	-0.0616149276	0.0782405765	0.06380830000000001	0.153588	0.0563946	-0.00221978	-0.0007762389999999999	0.00347843	0.0027265982000000003	0.0007564798	-0.029352966	0.0146833684	0.0913317444	-0.0082148667	0.18927470000000002
-0.0763725302	0.0585770125	-0.0319236667	0.0004429262	0.0311047922	-0.0579489435	0.0760302412	0.0652231	0.0726064	0.035619599999999994	-0.00116545	-0.0007762389999999999	0.00338706	-0.0146695047	0.0484376036	0.0203856274	-0.0055956866	-0.0157925723	0.013143085	0.16045640000000005
-0.0767060391	0.0598128765	-0.0343578954	0.0039848083	0.0269586778	-0.0540432071	0.073391808	0.0618776	0.131857	0.054886800000000006	-0.00206109	-0.0007762389999999999	0.00351146	-0.0541736954	-0.0562636628	0.049143311	0.0163159599	0.0207677058	0.0967282548	0.13286530000000002
-0.0770307297	0.0610212361	-0.0367565777	0.0075193617	0.0227350996	-0.0499138777	0.0703401329	0.049529000000000004	0.07274850000000001	0.0204719	-0.0013317000000000001	-0.000739119	0.00312867	-0.0276319761	-0.0314601375	-0.0580777938	5.30733e-05	-0.0276859002	0.0460593553	0.16333699999999998
-0.0773465645	0.0622015356	-0.0391172318	0.0110400859	0.0184461937	-0.0455780395	0.0668923989	0.050251699999999996	0.132125	0.048263	-0.00203568	-0.00120751	0.00381565	-0.06124725070000001	0.0407850473	0.0422132667	0.0378984174	-0.0219326383	0.043960598600000005	0.18085785
-0.0776535072	0.0633532322	-0.0414374156	0.0145405056	0.014104284	-0.0410536312	0.0630680188	0.0520144	0.09270199999999999	0.0202611	-0.00111483	-0.00109096	0.00353329	0.0177326933	-0.1109663269	0.0526040429	0.0427934053	-0.0945750591	0.0313181357	0.13517559999999998
-0.0779515227	0.0644757965	-0.0437147285	0.018014183200000002	0.0097218466	-0.0363593716	0.0588885262	0.0477202	0.15626800000000002	0.0194174	-0.000450343	-0.000669807	0.00404304	-0.0910381205	-0.0492632051	-0.0444711116	-0.0276461332	0.0268294718	-0.0585365268	0.14847339999999998
-0.0782405765	0.0655687121	-0.0459468144	0.0214547298	0.0053114742	-0.0315146823	0.0543774543	0.0615273	0.049159100000000004	0.0159708	-0.0007853710000000001	-0.000829663	0.00370209	-0.0950820894	0.0731572041	0.0862280808	-0.0461123213	-0.0445661856	-0.0295197731	0.16615429999999998
-0.0785206355	0.06663147650000001	-0.0481313641	0.024855818	0.0008858397	-0.0265396073	0.0495602034	0.0625909	0.158083	0.03938169999999999	-0.00165105	-0.0009550580000000001	0.00385651	-0.0471657107	-0.1153308367	-0.0141042435	-0.0211209699	-0.0255333023	0.030312996600000006	0.1906731
-0.0787916676	0.06766360099999999	-0.0502661174	0.0282111925	-0.0035423403000000007	-0.0214547298	0.0444638974	0.0647799	0.06012090000000001	0.013727200000000002	-0.000688125	-0.0007762389999999999	0.00379304	0.0047762212	0.0498295398	-0.1077528647	-0.0750989979	-0.0157488643	0.0019414999	0.1860663
-0.0790536414	0.068664611	-0.0523488658	0.0315146823	-0.0079603416	-0.0162810877	0.0391172318	0.06217869999999999	0.167464	0.0722015	-0.00189647	-0.00133908	0.00401215	0.0664711037	0.0247486526	0.0143129359	-0.07315405280000001	-0.032630739900000004	0.0019164262	0.26793340000000004
-0.079306527	0.06963404620000001	-0.0543774543	0.0347602118	-0.0123554694	-0.0110400859	0.0335503118	0.0687341	0.07814749999999998	0.0329422	-0.00107454	-0.00101794	0.00406624	0.1391521981	-0.0358763606	-0.0294828031	-0.0047978113000000005	-0.0368783908	0.0986266952	0.1949892
-0.0795502952	0.0705714608	-0.05634978440000001	0.0379418119	-0.0167150947	-0.005753407800000001	0.0277944824	0.0639359	0.170749	0.0854344	-0.00248595	-0.00126214	0.00402527	0.0827115489	0.0191384154	-0.0946848448	-0.0111156993	-0.0572176735	-0.04658241690000002	0.23472089999999998
-0.079784918	0.0714764238	-0.0582638153	0.0410536312	-0.0210266903	-0.0004429262	0.0218821528	0.07314679999999997	0.10169600000000001	0.00973968	-0.00143828	-0.00133126	0.00372059	0.0360671194	0.07374277530000001	0.0509610768	-0.0082927328	0.06098565440000001	0.0045678023	0.22503212
-0.0800103684	0.07234851889999999	-0.0601175669	0.044089946500000005	-0.0252778672	0.004869388	0.0158466129	0.04853590000000002	0.13005999999999998	0.0406215	-0.00156083	-0.00111579	0.00401287	0.0518441974	-0.0491772237	0.0227091194	0.0693749138	0.0112013387	-0.0773153858	0.11537172
-0.08022662059999999	0.07318734519999999	-0.0619091212	0.0470451738	-0.0294564099	0.010161556	0.0097218466	0.0557856	0.113229	0.033983	-0.00148889	-0.00125708	0.00361122	0.0403102314	-0.0149420846	-0.0388534887	0.0142520471	0.0222304491	-0.0473247476	0.061463199999999996
-0.0804336496	0.07399251700000001	-0.0636366248	0.0499138777	-0.0335503118	0.0154116826	0.0035423403000000007	0.0557539	0.0985797	0.06196910000000001	-0.00167232	-0.00119985	0.00344299	-0.0736667613	0.06147072570000001	-0.0415701922	0.0107609081	-0.0232891414	0.0134052187	0.06311159999999999
-0.0806314317	0.0747636639	-0.0652982905	0.0526907823	-0.0375478092	0.0205980464	-0.0026571115999999995	0.061916599999999995	0.0718027	0.017470199999999998	-0.0013288000000000006	-0.0008369659999999998	0.00339139	-0.0659953671	-0.0280747973	0.0576096357	0.0147037551	-0.0034974778000000004	0.0485152209	0.11533879999999998
-0.0808199441	0.0755004314	-0.0668923989	0.0553707806	-0.0414374156	0.0256991899	-0.0088416023	0.0574627	0.0820448	0.0568484	-0.00140037	-0.0007846059999999998	0.00375536	-0.056296354000000014	-0.0755798997	-0.0182081415	0.0377571991	-0.0230990974	-0.0908588183	0.0784692
-0.08099916509999999	0.0762024808	-0.0684173009	0.0579489435	-0.0452079546	0.030694008	-0.0149763093	0.0609553	0.11657100000000001	0.0281298	-0.0008881199999999998	-0.0007411439999999999	0.00383122	-0.02693633	-0.0205077845	-0.0850708226	0.0068231676	0.0063957276	-0.0576893539	0.09831599999999996
-0.0811690742	0.076869489	-0.0698714189	0.06042052940000001	-0.048848591600000005	0.035561835800000004	-0.0210266903	0.054312900000000004	0.07649199999999999	0.0586029	-0.00109182	-0.0007411439999999999	0.00398533	0.0110025269	0.0485601866	-0.068515112	-0.07244746349999999	-0.0693363076	-0.047154122400000005	0.09508499999999998
-0.0813296518	0.0775011496	-0.0712532484	0.0627809927	-0.0523488658	0.0402825336	-0.0269586778	0.0723964	0.146627	0.0376464	-0.00154944	-0.0013703500000000006	0.00388521	0.090068295	0.0438297713	0.0551927322	-0.0718739621	0.0493809123	0.0705862609	0.1685223
-0.0814808795	0.0780971719	-0.0725613598	0.0650259921	-0.0556987191	0.0448365703	-0.0327388711	0.0694175	0.0558689	0.0781006	-0.00176596	-0.00111188	0.00400265	0.08567940519999999	-0.0026158817000000003	-0.0260293923	-0.0723225533	-0.0264101891	0.024221439700000003	0.1638127
-0.08162273980000001	0.0786572819	-0.0737943996	0.0671513987	-0.0588885262	0.0492051046	-0.0383347241	0.065627	0.13855300000000004	0.0573089	-0.0020468	-0.00100198	0.00387115	-0.0092787755	0.0364247294	-0.014447325	-0.0411520644	0.0301188445	-0.0153852987	0.13337829999999998
-0.0817552165	0.0791812221	-0.0749510924	0.0691533037	-0.0619091212	0.0533700625	-0.0437147285	0.0649258	0.07023070000000001	0.0456694	-0.00118547	-0.000807953	0.00400265	0.0363899178	0.0274537051	0.0691770849	-0.0583739657	0.031438838	0.0191933615	0.14000585
-0.0818782943	0.0796687514	-0.0760302412	0.0710280251	-0.06475182480000001	0.0573142124	-0.048848591600000005	0.06197680000000001	0.13455999999999999	0.07874830000000001	-0.0014803	-0.0011107100000000002	0.00400266	0.0936911267	-0.050829400700000006	-0.0325534581	-0.0440400958	-0.0416285592	0.0477770643	0.13023705
-0.081991959	0.0801196458	-0.0770307297	0.07277211509999999	-0.06740846860000001	0.0610212361	-0.0537074066	0.06156080000000001	0.0826572	0.0653516	-0.00110833	-0.00123242	0.00408215	0.1307597613	0.0022780544	-0.1146020561	-0.0850915264	-0.0101443932	0.0600938008	0.09437399999999996
-0.0820961977	0.0805336979	-0.0779515227	0.0743823661	-0.0698714189	0.0644757965	-0.0582638153	0.0635922	0.142824	0.0911431	-0.00219603	-0.00145172	0.00408143	0.0506619207	0.0468317801	-0.0602427718	-0.0337878869	-0.0512802532	-0.0098559141	0.15337570000000006
-0.0821909983	0.0809107173	-0.0787916676	0.0758558164	-0.0721335987	0.06766360099999999	-0.0624921622	0.0580322	0.0750398	0.018275599999999996	-0.00164276	-0.0015432	0.00389686	0.0492342113	0.078099853	0.089590875	-0.0195794677	0.0701661634	0.0203308972	0.1876777
-0.08227635	0.0812505306	-0.0795502952	0.0771897563	-0.0741885076	0.0705714608	-0.06636863900000001	0.0476378	0.111625	0.0600053	-0.00312597	-0.0020343	0.00370767	0.05265743	-0.0093558511	0.07055853349999999	0.1423949689	0.0264282558	-0.08736828599999999	0.19688429999999998
-0.0823522428	0.0815529816	-0.08022662059999999	0.0783817324	-0.0760302412	0.07318734519999999	-0.0698714189	0.074783	0.16212000000000001	0.0607393	-0.00288885	-0.00172348	0.00425266	0.026424873	-0.0430267499	-0.0008968877	0.0614875288	0.0934868625	-0.0321343574	0.13302070000000002
-0.0824186682	0.0818179311	-0.0808199441	0.0794295525	-0.0776535072	0.0755004314	-0.0729807789	0.07259269999999997	0.08129609999999997	0.07473830000000001	-0.00221525	-0.0016394000000000005	0.00401542	-0.0811237558	0.0578919805	-0.0479363785	0.02598418	-0.13717379999999998	0.025404534500000003	0.14675920000000006
-0.08247561839999999	0.0820452574	-0.0813296518	0.0803312895	-0.0790536414	0.0775011496	-0.07567921150000001	0.0554923	0.14840599999999998	0.053965599999999996	-0.00244478	-0.00165944	0.00377156	-0.1250441544	0.0178857875	0.0917012781	0.0007489681	0.0178812637	0.0019381952	0.12965449999999998
-0.0825230869	0.0822348559	-0.0817552165	0.0810852849	-0.08022662059999999	0.0791812221	-0.0779515227	0.07122769999999999	0.0717898	0.0462564	-0.00171312	-0.00161348	0.00383813	-0.1238421435	-0.0226749251	0.0659709277	0.0253885466	-0.0496741066	-0.0034517901	0.1422703
-0.0825610682	0.0823866395	-0.0820961977	0.0816901521	-0.0811690742	0.0805336979	-0.079784918	0.063263	0.16237100000000002	0.08897530000000001	-0.00288575	-0.00182028	0.00386926	-0.0668994524	-0.0909889434	-0.017813849	0.0413681337	0.0371010034	0.0502228155	0.21179279999999998
-0.0825895581	0.0825005382	-0.0823522428	0.0821447785	-0.0818782943	0.0815529816	-0.0811690742	0.0721367	0.0783072	0.0514312	-0.0024121	-0.00184932	0.00381934	0.0672621482	-0.08859355470000001	-0.0244520761	0.08091555480000001	-0.0322887133	0.0136551888	0.15811209999999998
-0.0826085531	0.08257649980000001	-0.0825230869	0.0824483281	-0.0823522428	0.0822348559	-0.0820961977	0.0594165	0.170396	0.0971573	-0.00309449	-0.00157089	0.00364378	0.0009392305	0.002018091	-0.0176520343	-0.0272540688	0.0470259277	-0.0762306844	0.2073541
-0.0826180512	0.0826144894	-0.0826085531	0.0826002426	-0.0825895581	0.08257649980000001	-0.0825610682	0.0645274	0.101079	0.0560832	-0.002378	-0.00146783	0.00363203	-0.0983588288	0.1071664666	0.0448393382	0.0541330803	0.0007142806	-0.0094873439	0.15706699999999998
