0.0942786066	0.094271714	0.0942602268	0.0942441455	0.0942234708	3.43725e-09	0.157403	0.050714300000000004	-0.00312036	-0.0	0.0	-0.0766686816	0.1474364811	-0.0068115091	0.021050018700000003	-0.0520355637	-0.5288479453	0.0
0.0942602268	0.0941982038	0.0940948623	0.0939502478	0.0937644235	1.2532000000000002e-09	0.109727	0.07537669999999999	-0.00275168	-0.0	0.0	0.1136349111	0.036683076	0.045503561	0.100509663	-0.26207859	-0.2379321054	0.09077240218405004
0.0942234708	0.0940512406	0.0937644235	0.0933633689	0.0928485654	-1.6641199999999998e-09	0.203766	0.08440239999999999	-0.00376314	-0.0	0.0	0.0013213635	-0.0018175195	-0.1098923025	-0.1156277591	0.025127538	-0.1141431128	0.15363770291731998
0.0941683457	0.0938309391	0.09326949	0.092485339	0.0914803584	-2.0695100000000002e-09	0.17115	0.08978229999999998	-0.00361527	-0.0	0.0	0.040357708	-0.107056229	0.012426338500000002	0.0974774768	-0.0441179052	0.0037970341	0.04538940040539001
0.0940948623	0.0935374711	0.0926109301	0.0913188962	0.0896664683	1.18675e-10	0.179565	0.0891705	-0.00344563	-0.0	0.0	0.0164989516	0.08370982860000001	-0.0528278891	-0.16851994809999998	0.0286059912	-0.005064052	0.017508802188184996
0.094003035	0.0931710653	0.0917898992	0.089867678	0.0874157321	-1.3137100000000002e-09	0.160939	0.114347	-0.00371149	-0.0	0.0	-0.0074365125	-0.0752669097	0.1470247954	0.0415042838	-0.0108730906	0.0414697505	0.05709550143238501
0.0938928815	0.0927320076	0.0908078376	0.08813621	0.08473911529999999	-1.34331e-09	0.09851139999999999	0.0707642	-0.00270906	-0.0	0.0	-0.0012432758	0.0149728517	-0.1658822247	0.0556651629	-0.034810172599999994	0.1629124193	0.1561319000296
0.0937644235	0.0922206402	0.0896664683	0.0861298917	0.0816496581	-0.0332977	0.1862	0.0962928	-0.00363084	0.000337235	0.000662638	0.0957729143	-0.0365989143	0.0304194718	-0.0229878632	0.1188060571	0.024701234300000003	0.24259754865669
0.0936176859	0.0916373619	0.0883677934	0.0838549798	0.0781624119	-0.0370302	0.0688964	0.055161699999999994	-0.00217413	0.00059493	0.000827775	-0.0678048594	-0.0913499655	-0.0204450544	-0.017071881100000002	-0.0034752998	0.042508103099999986	0.25614430000000005
0.0934526974	0.0909826276	0.0869140914	0.0813185686	0.0742943663	-0.0413661	0.19034	0.080586	-0.00379997	0.000639631	0.000602862	0.06292318849999999	0.0228551061	-0.0014854897	0.0630065048	0.022656119	0.1096184897	0.2459765
0.09326949	0.0902569478	0.0853079126	0.0785285677	0.0700643661	-0.0384652	0.0768168	0.077582	-0.00245457	0.000446305	0.000167146	-0.021476603	-0.0250226761	0.0113237979	-0.123500379	0.0294782821	0.1394068335	0.2181502
0.0930680996	0.0894608883	0.08355207469999999	0.0754936776	0.0654930192	-0.0234633	0.162847	0.07611710000000001	-0.00330684	0.000402034	0.000690337	-0.0386307811	-0.1260218246	0.035704366200000004	0.0263627967	0.067999612	-0.0293662687	0.1734836
0.0928485654	0.0885950699	0.0816496581	0.0722233627	0.060602597	-0.023074200000000003	0.12421800000000001	0.0840781	-0.00274913	0.000545072	0.0007757699999999997	0.050514748600000006	0.0019499392	-0.0098624505	-0.0160433057	-0.0306063345	0.0160091335	0.08628815000000002
0.0926109301	0.0876601678	0.0796040002	0.0687278213	0.055416925	-0.027478700000000002	0.172103	0.112039	-0.00335479	0.000610604	0.000848702	-0.0351204894	0.0077318785	0.1026459422	0.0065762681	-0.0082604114	0.029701917400000007	0.11745660000000001
0.0923552402	0.0866569108	0.0774186899	0.0650179541	0.0499612674	-0.0260598	0.130848	0.0680202	-0.00281018	0.000608541	0.000938884	-0.07182754969999999	-0.07304665639999999	-0.0004449393	0.0953646145	-0.0136123401	0.0564163651	0.11853545000000006
0.0920815455	0.08558608150000001	0.0750975609	0.0611053303	0.0442622034	-0.029936200000000007	0.198879	0.108822	-0.00372164	0.00061232	0.00118764	0.0962272111	-0.0846060071	-0.0389991356	0.0342067647	0.0436972491	0.052153825	0.17090895
0.0917898992	0.08444851460000001	0.07264468519999999	0.0570021512	0.0383474985	-0.0211043	0.114346	0.0946797	-0.0029796	0.0006605539999999999	0.00109538	0.0570114936	-0.041223446600000005	-0.0113180273	-0.1199771312	-0.1052707919	0.0037998107	0.1516339
0.0914803584	0.0832450974	0.0700643661	0.0527212125	0.0322459684	-0.030056700000000002	0.171539	0.10254100000000001	-0.00370992	0.0006640239999999999	0.0010242	-0.0512991321	-0.0644277444	-0.024781749	-0.0343370661	0.0406317789	-0.069301936	0.11425519999999995
0.0911529832	0.0819767681	0.0673611302	0.0482758643	0.025987339100000003	-0.030227099999999996	0.07842219999999997	0.0908807	-0.00268458	0.000630383	0.00152011	-0.0334316077	-0.056247263	-0.0879992659	0.083463223	0.0320745203	0.0615495448	0.18269205
0.0908078376	0.0806445158	0.0645397201	0.0436799691	0.0196021022	-0.0255285	0.197012	0.108223	-0.00423296	0.0006687939999999999	0.00132889	0.0706902719	0.0419297002	0.0031961219	-0.0521130096	0.1050260533	-0.0067561785	0.22953125
0.0904449889	0.0792493794	0.0616050853	0.0389478592	0.0131213658	-0.0288981	0.08928710000000001	0.11163800000000001	-0.00321941	0.000839318	0.00174775	-0.0605068211	0.0351425569	0.0835235033	-0.0313174179	-0.0672342036	0.0988191577	0.1946562
0.09006450769999999	0.0777924467	0.0585623743	0.034094291400000004	0.0065767034	-0.0153054	0.132748	0.0830339	-0.00312481	0.000611045	0.00132889	-0.1047500498	0.0942654131	-0.0755576947	0.0351893158	0.0106594906	0.0303278272	0.12274435
0.0896664683	0.0762748537	0.055416925	0.0291344016	0.0	-0.0240701	0.0866834	0.12140799999999999	-0.0030274	0.0008447010000000001	0.00186681	0.0566460957	0.0531543082	0.0626431413	0.0499009984	0.0693976661	0.0387471136	0.13665270000000002
0.0892509482	0.0746977839	0.0521742556	0.024083657	-0.0065767034	-0.0282344	0.095547	0.0904107	-0.00261876	0.000632189	0.00132889	-0.0953002978	0.0190980972	-0.0014770420999999998	-0.1071784542	-0.0354484339	0.0949971795	0.1019788
0.0888180284	0.0730624671	0.048840054800000005	0.0189578082	-0.0131213658	-0.0243273	0.15248699999999998	0.0963717	-0.0035177	0.0006457219999999999	0.00187516	-0.0241902413	-0.0124139232	-0.0037719496	0.0495223538	0.1562806403	-0.0403813815	0.13974525
0.0883677934	0.0713701783	0.045420172	0.01377284	-0.0196021022	-0.026179700000000004	0.08507159999999997	0.0930954	-0.00279084	0.0006557669999999999	0.0020392	0.0273099789	0.082274206	0.1029958596	-0.0136758663	-0.0573338493	0.0196275518	0.11759135
0.0879003309	0.06962223719999999	0.0419206067	0.0085449216	-0.025987339100000003	-0.020958599999999997	0.154521	0.07526519999999999	-0.00306135	0.000521815	0.0018796	-0.0791958218	0.0838175516	-0.007015107	-0.023774237200000003	0.0671263046	-0.0889660794	0.1207038
0.0874157321	0.0678200068	0.0383474985	0.0032903561	-0.0322459684	-0.016403	0.102035	0.110177	-0.00289538	0.000615939	0.00226065	0.0071958666000000015	0.1028236166	0.0446482341	0.1544952775	-0.0591843247	0.0306253647	0.1240106
0.0869140914	0.06596489230000001	0.0347071157	-0.0019744703	-0.0383474985	-0.0248303	0.149675	0.0948729	-0.0030548000000000003	0.000696102	0.00190585	-0.0513929527	0.135530467	-0.0328560516	-0.1168405493	-0.011826667	0.0082356662	0.10109055
0.0863955067	0.0640583405	0.0310058448	-0.007233139300000002	-0.0442622034	-0.022030200000000003	0.133987	0.143612	-0.00333785	0.0007828039999999999	0.00218533	-0.031927165800000004	-0.0371810396	0.1289300435	0.0242225334	-0.0054123317	0.0026118874	0.09968880000000002
0.08586007890000001	0.0621018379	0.0272501791	-0.0124692521	-0.0499612674	-0.023544299999999997	0.132696	0.10633599999999999	-0.00329577	0.0007346969999999998	0.00233333	-0.0056811799	0.0310394285	-0.1750269607	0.0508818337	-0.0138085547	0.1303236143	0.05199044999999998
0.0853079126	0.0600969101	0.023446707400000003	-0.0176664798	-0.055416925	-0.011284400000000002	0.13961700000000002	0.131408	-0.00391281	0.000612709	0.00187771	0.1354651158	-0.0214389326	0.0784755595	0.0165513756	0.1067080603	-0.003480053	0.1039853
0.08473911529999999	0.0580451205	0.0196021022	-0.0228086151	-0.060602597	-0.00120655	0.11726400000000001	0.128181	-0.00350722	0.00054678	0.00221535	-0.103911562	0.0379879261	-0.0034811646000000003	-0.1377489093	-0.0601107232	0.0895328352	0.07611579999999997
0.084153798	0.0559480692	0.015723108200000002	-0.0278796223	-0.0654930192	-0.0127713	0.21196500000000001	0.11195999999999999	-0.00439386	0.000405805	0.00218917	0.0020347123000000003	-0.029241534500000006	-0.0114613969	0.0683188333	0.0966456022	-0.0705216088	0.1751765
0.08355207469999999	0.0538073912	0.0118165306	-0.0328636878	-0.0700643661	-0.00446326	0.07794199999999997	0.120996	-0.00298367	0.0007873689999999999	0.00251021	0.0353793836	0.0152896566	-0.0676152863	0.0308083894	-0.0736688469	0.0250957617	0.25700674
0.0829340628	0.0516247558	0.0078892227	-0.0377452688	-0.0742943663	-0.0134756	0.186411	0.12881099999999998	-0.00381514	0.000375761	0.00229811	0.0537655525	-0.0204621722	0.0570976618	-0.0827737266	0.070569096	-0.0461553576	0.19805524
0.0822998827	0.049401865	0.0039480745	-0.0425091422	-0.0781624119	-0.00122483	0.0915325	0.0992852	-0.00304627	0.00042103	0.0024750999999999996	-0.096321902	-0.1028625045	0.0545223043	-0.07801923940000001	-0.0483643868	0.1021063048	0.18621152
0.0816496581	0.0471404521	-0.0	-0.0471404521	-0.0816496581	-0.0139631	0.213925	0.113798	-0.00398435	0.000289441	0.00231557	-0.0064029149	0.0293096075	-0.0537047806	0.0336329709	0.1559128431	0.0249396115	0.21110352
0.08098351570000001	0.0448422805	-0.0039480745	-0.0516247558	-0.08473911529999999	-0.000637989	0.10609600000000001	0.10266199999999999	-0.00318446	0.00063628	0.00271928	0.06735654599999999	0.1233712646	0.0702844908	0.0296274551	-0.0079373073	0.08619929859999999	0.20981206100000002
0.0803015854	0.0425091422	-0.0078892227	-0.0559480692	-0.0874157321	-0.00133437	0.208044	0.0939204	-0.0036374000000000003	0.000351081	0.00250595	-0.0485272929	0.0270250203	0.0309238375	-0.0404187947	0.0448875842	0.0508999274	0.15895943099999998
0.0796040002	0.0401428566	-0.0118165306	-0.0600969101	-0.0896664683	-0.0009305889999999999	0.110098	0.08697250000000001	-0.00270693	0.000612964	0.0024119	-0.0661266821	-0.0298110127	0.0147776011	0.0244448731	-0.0290907421	-0.0199857131	0.16961783100000002
0.078890896	0.0377452688	-0.015723108200000002	-0.0640583405	-0.0914803584	-0.00463731	0.18115	0.10778399999999999	-0.00347694	0.0007158160000000001	0.00221853	0.0452913024	0.0576873764	-0.075318	0.053350935700000005	-0.0993852688	0.008529094000000001	0.148881821
0.0781624119	0.0353182483	-0.0196021022	-0.0678200068	-0.0928485654	0.0101928	0.09794299999999999	0.12125899999999999	-0.00307612	0.00107275	0.00269788	0.08608237869999999	0.043068069	-0.1124152417	0.0189327047	-0.044260531500000005	-0.0055342827	0.17336731000000002
0.0774186899	0.0328636878	-0.023446707400000003	-0.0713701783	-0.0937644235	-0.00130833	0.193607	0.10346199999999996	-0.00405393	0.000460329	0.00232564	0.069083992	0.0083086838	-0.017319664199999998	-0.0558442899	0.0329335432	-0.042252026100000006	0.22308568
0.07665987490000001	0.0303835011	-0.0272501791	-0.0746977839	-0.0942234708	0.040217800000000005	0.0995878	0.0480596	-0.00519163	-0.00014127700000000004	0.00308084	-0.0356582127	-0.1468791733	0.0723290079	-0.0140655469	-0.0021921414	-0.0275031275	0.31567303
0.075886115	0.0278796223	-0.0310058448	-0.0777924467	-0.0942234708	0.0304927	0.208934	0.09489210000000001	-0.00562905	0.000119857	0.00273823	-0.0019984932	0.0700129733	0.0784496343	0.086894506	0.0194565583	0.0154384022	0.217962
0.0750975609	0.0253540038	-0.0347071157	-0.0806445158	-0.0937644235	0.0311356	0.149054	0.0630591	-0.00429804	0.000425641	0.00285708	-0.12495911960000004	0.0788762854	0.0919099146	0.0458620572	-0.1213360512	-0.1066961623	0.18013810000000002
0.0742943663	0.0228086151	-0.0383474985	-0.0832450974	-0.0928485654	0.034257300000000004	0.199457	0.116453	-0.00529212	0.00045066400000000003	0.00314411	0.0005160356	0.0273858383	0.0181309254	0.1367635895	-0.0665645584	-0.1393692543	0.17222525
0.073476688	0.0202454408	-0.0419206067	-0.08558608150000001	-0.0914803584	0.036130300000000004	0.146493	0.10709400000000001	-0.00470286	0.000555099	0.00338996	0.087986559	-0.0479458941	-0.1093011305	0.0332992042	-0.113806159	0.0033210920000000003	0.11117325
0.07264468519999999	0.0176664798	-0.045420172	-0.0876601678	-0.0896664683	0.026310200000000002	0.219425	0.147484	-0.00592381	0.000610725	0.00331389	0.1103504031	-0.1375383771	-0.0585946576	-0.0339782551	0.0772177439	0.0347249646	0.19077440000000004
0.0717985202	0.0150737429	-0.048840054800000005	-0.0894608883	-0.0874157321	0.037667400000000004	0.142319	0.08779209999999997	-0.00457534	0.000514459	0.00317452	-0.0199019479	-0.2270360748	-0.01412271	-0.0938362366	-0.010803733700000002	0.0672738702	0.2273604
0.0709383579	0.0124692521	-0.0521742556	-0.0909826276	-0.08473911529999999	0.019071200000000003	0.180446	0.12086600000000006	-0.00572903	0.0005898909999999999	0.00311512	-0.019123789	-0.0712793094	-0.0595641341	0.0661232545	0.1702962077	-0.0309267397	0.15422320000000006
0.0700643661	0.009855038	-0.055416925	-0.0922206402	-0.0816496581	0.0295685	0.12588800000000006	0.10292799999999999	-0.00497803	0.00100865	0.00319342	0.0516934764	0.0920530351	0.0712537941	-0.0174822003	-0.0819966932	0.0708409083	0.1453962500000001
0.069176715	0.007233139300000002	-0.0585623743	-0.0931710653	-0.0781624119	0.024640000000000002	0.18930999999999998	0.133845	-0.00587614	0.000920114	0.00313624	-0.060061871	0.0577005326	0.0393028429	-0.0151216878	0.0721249457	0.0203951393	0.15145880000000006
0.0682755779	0.0046056005	-0.0616050853	-0.0938309391	-0.0742943663	0.008472109999999998	0.100021	0.12584	-0.00490244	0.00109341	0.0033615000000000003	-0.0714742587	-0.0344530867	0.004863880300000001	0.057829404	-0.046238105300000006	0.07329368	0.18207469
0.0673611302	0.0019744703	-0.0645397201	-0.0941982038	-0.0700643661	0.00499236	0.205458	0.10608	-0.005574	0.000751688	0.00273632	0.0731544213	-0.0010322602	-0.0926432582	-0.0331223556	0.0097626352	0.0182173249	0.21059985
0.0664335504	-0.0006581995	-0.0673611302	-0.094271714	-0.0654930192	0.0198723	0.118413	0.125501	-0.00498447	0.00129411	0.00313325	0.0722514249	0.0027781784	0.0447517678	-0.0620033107	-0.0578164896	-0.0127351748	0.19779004
0.0654930192	-0.0032903561	-0.0700643661	-0.0940512406	-0.060602597	0.030377499999999998	0.204213	0.0914909	-0.00582502	0.000815101	0.00290498	-0.1073155492	0.0617144928	-0.0130446726	0.0056359714	0.0542119182	-0.1234596695	0.20770675
0.0645397201	-0.005919946999999999	-0.07264468519999999	-0.0935374711	-0.055416925	0.0374901	0.13000599999999998	0.09154860000000001	-0.00490324	0.0007219979999999997	0.0033540999999999996	-0.011621013799999998	0.0363245768	7.6367e-05	0.1257320422	-0.0776795622	-0.033039683	0.15457745
0.0635738388	-0.0085449216	-0.0750975609	-0.0927320076	-0.0499612674	0.025894900000000002	0.225017	0.0924298	-0.00572049	0.000869132	0.00266062	0.0472955408	0.06935526	-0.0619259993	-0.0400039047	-0.08860905960000001	-0.0353017123	0.1903806
0.0625955636	-0.0111632332	-0.0774186899	-0.0916373619	-0.0442622034	0.023582099999999998	0.142146	0.12123099999999999	-0.00511686	0.00122845	0.00300628	0.1381465289	-0.0162437314	-0.0417490907	-0.0342386608	-0.074650521	-0.0681796155	0.17941540000000006
0.0616050853	-0.01377284	-0.0796040002	-0.0902569478	-0.0383474985	0.00680364	0.21957600000000002	0.134493	-0.00636225	0.0015204	0.00246864	0.0694904489	-0.1188229501	-0.0467749063	-0.0755941046	-0.0053733633	-0.0511364394	0.21121946
0.060602597	-0.0163717072	-0.0816496581	-0.0885950699	-0.0322459684	0.00907977	0.129868	0.119022	-0.00551212	0.00116848	0.00269031	-0.0394330369	-0.1326871202	0.050325103200000006	-0.0867973042	-0.063624239	-0.0523097422	0.17864112999999998
0.0595882941	-0.0189578082	-0.08355207469999999	-0.0866569108	-0.025987339100000003	0.007375589999999999	0.191773	0.12858699999999998	-0.00629978	0.0011893	0.00246864	-0.0771677901	-0.0264903225	-0.0453708792	0.0059316032	0.0806382775	-0.0928393111	0.12468168
0.0585623743	-0.0215291265	-0.0853079126	-0.08444851460000001	-0.0196021022	0.0196107	0.109598	0.128092	-0.00551154	0.00129504	0.00305078	0.045266342800000005	0.0208709996	-0.0530200985	0.1167941784	-0.1055742413	0.0614451539	0.16871111
0.0575250377	-0.024083657	-0.0869140914	-0.0819767681	-0.0131213658	0.0194938	0.211811	0.135068	-0.00670069	0.00150397	0.00246864	0.0220956765	0.0361789188	-0.0584172164	-0.0988498034	0.1082430448	-0.0515967872	0.2083169
0.05647648650000001	-0.0266194078	-0.0883677934	-0.0792493794	-0.0065767034	0.0205331	0.119959	0.153355	-0.00573969	0.00179452	0.00299788	-0.0803493157	-0.0773690238	0.0711907795	-0.0130973173	-0.033302342	0.0384157642	0.2002178
0.055416925	-0.0291344016	-0.0896664683	-0.0762748537	-0.0	0.00986369	0.201766	0.140147	-0.00674506	0.00168255	0.00246864	-0.0108569099	-0.0169467246	-0.0829764418	0.0204780764	0.0686725701	-0.012767192	0.18801341
0.05434656	-0.0316266773	-0.0908078376	-0.0730624671	0.0065767034	0.0206486	0.119309	0.139033	-0.00531112	0.00198617	0.00280913	0.1253166902	-0.0506717353	0.0706482292	0.0247580079	0.0197293738	0.0382282648	0.19825841
0.0532655999	-0.034094291400000004	-0.0917898992	-0.06962223719999999	0.0131213658	0.0196982	0.19104000000000002	0.13689400000000002	-0.00592752	0.00163529	0.00246864	-0.0986206574	0.0809659653	-0.0775693075	-0.0939087432	0.1127754823	0.031557624900000004	0.14020890000000005
0.0521742556	-0.0365353199	-0.0926109301	-0.06596489230000001	0.0196021022	0.02025	0.147902	0.14688699999999996	-0.00624681	0.00176045	0.0027844000000000002	-0.0077212354	0.011245677	0.1272434099	0.1908842766	0.0108968165	0.0318264095	0.09169329999999998
0.0510727399	-0.0389478592	-0.09326949	-0.0621018379	0.025987339100000003	0.0317926	0.17014300000000002	0.101454	-0.00553389	0.00203798	0.00267131	-0.0352307301	0.1223691065	-0.0156685875	-0.14839065210000002	-0.0472632227	0.0233432954	0.13439359999999995
0.0499612674	-0.0413300281	-0.0937644235	-0.0580451205	0.0322459684	0.0204642	0.21327600000000002	0.155796	-0.00579461	0.00203466	0.00246864	0.0042343946	-0.0516086142	0.1484033174	0.0272530654	0.0405370457	0.0107356599	0.13213890000000006
0.048840054800000005	-0.0436799691	-0.0940948623	-0.0538073912	0.0383474985	0.0203308	0.134802	0.110082	-0.00515698	0.00175816	0.0029506999999999997	-0.0353695911	0.0365258136	-0.1023568464	0.1012478684	-0.0173587398	0.1128336019	0.1941309
0.0477093208	-0.0459958498	-0.0942602268	-0.049401865	0.0442622034	0.020168400000000003	0.21643800000000002	0.141333	-0.00604282	0.00190216	0.00246864	0.0754516598	0.0309066874	0.0706937582	-0.0034320916	0.1327473067	-0.0026001291	0.1886444
0.0465692858	-0.0482758643	-0.0942602268	-0.0448422805	0.0499612674	0.033133499999999996	0.108698	0.147526	-0.00532137	0.00192684	0.00277226	-0.104713723	-0.039669299500000005	0.0566255757	-0.1053685255	-0.0808903589	0.0517953846	0.17938560000000006
0.045420172	-0.0505182347	-0.0940948623	-0.0401428566	0.055416925	0.0204925	0.18120799999999998	0.144218	-0.00575321	0.00205588	0.00246864	-0.054305173099999986	-0.0556035491	0.0131115748	0.0480427225	0.0774427492	-0.0956446602	0.131684
0.0442622034	-0.0527212125	-0.0937644235	-0.0353182483	0.060602597	0.0205048	0.118707	0.140534	-0.0049092	0.00202732	0.00256535	0.0489873702	0.024274572	-0.0691766909	0.015436161	-0.0875006913	-0.0666563925	0.11466130000000008
0.0430956059	-0.05488308	-0.09326949	-0.0303835011	0.0654930192	0.00928883	0.20194700000000002	0.128378	-0.00546415	0.00168585	0.00194982	0.0013111593	0.0834315425	0.0037161245	-0.0518558395	0.0440947889	-0.0573081985	0.18220947
0.0419206067	-0.0570021512	-0.0926109301	-0.0253540038	0.0700643661	0.00169627	0.09147960000000001	0.12219000000000001	-0.00442177	0.00177065	0.00219227	-0.0951968897	0.0113638234	0.0208419936	0.0540961017	-0.0080461419	-0.0400462962	0.19272946
0.0407374351	-0.0590767739	-0.0917898992	-0.0202454408	0.0742943663	0.00225462	0.23833600000000002	0.126112	-0.00562877	0.00173929	0.00166753	0.0565184238	0.1085725617	0.0569188479	-0.0429693872	0.0211332533	0.0133941387	0.23949175
0.0395463216	-0.0611053303	-0.0908078376	-0.0150737429	0.0781624119	0.00821848	0.11518800000000001	0.121526	-0.00446281	0.00212071	0.00217507	-0.0325156424	0.0205334288	0.088443146	-0.0728736606	-0.06850684139999999	0.0110114291	0.23644386
0.0383474985	-0.0630862386	-0.0896664683	-0.009855038	0.0816496581	0.00934012	0.217558	0.107412	-0.00503048	0.00168131	0.00195257	-0.0473271953	0.0380325734	-0.0379644845	0.055030303200000005	0.0222156327	-0.0446349804	0.17908414
0.0371411994	-0.0650179541	-0.0883677934	-0.0046056005	0.08473911529999999	0.0144332	0.13752	0.11990700000000006	-0.00451955	0.00230367	0.00222586	0.1083664789	0.01994061	0.0393555345	-0.0315187912	0.0096748911	-0.033672061	0.16795508
0.0359276596	-0.0668989706	-0.0869140914	0.0006581995	0.0874157321	0.0198824	0.21548299999999998	0.141281	-0.00547095	0.00198168	0.00196103	-0.0608930824	0.0175564229	0.027876178	-0.0528767263	0.0291745579	0.034146087900000004	0.1816972000000001
0.0347071157	-0.0687278213	-0.0853079126	0.005919946999999999	0.0896664683	0.010271700000000002	0.11260099999999999	0.0930554	-0.00417139	0.00211457	0.00221037	-0.0504072537	-0.1529894685	0.0088789649	0.0731012961	0.0322125574	0.0392420668	0.2448078
0.0334798055	-0.0705030801	-0.08355207469999999	0.0111632332	0.0914803584	0.010345600000000002	0.203518	0.140511	-0.00608836	0.00212482	0.00221531	0.0292269226	-0.0484176956	-0.1159694913	-0.0051547595	0.066670251	0.0826644257	0.2350545
0.0322459684	-0.0722233627	-0.0816496581	0.0163717072	0.0928485654	0.020272599999999998	0.1381	0.126788	-0.00512319	0.00205367	0.0023463	0.133411926	-0.0514737117	0.050230579	-0.0046089124	0.0684930839	0.0017864131	0.14743350000000002
0.0310058448	-0.07388732769999999	-0.0796040002	0.0215291265	0.0937644235	0.0205856	0.21026199999999998	0.15485	-0.0062883	0.00225262	0.0022081	-0.0225377275	0.0179339549	0.0200705804	-0.0973988419	0.0146037721	-0.0020733444	0.17565
0.0297596766	-0.0754936776	-0.0774186899	0.0266194078	0.0942234708	0.020708400000000002	0.146172	0.111527	-0.00517657	0.00233972	0.00223042	-0.0377131253	-0.1538841849	0.1028905747	0.0076055842	-0.0298360764	-0.0848341249	0.16859329999999995
0.0285077067	-0.07704115980000001	-0.0750975609	0.0316266773	0.0942234708	0.020821400000000004	0.171031	0.139676	-0.00584713	0.00238231	0.00225978	-0.1185732088	-0.0073144928	-0.073844197	-0.0355332507	-0.0345401686	-0.0636314183	0.09024649999999998
0.0272501791	-0.0785285677	-0.07264468519999999	0.0365353199	0.0937644235	0.0104368	0.189254	0.094153	-0.00549594	0.00230604	0.00199777	0.0606167157	-0.0466441367	-0.0258936381	0.1516716338	-0.0738361686	-0.013019068799999998	0.10860410000000002
0.025987339100000003	-0.07995474129999999	-0.0700643661	0.0413300281	0.0928485654	0.00634025	0.13295099999999999	0.122173	-0.0047978000000000005	0.00243155	0.0022354	-0.0104056353	-0.0333189425	-0.1729779364	-0.005100891	-0.1103891921	0.0027440695	0.14148355
0.0247194328	-0.0813185686	-0.0673611302	0.0459958498	0.0914803584	-0.00290074	0.22720700000000002	0.118611	-0.00561667	0.00206046	0.00153529	0.1255957727	-0.0357986914	-0.0500224739	-0.0027624264000000003	-0.07707227900000001	-0.0406782377	0.20156249
0.023446707400000003	-0.0826189861	-0.0645397201	0.0505182347	0.0896664683	0.020958900000000003	0.139011	0.120959	-0.00471444	0.0025903000000000002	0.00203466	0.0813036187	0.0435933102	-0.0649456533	-0.0934018809	-0.0844648692	0.025912749300000003	0.21097564
0.022169411	-0.0838549798	-0.0616050853	0.05488308	0.0874157321	0.014280600000000001	0.225534	0.12035499999999999	-0.00563955	0.00189004	0.00159442	-0.0101699013	0.027946259	0.0545647742	-0.0099248805	0.0691285292	0.0287191526	0.1970858
0.0208877927	-0.085025586	-0.0585623743	0.0590767739	0.08473911529999999	0.00242327	0.121982	0.122618	-0.00453014	0.00267106	0.00175059	-0.1417845267	0.0552746261	0.0128621125	0.0119581323	-0.0381215373	0.0369474049	0.22000233
0.0196021022	-0.0861298917	-0.055416925	0.0630862386	0.0816496581	0.0030598	0.214484	0.137265	-0.00557057	0.00239279	0.00164651	0.0147492006	0.0737259951	0.0018517499	0.0371702339	0.015057041100000003	0.0076593578000000015	0.17892453000000005
0.0183125903	-0.08716703599999999	-0.0521742556	0.0668989706	0.0781624119	0.00281287	0.136669	0.143958	-0.00479635	0.00259052	0.00200122	0.0809979362	0.0143715957	-0.07462318	-0.0074380168999999986	-0.0201863355	0.048844457	0.15108793000000004
0.017019508200000002	-0.08813621	-0.048840054800000005	0.0705030801	0.0742943663	0.00405308	0.229897	0.11179000000000001	-0.00587357	0.00224722	0.00153529	0.0714032769	-0.0161748	0.0273515076	-0.0359151718	0.1351624528	-0.0304018928	0.22095871
0.015723108200000002	-0.0890366581	-0.045420172	0.07388732769999999	0.0700643661	0.00591921	0.127345	0.131667	-0.00494741	0.00247673	0.00211233	-0.1146705427	0.0180818929	0.1117822964	-0.0339411906	0.0118802902	0.0101800589	0.21093063
0.014423643	-0.089867678	-0.0419206067	0.07704115980000001	0.0654930192	0.00330626	0.213707	0.0991463	-0.00567051	0.00221534	0.00138861	-0.0232143879	0.147234387	0.0211700964	0.1045619369	0.0452669678	0.0393581653	0.20690615
0.0131213658	-0.0906286218	-0.0383474985	0.07995474129999999	0.060602597	-0.00204507	0.13489400000000001	0.143018	-0.00490835	0.00253988	0.00183974	0.0442558392	0.1462651602	0.0364852929	0.0521556124	0.0015932565	0.0272031776	0.20492753
0.0118165306	-0.0913188962	-0.0347071157	0.0826189861	0.055416925	-0.0027684999999999997	0.247902	0.112028	-0.00565282	0.00206806	0.00138113	-0.0146646957	-0.0050431883	0.0475819584	-0.0625087834	0.0265456644	0.0497921116	0.22846643000000005
0.0105093917	-0.0919379628	-0.0310058448	0.085025586	0.0499612674	0.00017513700000000001	0.12273800000000006	0.104979	-0.00396145	0.0019684999999999998	0.00163024	-0.0609836826	-0.0781074502	-0.0004962990000000001	-0.0051166817	-0.0224084985	-0.0236263767	0.237158637
0.009200204	-0.092485339	-0.0272501791	0.08716703599999999	0.0442622034	-0.00448507	0.256706	0.109072	-0.00579387	0.00175409	0.0011180500000000002	0.0241923572	0.0829335574	-0.0132884086	0.051790400999999986	-0.0007775410000000001	0.0640608043	0.27067220699999994
0.0078892227	-0.0929605979	-0.023446707400000003	0.0890366581	0.0383474985	0.00732887	0.13781500000000002	0.111844	-0.00444143	0.0024436999999999996	0.00172061	0.0688723958	0.0805920883	0.0383419337	-0.0476275164	-0.0371102114	0.0064364041	0.26570744
0.0065767034	-0.0933633689	-0.0196021022	0.0906286218	0.0322459684	0.00364838	0.24849899999999997	0.122277	-0.00594359	0.00231133	0.00130295	-0.0012704742999999998	-0.0386798384	0.0219494437	0.0108312486	-0.0233797005	0.0021876879	0.2274069900000001
0.005262902	-0.0936933379	-0.015723108200000002	0.0919379628	0.025987339100000003	0.0009094010000000001	0.12338199999999999	0.11033299999999999	-0.00440009	0.00235663	0.0016981	-0.0765538228	-0.16153526210000002	-0.0340950581	-0.0343684846	-0.0711858537	-0.0648873318	0.23899747899999998
0.0039480745	-0.0939502478	-0.0118165306	0.0929605979	0.0196021022	-0.00462089	0.225615	0.12943	-0.00620044	0.0019098	0.00152979	-0.0044999414000000005	-0.0469784821	-0.0728218124	0.0273585591	0.0125445518	-0.067066081	0.24763479100000002
0.0026324773	-0.094133898	-0.0078892227	0.0936933379	0.0131213658	0.00408804	0.13528199999999999	0.137699	-0.00490231	0.00253381	0.0015811	0.0437304854	-0.0364632664	-0.0984260712	0.0884701202	-0.07939677070000001	0.0382586275	0.20598343
0.001316367	-0.0942441455	-0.0039480745	0.094133898	0.0065767034	0.00822217	0.21869299999999997	0.135266	-0.00595196	0.00241105	0.00167372	0.0583268424	0.0022207453	-0.0906242102	-0.0017611173	-0.027628314900000003	-0.0166326903	0.15322962999999998
0.0	-0.0942809042	-0.0	0.0942809042	0.0	0.00631627	0.12284	0.125908	-0.00444082	0.00265829	0.00179391	0.0797519775	0.0179584055	-0.0226141493	-0.06782486389999999	-0.0288247734	-0.04023559	0.20104539999999999
-0.001316367	-0.0942441455	0.0039480745	0.094133898	-0.0065767034	0.000859555	0.215029	0.153115	-0.00586452	0.00250212	0.00130964	-0.0614648613	0.0412517189	0.017558337	-0.0066752526	0.0233996878	0.0066620465	0.228059715
-0.0026324773	-0.094133898	0.0078892227	0.0936933379	-0.0131213658	0.00263913	0.10608900000000004	0.15934600000000002	-0.00478863	0.00292647	0.00191655	-0.1501875418	-0.0017367409	0.0421007599	0.0265243479	-0.0407032909	0.0331066536	0.222308075
-0.0039480745	-0.0939502478	0.0118165306	0.0929605979	-0.0196021022	-0.008401729999999998	0.219171	0.16860799999999998	-0.0061826	0.00176771	0.00128295	-0.04662500940000002	0.0127391904	-0.0028718349	0.033864549300000005	0.0958921664	0.0311520704	0.29270136
-0.005262902	-0.0936933379	0.015723108200000002	0.0919379628	-0.025987339100000003	-0.00494779	0.138549	0.11871099999999996	-0.00451155	0.00197899	0.00116496	0.1006067243	-0.0093068156	0.0184860483	0.0143193166	-0.0341611495	0.08547296689999999	0.23398894
-0.0065767034	-0.0933633689	0.0196021022	0.0906286218	-0.0322459684	-0.00331126	0.22814099999999998	0.149861	-0.00583736	0.00190669	0.00115473	-0.0015133711	0.0677429218	0.0555182006	-0.0288627865	0.1073976905	0.045663611900000005	0.19279553
-0.0078892227	-0.0929605979	0.023446707400000003	0.0890366581	-0.0383474985	-0.00192614	0.11910699999999999	0.11908599999999996	-0.00456543	0.00225464	0.00148207	-0.1138571288	0.0178824171	0.083047759	0.0669957977	-0.0805028816	-0.0061882643	0.23855512
-0.009200204	-0.092485339	0.0272501791	0.08716703599999999	-0.0442622034	-0.00511112	0.202567	0.144245	-0.0055769	0.0020877	0.00123893	-0.0197130761	0.0801082842	-0.0505979353	0.0526672419	0.0196295794	-0.002046902	0.18288148
-0.0105093917	-0.0919379628	0.0310058448	0.085025586	-0.0499612674	-0.00695706	0.12950699999999998	0.134898	-0.00449484	0.00205047	0.00146046	0.1232881161	0.0010528457	-0.0259263657	0.0398651979	-0.0813128903	0.0997948364	0.15129394
-0.0118165306	-0.0913188962	0.0347071157	0.0826189861	-0.055416925	-0.00385998	0.25214000000000003	0.152678	-0.00614396	0.00207065	0.00137996	0.032153340600000004	-0.0065813851	-0.0400403584	-0.1056567122	0.1160477423	0.0566826053	0.23100008
-0.0131213658	-0.0906286218	0.0383474985	0.07995474129999999	-0.060602597	0.00402344	0.113772	0.132358	-0.00474634	0.0022934	0.00169342	-0.0207584567	-0.1373977632	0.0316945103	0.0033687066	0.0371051734	0.0392413611	0.2632629200000001
-0.014423643	-0.089867678	0.0419206067	0.07704115980000001	-0.0654930192	-0.00257936	0.229915	0.161072	-0.00607468	0.00246537	0.00131145	0.0097920021	0.0510984758	-0.0555120684	-0.0211866765	0.1268802809	0.0370558464	0.24557379999999998
-0.015723108200000002	-0.0890366581	0.045420172	0.07388732769999999	-0.0700643661	-0.00606103	0.11894300000000001	0.145345	-0.00492469	0.00228969	0.0015869999999999999	0.0132399374	0.0264419135	0.1228000505	-0.0416884555	-0.0446718056	0.06699586269999999	0.21024167
-0.017019508200000002	-0.08813621	0.048840054800000005	0.0705030801	-0.0742943663	-0.00322002	0.299535	0.0956551	-0.00644194	0.00213851	0.00127204	-0.0787105489	0.07702777549999999	-0.0570657259	0.0241406908	0.1041940893	-0.0580966782	0.33229241
-0.0183125903	-0.08716703599999999	0.0521742556	0.0668989706	-0.0781624119	-0.014630200000000003	0.15950699999999998	0.0586501	-0.00527483	0.00182259	0.00111278	0.0827261839	-0.0349851932	0.1525054402	0.056105488	-0.0687702238	-0.0225393277	0.27055768
-0.0196021022	-0.0861298917	0.055416925	0.0630862386	-0.0816496581	0.00313314	0.0230992	0.131523	-0.00416604	0.00190923	0.00148628	-0.1343769708	0.0453566633	0.0350116001	-0.0825025115	-0.0754967552	-0.1158611281	0.30549054
-0.0208877927	-0.085025586	0.0585623743	0.0590767739	-0.08473911529999999	0.00348841	0.183626	0.146458	-0.00516682	0.00224233	0.00114258	-0.0257936611	0.0171474153	0.020234429	0.0998850374	0.0011119504	-0.1045773002	0.25969607
-0.022169411	-0.0838549798	0.0616050853	0.05488308	-0.0874157321	0.00430606	0.13512900000000005	0.14588399999999999	-0.0045183	0.00262848	0.00133153	0.0886676637	0.0328296052	-0.0392792646	0.0099222337	-0.043180517300000006	-0.1259411098	0.11106965
-0.023446707400000003	-0.0826189861	0.0645397201	0.0505182347	-0.0896664683	-0.00358629	0.233483	0.170929	-0.00547565	0.00238055	0.00115	-0.0378779574	-0.0213248108	0.0956390957	-0.0139789901	-0.0070749581000000014	-0.0064787197	0.20063185
-0.0247194328	-0.0813185686	0.0673611302	0.0459958498	-0.0914803584	0.018080799999999998	0.15116300000000002	0.051703699999999984	-0.0046489	0.0016271	0.00141341	-0.011703686299999998	-0.2139446855	-0.0303709394	0.020781084	0.0085120485	-0.0353037919	0.31539289
-0.025987339100000003	-0.07995474129999999	0.0700643661	0.0413300281	-0.0928485654	0.0583813	0.17268599999999998	0.08759219999999998	-0.00561415	0.0016155000000000002	0.00214302	0.0473842575	-0.0183944264	0.0004653388	-0.045626322699999985	-0.06769411019999999	0.0402782168	0.183035
-0.0272501791	-0.0785285677	0.07264468519999999	0.0365353199	-0.0937644235	0.030508099999999996	0.26866100000000004	0.07525909999999998	-0.00564858	0.00234486	0.00152009	-0.0171676666	0.0063716939	0.0347544551	-0.0022345645000000003	0.0057956811	-0.0719672418	0.20551729999999999
-0.0285077067	-0.07704115980000001	0.0750975609	0.0316266773	-0.0942234708	0.034493300000000005	0.136848	0.10794000000000001	-0.004218199999999999	0.00251506	0.00180093	0.007783462099999998	-0.0851241079	-0.0714986867	0.0592774464	-0.0720096047	-0.0320647088	0.26255009999999995
-0.0297596766	-0.0754936776	0.0774186899	0.0266194078	-0.0942234708	0.026510400000000003	0.24934499999999998	0.135374	-0.00553709	0.00193065	0.00156908	0.1068876662	-0.1354572291	-0.1374908809	-0.007833776899999999	0.0780708128	-0.0125870453	0.2546714
-0.0310058448	-0.07388732769999999	0.0796040002	0.0215291265	-0.0937644235	0.0236643	0.150693	0.1464	-0.00477276	0.00234334	0.00157153	0.13906618710000002	-0.144333503	-0.0411778575	-0.1094586511	-0.010360009	0.026068481	0.1714976
-0.0322459684	-0.0722233627	0.0816496581	0.0163717072	-0.0928485654	0.0226056	0.201469	0.136271	-0.00535149	0.00229714	0.00145299	-0.0558761081	-0.1003544332	-0.07262821629999999	-0.0884163617	0.1492743634	-0.0815535597	0.09913720000000002
-0.0334798055	-0.0705030801	0.08355207469999999	0.0111632332	-0.0914803584	0.0279072	0.12113900000000001	0.125664	-0.0049946	0.00257763	0.0019278	0.0011261316	-0.0490450442	-0.0340624012	0.1449382397	-0.0352397541	0.0425612224	0.15184809999999999
-0.0347071157	-0.0687278213	0.0853079126	0.005919946999999999	-0.0896664683	0.0339939	0.213905	0.13652700000000004	-0.00566097	0.0024506	0.00145003	0.0509409226	0.0181164802	-0.0484010066	-0.0985762841	0.1055750557	-0.0283847814	0.17327420000000007
-0.0359276596	-0.0668989706	0.0869140914	0.0006581995	-0.0874157321	0.028705200000000007	0.14097300000000001	0.158549	-0.00549184	0.00240473	0.00175134	-0.0080278766	-0.0382946851	0.1080799402	-0.0203718036	-0.0566481706	0.0854133986	0.12605820000000004
-0.0371411994	-0.0650179541	0.0883677934	-0.0046056005	-0.08473911529999999	0.021803599999999996	0.201585	0.103003	-0.00549569	0.00193545	0.00138725	-0.094249583	0.0178637985	-0.1167723751	-0.0049507202000000005	0.108902606	0.0312538659	0.16492060000000006
-0.0383474985	-0.0630862386	0.0896664683	-0.009855038	-0.0816496581	0.0269041	0.175565	0.13965	-0.005556	0.00225588	0.00145087	0.08844998949999999	0.023074386	0.1173660528	0.0695455982	0.0543546757	0.0532667766	0.08998549999999997
-0.0395463216	-0.0611053303	0.0908078376	-0.0150737429	-0.0781624119	0.0232457	0.213669	0.108303	-0.00578123	0.00218918	0.00116424	-0.1094135036	0.0836105762	0.0036619304	-0.10155923	0.0226106655	0.0545410092	0.10203739999999996
-0.0407374351	-0.0590767739	0.0917898992	-0.0202454408	-0.0742943663	0.028963299999999997	0.20656100000000002	0.140279	-0.00573076	0.00220383	0.00123143	-0.0417951304	0.0588341551	0.0628255744	0.15747716050000002	0.0712164008	0.0685999584	0.05141710000000002
-0.0419206067	-0.0570021512	0.0926109301	-0.0253540038	-0.0700643661	0.0200136	0.233896	0.127029	-0.0053787	0.00216025	0.00100155	0.0215483348	0.0971498507	-0.0372971533	-0.0909726549	-0.0336773927	0.0200052611	0.08081069999999997
-0.0430956059	-0.05488308	0.09326949	-0.0303835011	-0.0654930192	0.027734300000000003	0.195972	0.190406	-0.00578776	0.00242843	0.00118765	-0.0017627265	-0.0090548301	0.083220001	0.000261679	-0.07304892980000001	0.0235453225	0.15218869999999998
-0.0442622034	-0.0527212125	0.0937644235	-0.0353182483	-0.060602597	0.0335953	0.19451400000000002	0.138717	-0.00558497	0.00218036	0.00142115	-0.0510972059	0.0292375056	-0.12277438	0.0609841957	-0.0264602267	-0.0169374827	0.09322600000000003
-0.045420172	-0.0505182347	0.0940948623	-0.0401428566	-0.055416925	0.024841299999999997	0.215538	0.185031	-0.00615271	0.0022913	0.00151915	0.092453742	0.06760588299999999	0.0628279075	0.0207049069	0.0374246251	-0.0573385387	0.11492599999999994
-0.0465692858	-0.0482758643	0.0942602268	-0.0448422805	-0.0499612674	0.026503199999999998	0.19051099999999999	0.104868	-0.00535302	0.00197441	0.00131318	-0.05735722	0.0334699431	0.0091321893	-0.0513455535	-0.0349026494	-0.0032614684	0.17297939999999998
-0.0477093208	-0.0459958498	0.0942602268	-0.049401865	-0.0442622034	0.031158799999999997	0.199507	0.166573	-0.00621778	0.00216768	0.00150294	-0.0267448374	0.0314536246	0.0006854952999999999	0.0967690847	0.061239735199999985	-0.0200338218	0.13774609999999998
-0.048840054800000005	-0.0436799691	0.0940948623	-0.0538073912	-0.0383474985	0.0209727	0.22384099999999998	0.13483299999999998	-0.00624796	0.00191352	0.00144898	0.0511537047	0.0458619354	0.0533980582	-0.097621318	-0.0017548456	-0.0533692833	0.08317510000000003
-0.0499612674	-0.0413300281	0.0937644235	-0.0580451205	-0.0322459684	0.0463332	0.18873900000000002	0.174144	-0.00584423	0.00226528	0.0017320599999999995	-0.0384363122	-0.052529874	0.0721539663	-0.0032874541	-0.1178488293	-0.0363398932	0.15170200000000006
-0.0510727399	-0.0389478592	0.09326949	-0.0621018379	-0.025987339100000003	0.0271004	0.24081599999999997	0.152954	-0.00654593	0.00204213	0.00136996	-0.0145674458	-0.0029671047	-0.142299524	0.0642418523	-0.0369385664	-0.0172570634	0.15684730000000002
-0.0521742556	-0.0365353199	0.0926109301	-0.06596489230000001	-0.0196021022	0.028313099999999997	0.17288699999999999	0.169087	-0.00570799	0.00238754	0.00154975	0.0951631306	0.0446299276	-0.0578529147	0.0064371089	-0.0673998803	-0.0456388786	0.1534317
-0.0532655999	-0.034094291400000004	0.0917898992	-0.06962223719999999	-0.0131213658	0.020278400000000002	0.25201599999999996	0.15601900000000002	-0.00694047	0.00234793	0.00105	0.002177344	0.0698863142	-0.0704213699	-0.0910136611	-0.0044965089000000005	-0.0515385584	0.18882370000000004
-0.05434656	-0.0316266773	0.0908078376	-0.0730624671	-0.0065767034	0.0224922	0.152894	0.157686	-0.00560748	0.00248234	0.00142547	-0.0816515287	-0.0006634472999999999	0.0574156535	0.0130891697	-0.0427112803	-0.066193637	0.1951463
-0.055416925	-0.0291344016	0.0896664683	-0.0762748537	-0.0	0.023191999999999997	0.222753	0.143257	-0.00619831	0.00221915	0.000994165	-0.0461613463	0.1025044601	-0.1202755632	0.017959983	-0.007350987299999999	0.048220003600000005	0.14925405000000005
-0.05647648650000001	-0.0266194078	0.0883677934	-0.0792493794	0.0065767034	0.0136487	0.212639	0.17599999999999996	-0.00614358	0.00222842	0.00120404	0.1282390213	0.0116392437	0.1121895812	0.040938364500000005	-0.006822649399999999	-0.0223235571	0.06609405000000003
-0.0575250377	-0.024083657	0.0869140914	-0.0819767681	0.0131213658	0.022365200000000002	0.231679	0.136925	-0.0058867	0.00236368	0.0008573089999999999	-0.1088477759	-0.0551679699	-0.021529379900000003	-0.1080328472	-0.0321869728	0.0794151877	0.10377505
-0.0585623743	-0.0215291265	0.0853079126	-0.08444851460000001	0.0196021022	0.00794281	0.209021	0.155422	-0.00574449	0.00247841	0.0013231600000000005	-0.0027529484000000004	-0.1101386808	0.0902587313	0.049447801900000005	-0.0004186221	-0.0352057245	0.09171694
-0.0595882941	-0.0189578082	0.08355207469999999	-0.0866569108	0.025987339100000003	0.0194961	0.237078	0.149085	-0.00602146	0.00215184	0.0006800910000000001	0.0343315244	0.0330771338	-0.0870167839	-0.016316648700000002	-0.0270997658	0.0509195327	0.10827774000000004
-0.060602597	-0.0163717072	0.0816496581	-0.0885950699	0.0322459684	0.0175056	0.22113899999999997	0.198037	-0.00624739	0.00272841	0.0008296139999999999	0.1083794432	0.0259545203	0.07739821599999999	-0.0116583829	-0.0379539149	-0.014923087	0.11448265000000002
-0.0616050853	-0.01377284	0.0796040002	-0.0902569478	0.0383474985	0.0130624	0.243637	0.153567	-0.00621946	0.00217246	0.000401951	-0.0860017732	-0.0527564618	-0.0538833042	-0.1091938529	-0.0602022037	0.0142387221	0.12198835000000002
-0.0625955636	-0.0111632332	0.0774186899	-0.0916373619	0.0442622034	0.00291581	0.21509899999999998	0.174836	-0.00592257	0.0021791999999999996	0.000611375	0.0102072509	-0.0761437508	0.0104866128	0.0536598511	0.0474838069	-0.0280670869	0.0856062899999999
-0.0635738388	-0.0085449216	0.0750975609	-0.0927320076	0.0499612674	0.012642	0.23448000000000002	0.14766300000000002	-0.00630086	0.00225088	0.00023232	0.007121068100000002	0.1002487811	-0.0244987462	-0.1046892208	-0.0095344539	-0.0316188224	0.09773143999999996
-0.0645397201	-0.005919946999999999	0.07264468519999999	-0.0935374711	0.055416925	0.00461486	0.21678200000000009	0.21563200000000002	-0.00613733	0.0024066999999999995	0.000373432	-0.0315145545	-0.0094865707	0.1853905784	0.0377214848	-0.0228283065	0.0192698166	0.11671724
-0.0654930192	-0.0032903561	0.0700643661	-0.0940512406	0.060602597	0.00533146	0.21921300000000002	0.149196	-0.00614984	0.00237333	0.000395225	-0.077292229	0.0896950037	-0.0894574487	0.0682905429	-0.0613453743	0.0543376791	0.07296724999999997
-0.0664335504	-0.0006581995	0.0673611302	-0.094271714	0.0654930192	0.00286503	0.257444	0.229015	-0.00721367	0.00240207	0.000488398	0.118396353	0.0138580514	0.102118259	0.0353955286	0.08197830910000001	-0.0467812061	0.17980358
-0.0673611302	0.0019744703	0.0645397201	-0.0941982038	0.0700643661	-0.000997954	0.216092	0.178371	-0.00631592	0.00272841	0.000344631	-0.1212382378	-0.0431458657	-0.0346221008	-0.1245036863	-0.068652702	0.0444417092	0.164251834
-0.0682755779	0.0046056005	0.0616050853	-0.0938309391	0.0742943663	-0.0118069	0.283973	0.241992	-0.007933219999999998	0.00272841	0.00050906	0.0095363905	-0.09140159	0.020015266	0.08735846789999999	0.0797484106	-0.0363310858	0.23139739599999995
-0.069176715	0.007233139300000002	0.0585623743	-0.0931710653	0.0781624119	-0.008133259999999998	0.231746	0.179504	-0.00621293	0.00272841	0.000449103	0.0616857974	0.0050970841	-0.0667974193	-0.074200455	-0.0631662563	0.0448154858	0.20740099
-0.0700643661	0.009855038	0.055416925	-0.0922206402	0.0816496581	-0.0007874039999999999	0.290232	0.248182	-0.00771081	0.00272841	0.0006580510000000001	-0.0012148878	-0.0541569097	0.0968091778	-0.0025771379	0.0869925906	-0.0292460158	0.21985125600000002
-0.0709383579	0.0124692521	0.0521742556	-0.0909826276	0.08473911529999999	-0.00110002	0.229971	0.191456	-0.00684015	0.00272841	0.000364079	-0.0515694901	0.0798953427	-0.1276099748	0.0670951538	-0.0698724197	0.1008681258	0.17553121600000002
-0.0717985202	0.0150737429	0.048840054800000005	-0.0894608883	0.0874157321	-0.0007833019999999999	0.299736	0.26729899999999995	-0.00825988	0.00272841	0.000613383	0.0327794686	0.0882539673	0.0773834228	0.0015037106	0.0929635727	-0.042443972	0.22937641800000005
-0.07264468519999999	0.0176664798	0.045420172	-0.0876601678	0.0896664683	-0.00082463	0.217261	0.19430899999999998	-0.00698518	0.00272841	0.000633778	-0.1241665272	0.0439396192	-0.0670638864	0.0544840559	-0.06835456919999999	-0.0008748464999999999	0.220261078
-0.073476688	0.0202454408	0.0419206067	-0.08558608150000001	0.0914803584	-0.0176253	0.290873	0.259179	-0.00785137	0.00261735	0.000764865	0.0643576835	0.102114458	0.08627949970000001	0.020313647	0.0780158721	-0.06370453969999999	0.21069952
-0.0742943663	0.0228086151	0.0383474985	-0.0832450974	0.0928485654	-0.021707	0.22091599999999997	0.192511	-0.00674818	0.00242009	0.00059267	-0.0837571119	0.0118947743	0.0598532443	-0.0983171649	-0.1322954478	0.06326259690000001	0.21433895
-0.0750975609	0.0253540038	0.0347071157	-0.0806445158	0.0937644235	-0.014775899999999996	0.301838	0.20895100000000005	-0.00752563	0.0023143	0.0006912610000000001	-0.0290126776	-0.0571229251	0.0178190058	0.0827745669	0.0951708248	-0.0317395473	0.15338465
-0.075886115	0.0278796223	0.0310058448	-0.0777924467	0.0942234708	-0.0123416	0.237134	0.177293	-0.0070412999999999995	0.00272841	0.000364474	0.052370470700000005	0.0236708537	0.0056381388	-0.027359355	-0.04204777480000002	0.0766444694	0.16005764999999994
-0.07665987490000001	0.0303835011	0.0272501791	-0.0746977839	0.0942234708	-0.0181902	0.315092	0.238533	-0.00842146	0.00272841	0.000537671	-0.0030510325	-0.0072962307999999984	0.0617857245	0.0079829054	0.1138632756	0.0453542492	0.22271445
-0.0774186899	0.0328636878	0.023446707400000003	-0.0713701783	0.0937644235	-0.0202468	0.230287	0.21043299999999998	-0.00647481	0.00272841	0.00047313300000000004	-0.0847560272	-0.063522893	-0.0719274868	0.0475680062	0.0087446848	0.0058194273	0.215521
-0.0781624119	0.0353182483	0.0196021022	-0.0678200068	0.0928485654	-0.029395099999999997	0.32768	0.247221	-0.00804533	0.00249649	0.000448771	0.1045364826	-0.0209205173	-0.0373781897	0.0346211608	0.1053820526	-0.0461736876	0.2346694
-0.078890896	0.0377452688	0.015723108200000002	-0.0640583405	0.0914803584	-0.0355194	0.232906	0.232938	-0.00720956	0.00259098	0.0007562289999999998	-0.0098440855	0.0308414655	0.0281772511	-0.0771015148	-0.0879275156	0.0591327422	0.17706719999999998
-0.0796040002	0.0401428566	0.0118165306	-0.0600969101	0.0896664683	-0.0248496	0.314847	0.223025	-0.00860931	0.00218011	0.00048276	-0.0334456302	-0.0093595386	0.0090953748	0.08932932810000001	0.1486745142	0.0123669288	0.20672825
-0.0803015854	0.0425091422	0.0078892227	-0.0559480692	0.0874157321	-0.0190762	0.238994	0.240315	-0.007578889999999999	0.00239005	0.000366848	0.0743483333	0.0377242648	0.0567781496	0.0308635072	-0.042842457	0.0764064636	0.16673
-0.08098351570000001	0.0448422805	0.0039480745	-0.0516247558	0.08473911529999999	-0.0360564	0.32600300000000004	0.23913299999999998	-0.00792975	0.00259977	0.000326635	0.0108405602	0.005323593000000001	-0.0001232544	-0.0199839797	0.0068019554	0.0166813703	0.13521084999999994
-0.0816496581	0.0471404521	0.0	-0.0471404521	0.0816496581	-0.0311964	0.211326	0.21605500000000002	-0.00766905	0.00241946	0.000588167	-0.0597517179	-0.0782680346	-0.0487484826	0.0705344091	-0.059567723	-0.0343633161	0.17774210000000001
-0.0822998827	0.049401865	-0.0039480745	-0.0425091422	0.0781624119	-0.025839499999999998	0.322713	0.24802800000000005	-0.008479159999999998	0.002491	0.000287505	0.1033023771	-0.014751741	-0.0294404823	-0.019898536100000003	-0.044964724000000005	-0.061238377300000015	0.20783249999999998
-0.0829340628	0.0516247558	-0.0078892227	-0.0377452688	0.0742943663	-0.018389199999999998	0.231751	0.25758200000000003	-0.00807644	0.00272841	0.00047913	0.0622633356	-0.026337764	-0.0276998535	-0.1010866477	-0.088080539	-0.0790672271	0.14955404999999994
-0.08355207469999999	0.0538073912	-0.0118165306	-0.0328636878	0.0700643661	-0.0245336	0.33028	0.26493	-0.00854287	0.00232069	0.00037249699999999995	-0.0177618558	-0.0604241588	-0.0130169048	0.0143110892	0.0049603591	-0.1152388601	0.16106054999999994
-0.084153798	0.0559480692	-0.015723108200000002	-0.0278796223	0.0654930192	-0.018237299999999998	0.233199	0.25590100000000005	-0.00722476	0.00272841	0.000621467	-0.0265688596	-0.07067952	-0.098797166	0.0941504237	-0.0123175309	-0.0401911354	0.21114629999999998
-0.08473911529999999	0.0580451205	-0.0196021022	-0.0228086151	0.060602597	-0.021149200000000003	0.32871300000000003	0.288431	-0.00867445	0.00242177	0.000356046	0.0675249193	-0.0541013272	-0.0545746968	0.0108079524	0.0290414467	0.0018485181	0.23204345
-0.0853079126	0.0600969101	-0.023446707400000003	-0.0176664798	0.055416925	-0.026057999999999998	0.240576	0.288984	-0.007815100000000002	0.00272841	0.0006900439999999999	0.1211221761	-0.014485513500000003	7.82367e-05	-0.084502063	-0.0382270846	0.0011996709	0.16859819999999998
-0.08586007890000001	0.0621018379	-0.0272501791	-0.0124692521	0.0499612674	-0.024462599999999998	0.32784	0.310317	-0.00904666	0.00272841	0.0006307	-0.0352399643	-0.0100124605	-0.0113516587	-0.0218417643	0.052541297300000005	0.0318614208	0.1747376
-0.0863955067	0.0640583405	-0.0310058448	-0.007233139300000002	0.0442622034	-0.0335081	0.23324699999999998	0.287674	-0.00831274	0.00272841	0.000675501	-0.0252762209	-0.0416840258	-0.0487617271	0.0887709482	0.0290892157	0.0256704679	0.16521755
-0.0869140914	0.06596489230000001	-0.0347071157	-0.0019744703	0.0383474985	-0.0356062	0.329704	0.351088	-0.00935513	0.00272841	0.000367286	0.0279599019	0.061317863	0.0008765992	-0.0381491694	0.0688008693	0.0212951618	0.22949935
-0.0874157321	0.0678200068	-0.0383474985	0.0032903561	0.0322459684	-0.027988700000000002	0.250811	0.30333699999999997	-0.008254849999999998	0.00272841	0.0006874339999999999	0.0009341198	-0.0124735878	0.0567743176	-0.1054756821	-0.0400580329	0.0539685163	0.20528289999999996
-0.0879003309	0.06962223719999999	-0.0419206067	0.0085449216	0.025987339100000003	-0.025087799999999997	0.335448	0.340237	-0.00982046	0.00247987	0.000665947	-0.05511846	-0.0087101815	-0.0012295658	-0.0058870349	0.1079451571	-0.0191234527	0.21621975
-0.0883677934	0.0713701783	-0.045420172	0.01377284	0.0196021022	-0.027299599999999997	0.24196199999999998	0.31914699999999996	-0.00871392	0.00237952	0.0007935339999999999	0.0248391371	0.0043181605	-0.0449097124	0.1059687099	0.014233738	0.0981732122	0.18351165
-0.0888180284	0.0730624671	-0.048840054800000005	0.0189578082	0.0131213658	-0.0187476	0.333999	0.358654	-0.00990151	0.00230048	0.000662265	0.0311387429	0.068233055	0.0124860432	-0.077121883	0.0574895789	0.0016827837	0.20999095
-0.0892509482	0.0746977839	-0.0521742556	0.024083657	0.0065767034	-0.023147400000000002	0.24953699999999998	0.314458	-0.00845301	0.00225601	0.000675258	-0.0753400913	-0.1104842889	0.0326503042	-0.0044460958	-0.022437314	-0.0127698161	0.20835595
-0.0896664683	0.0762748537	-0.055416925	0.0291344016	0.0	-0.035810800000000004	0.321913	0.38892899999999997	-0.0103073	0.00246722	0.0008908160000000002	-0.0394199929	-0.0010496885	-0.0836676461	0.0350549099	0.0287882705	-0.059384997	0.27356329999999995
-0.09006450769999999	0.0777924467	-0.0585623743	0.034094291400000004	-0.0065767034	-0.0441171	0.275812	0.341387	-0.00901959	0.0026333000000000003	0.000545268	0.08066769559999999	-0.0524788856	-0.0706205276	0.0172628872	-0.0606960645	-0.015055764	0.19191620000000006
-0.0904449889	0.0792493794	-0.0616050853	0.0389478592	-0.0131213658	-0.0456736	0.33692	0.382774	-0.0101338	0.00311028	0.000365963	0.0584833448	-0.0102339265	-0.0595238011	-0.0479701254	0.0323129916	-0.009119531	0.1925762500000001
-0.0908078376	0.0806445158	-0.0645397201	0.0436799691	-0.0196021022	-0.018121099999999998	0.276565	0.294257	-0.00881634	0.0027713	0.000617823	-0.0187872315	-0.0708723955	0.097947079	-0.0384692427	-0.0595855256	0.0478130499	0.2718395
-0.0911529832	0.0819767681	-0.0673611302	0.0482758643	-0.025987339100000003	-0.034837	0.300809	0.364786	-0.00994149	0.00296041	0.000542642	-0.10966664539999996	0.0545912663	0.0175700777	0.0319391177	0.0408155317	-0.0151825914	0.18096095000000004
-0.0914803584	0.0832450974	-0.0700643661	0.0527212125	-0.0322459684	-0.0349051	0.308792	0.32806599999999997	-0.00940231	0.00277747	0.000475279	0.0512937462	0.061157420199999986	0.043104070300000005	0.0504815526	-0.0613280056	0.08867426789999999	0.08424525
-0.0917898992	0.08444851460000001	-0.07264468519999999	0.0570021512	-0.0383474985	-0.0415727	0.27918899999999996	0.410708	-0.0104243	0.00281876	0.000560889	-0.0102726526	0.0580838345	0.0614749763	-0.0125860971	0.0599214682	0.0370430526	0.1763570999999999
-0.0920815455	0.08558608150000001	-0.0750975609	0.0611053303	-0.0442622034	-0.0370175	0.277767	0.337845	-0.00952037	0.00306125	0.0004925859999999999	-0.1023212703	-0.0450848328	0.030850047400000007	0.09168958	-0.0479299655	0.0228432371	0.13957635
-0.0923552402	0.0866569108	-0.0774186899	0.0650179541	-0.0499612674	-0.0361587	0.333398	0.41480100000000003	-0.010482600000000002	0.00282164	0.00083601	-0.0209385949	0.0362419608	-0.0202195764	0.0588764112	0.0549686556	0.0455836672	0.210709
-0.0926109301	0.0876601678	-0.0796040002	0.0687278213	-0.055416925	-0.037097500000000005	0.278269	0.348668	-0.00924857	0.00232229	0.000710745	0.0578450512	-0.0050562887	0.0729046206	-0.0497161388	0.006032263299999999	0.0409470138	0.21513305
-0.0928485654	0.0885950699	-0.0816496581	0.0722233627	-0.060602597	-0.0369408	0.304323	0.4255640000000001	-0.010323	0.00238291	0.000710872	-0.0590185774	0.0029943512	0.0464095307	-0.0427072483	0.072102268	-0.0038675297	0.15986555000000008
-0.0930680996	0.0894608883	-0.08355207469999999	0.0754936776	-0.0654930192	-0.048061	0.273467	0.37790999999999997	-0.00905443	0.00221597	0.000233059	0.0088789862	0.0518565947	-0.051570946900000005	0.1275555641	-0.044916131	0.0769837783	0.18529635
-0.09326949	0.0902569478	-0.0853079126	0.0785285677	-0.0700643661	-0.0474875	0.319207	0.48412799999999995	-0.010883499999999999	0.00276315	0.0008077739999999999	0.0236852571	0.0883456983	0.010777589	-0.0478826699	0.0353347862	-0.0251405065	0.30007975000000003
-0.0934526974	0.0909826276	-0.0869140914	0.0813185686	-0.0742943663	-0.036526499999999996	0.26947600000000005	0.387226	-0.00878111	0.00275032	0.000623401	-0.029008029	-0.1078177102	0.0411316056	-0.0373547299	-0.08887789230000001	-0.0434072696	0.27257365
-0.0936176859	0.0916373619	-0.0883677934	0.0838549798	-0.0781624119	-0.0362859	0.313582	0.498199	-0.0108369	0.00261009	0.000959114	-0.017863489	-0.0033400727	-0.0848443931	-0.0214065783	0.0719951006	-0.08532556990000001	0.28190625
-0.0937644235	0.0922206402	-0.0896664683	0.0861298917	-0.0816496581	-0.0425375	0.286107	0.356113	-0.00926881	0.00255076	0.0006622630000000001	0.1220472332	-0.0453187915	0.0832372911	-0.0488141108	-0.0543043069	-0.042511365	0.27202615
-0.0938928815	0.0927320076	-0.0908078376	0.08813621	-0.08473911529999999	-0.0365409	0.27079899999999996	0.438942	-0.00957122	0.00263925	0.0007117610000000001	-0.0665401246	0.016815822299999998	0.0190760509	-0.0621726719	0.022422922400000003	-0.0056675795	0.12615349999999995
-0.094003035	0.0931710653	-0.0917898992	0.089867678	-0.0874157321	-0.0380083	0.30809899999999996	0.381402	-0.00905473	0.0020418	0.000262256	-0.0246044833	0.07658674480000001	-0.0228240006	0.1354547763	-0.015692074099999998	0.0652184804	0.17447965
-0.0940948623	0.0935374711	-0.0926109301	0.0913188962	-0.0896664683	-0.0360668	0.282442	0.43691899999999995	-0.00902225	0.00277165	0.000962471	0.0263448434	0.0866568508	-0.0108503428	-0.035782861400000004	0.0222661364	-0.0437907826	0.15624275
-0.0941683457	0.0938309391	-0.09326949	0.092485339	-0.0914803584	-0.0368657	0.312281	0.390675	-0.00974654	0.00248971	0.000646465	-0.0292623338	-0.047595541	0.0440108117	0.007192334599999998	-0.0729392838	0.0193074601	0.14299369999999986
-0.0942234708	0.0940512406	-0.0937644235	0.0933633689	-0.0928485654	-0.0363513	0.260712	0.4421600000000001	-0.00908618	0.00255446	0.00104445	-0.0533583519	-0.0827657973	-0.0734016557	-0.0419944397	-0.0027778373	-0.0983732901	0.15972314999999998
-0.0942602268	0.0941982038	-0.0940948623	0.0939502478	-0.0937644235	-0.0374592	0.333549	0.4474770000000001	-0.0100369	0.00206266	0.0006891110000000001	0.0466140285	0.0345660339	-0.0282260214	0.0092897942	-0.0491403801	-0.0099053335	0.16915485000000002
-0.0942786066	0.094271714	-0.0942602268	0.0942441455	-0.0942234708	-0.0308619	0.26760900000000004	0.4724930000000001	-0.0096626	0.00248519	0.000968372	0.0377976526	0.0584321124	0.0104995454	-0.0560860586	-0.0386389489	-0.045713386	0.15135785
