0.0826180512	0.0826144894	0.0826085531	0.0826002426	0.0825895581	0.08257649980000001	0.0825610682	0.000133044	0.100357	-0.0169326	-0.00170162	-0.0	0.000145848	0.0535269427	0.0443326509	-0.016915212199999998	0.08765513109999999	-0.4523960473	0.0984369098	0.0
0.0826085531	0.08257649980000001	0.0825230869	0.0824483281	0.0823522428	0.0822348559	0.0820961977	0.000276506	0.0711403	0.0116425	-0.00141471	-0.0	0.000303524	0.0273363796	0.0498416787	0.0491989982	0.0221255082	-0.320381412	0.0454749435	0.08016456199999998
0.0825895581	0.0825005382	0.0823522428	0.0821447785	0.0818782943	0.0815529816	0.0811690742	0.00022799999999999999	0.143368	0.0457765	-0.00248854	-0.0	0.0002269440000000001	0.0225577838	0.0309404102	0.0729811278	-0.077706952	-0.0957157916	0.0173569096	0.163930706
0.0825610682	0.0823866395	0.0820961977	0.0816901521	0.0811690742	0.0805336979	0.079784918	0.000291967	0.0979184	0.0238935	-0.0015517	-0.0	0.000288579	0.0088704725	0.0500512184	0.0690897385	-0.0214630228	-0.0613651239	-0.0040096876	0.11732031699999998
0.0825230869	0.0822348559	0.0817552165	0.0810852849	0.08022662059999999	0.0791812221	0.0779515227	0.00693537	0.09688939999999999	0.011942	-0.00103517	-0.0	0.000476266	0.0109926145	0.0446458172	0.0213110149	-0.1245893631	-0.007015199200000001	-0.0195467837	0.05483475300000002
0.08247561839999999	0.0820452574	0.0813296518	0.0803312895	0.0790536414	0.0775011496	0.07567921150000001	0.00034674300000000005	0.123583	0.00960105	-0.00109284	-0.0	0.000333587	-0.030968909	0.035827124	-0.0186073436	-0.026439336	0.0580325396	0.0388277672	0.045640627
0.0824186682	0.0818179311	0.0808199441	0.0794295525	0.0776535072	0.0755004314	0.0729807789	9.630120000000001e-05	0.0819791	0.015397999999999997	-0.00130829	9.701080000000001e-24	8.340429999999997e-05	-0.0177906043	-0.0055354356	0.0016726127	-0.0725115087	0.0830921133	-0.04490943730000002	0.07093292679999999
0.0823522428	0.0815529816	0.08022662059999999	0.0783817324	0.0760302412	0.07318734519999999	0.0698714189	0.000300614	0.125661	0.032206099999999994	-0.00218658	1.29636e-22	0.00029892	-0.0298101722	-0.0301498159	-0.0062982602	-0.0578155333	0.0917958145	-0.0329908822	0.11538459779999999
0.08227635	0.0812505306	0.0795502952	0.0771897563	0.0741885076	0.0705714608	0.06636863900000001	0.00293923	0.12873800000000002	0.0183258	-0.00146862	4.9063600000000005e-23	0.00022626599999999998	-0.034798202599999994	-0.0466122174	-0.0128339271	0.0401836877	0.122713281	-0.0995799555	0.059126616000000014
0.0821909983	0.0809107173	0.0787916676	0.0758558164	0.0721335987	0.06766360099999999	0.0624921622	0.00017356900000000002	0.0989706	0.0141285	-0.00177073	-3.49807e-23	0.00016132	-0.0001019852	-0.0756511436	0.0210382127	-0.0367899037	0.0218006384	-0.1221214059	0.055083161
0.0820961977	0.0805336979	0.0779515227	0.0743823661	0.0698714189	0.0644757965	0.0582638153	6.14967e-05	0.142292	0.020202200000000003	-0.00108619	-0.0	4.4166300000000004e-05	0.030797994900000007	-0.0953934603	-0.0400492815	-0.0652231924	0.0310839273	-0.0381929961	0.08959185730000001
0.081991959	0.0801196458	0.0770307297	0.07277211509999999	0.06740846860000001	0.0610212361	0.0537074066	4.3744799999999995e-05	0.105236	-0.00381232	-0.00221755	-0.0	3.87158e-05	0.0782499852	-0.0837796509	-0.0732439805	0.0840548258	0.0880872794	-0.0593386225	0.1179287969
0.0818782943	0.0796687514	0.0760302412	0.0710280251	0.06475182480000001	0.0573142124	0.048848591600000005	0.00016528799999999998	0.116249	-0.031996699999999996	-0.00224842	-0.0	0.000163154	0.0947654502	-0.1147765394	-0.0310162958	0.046615935	0.0911018503	0.0112235323	0.047084333200000016
0.0817552165	0.0791812221	0.0749510924	0.0691533037	0.0619091212	0.0533700625	0.0437147285	0.00339608	0.13889200000000002	-0.00011704	-0.00285215	-9.812720000000001e-23	0.00022626599999999998	0.1106841713	-0.0741585621	0.0044060292	0.1113614648	0.058324442699999986	0.0457371101	0.09109555199999997
0.08162273980000001	0.0786572819	0.0737943996	0.0671513987	0.0588885262	0.0492051046	0.0383347241	0.00310807	0.12228199999999999	-0.0113446	-0.00247949	-0.0	0.000158037	0.1165629646	-0.0140583985	0.0318177398	0.0553045641	-0.0093265303	-0.0810012517	0.05017001999999999
0.0814808795	0.0780971719	0.0725613598	0.0650259921	0.0556987191	0.0448365703	0.0327388711	0.00022366400000000002	0.101296	-0.0155216	-0.00153428	-0.0	0.00022626599999999998	0.0730171458	0.0574494493	0.002642212	-0.0509804059	-0.0654853649	-0.0397105804	0.07871935599999999
0.0813296518	0.0775011496	0.0712532484	0.0627809927	0.0523488658	0.0402825336	0.0269586778	9.876160000000004e-05	0.136973	0.019221900000000004	-0.00243406	-0.0	9.636030000000004e-05	0.0142345306	0.0667240915	-0.0350575273	0.0365956223	0.001767229	0.0166385074	0.1220296874
0.0811690742	0.076869489	0.0698714189	0.06042052940000001	0.048848591600000005	0.035561835800000004	0.0210266903	0.0026819	0.0912152	-0.00559932	-0.00141648	-0.0	0.000312916	-0.0012978646	0.0584591851	-2.68588e-05	0.009850855	0.00379321	-0.0099412105	0.13486894340000002
0.08099916509999999	0.0762024808	0.0684173009	0.0579489435	0.0452079546	0.030694008	0.0149763093	0.00014188299999999998	0.12985	-0.0009450810000000001	-0.00229291	-0.0	0.000138255	0.0188435202	0.0788693926	0.004269928	0.0203354765	0.0403274948	0.0287661636	0.09838360599999996
0.0808199441	0.0755004314	0.0668923989	0.0553707806	0.0414374156	0.0256991899	0.0088416023	0.00843791	0.0913537	-0.00437893	-0.00180804	-0.0	0.000476266	-0.003896148400000001	0.0626576576	0.0298019407	0.0528791634	0.0230266836	-0.018505112	0.091370226
0.0806314317	0.0747636639	0.0652982905	0.0526907823	0.0375478092	0.0205980464	0.0026571115999999995	0.000296208	0.138181	0.0120083	-0.001961	1.7960899999999995e-23	0.00028555599999999996	-0.0194643408	0.0276398721	0.0191802116	-0.052015827300000005	0.0288701052	0.0083341206	0.08853973200000001
0.0804336496	0.07399251700000001	0.0636366248	0.0499138777	0.0335503118	0.0154116826	-0.0035423403000000007	7.53898e-05	0.12699000000000002	0.00220792	-0.00158574	-0.0	6.12977e-05	-0.08024622299999999	0.0204252163	-0.0169480267	0.0394134249	0.0418205845	0.0564409233	0.05118811320000001
0.08022662059999999	0.07318734519999999	0.0619091212	0.0470451738	0.0294564099	0.010161556	-0.0097218466	0.000361694	0.103573	-0.00522392	-0.00195362	-1.0587899999999999e-22	0.00035858300000000005	-0.0629455032	0.0331406017	-0.0022567131	-0.0448364487	0.0096582223	-0.0129328288	0.0643934092
0.0800103684	0.07234851889999999	0.0601175669	0.044089946500000005	0.0252778672	0.004869388	-0.0158466129	0.000478478	0.11961400000000001	-0.00483455	-0.00203032	-0.0	0.000476266	-0.0532795158	0.0653787968	-0.0033839469	-0.0553934161	0.0390812771	0.0209695941	0.026266304
0.079784918	0.0714764238	0.0582638153	0.0410536312	0.0210266903	-0.0004429262	-0.0218821528	0.00047848199999999996	0.11000499999999999	-0.010305000000000002	-0.000836533	-0.0	0.000476266	-0.0601175626	0.0741972343	0.0185853399	-0.0099308128	0.0312785663	0.0670482863	0.07476880400000001
0.0795502952	0.0705714608	0.05634978440000001	0.0379418119	0.0167150947	-0.005753407800000001	-0.0277944824	0.00047848	0.0908303	-0.00933234	-0.00137064	-0.0	0.000476266	-0.06088293700000001	0.0296110196	-0.0014027223999999998	-0.024169255	0.0022993699	0.0314313149	0.046852712000000005
0.079306527	0.06963404620000001	0.0543774543	0.0347602118	0.0123554694	-0.0110400859	-0.0335503118	0.000103515	0.11195799999999999	-0.00698961	-0.00177259	-0.0	0.000104246	-0.0727918752	0.0088700124	-0.054255464100000005	-0.0739396854	0.0346049907	0.0157838197	0.062543895
0.0790536414	0.068664611	0.0523488658	0.0315146823	0.0079603416	-0.0162810877	-0.0391172318	0.00029434700000000003	0.120519	-0.00333009	-0.00207305	-1.2904199999999998e-22	0.000297551	-0.0906420096	0.06632316889999999	-0.0564662809	0.029057078	0.0848368259	0.029937604500000006	0.037099602
0.0787916676	0.06766360099999999	0.0502661174	0.0282111925	0.0035423403000000007	-0.0214547298	-0.0444638974	0.000293282	0.09951130000000001	-0.0237257	-0.00109819	-1.00074e-23	0.000290292	-0.0526088397	0.0778752551	-0.0158877405	-0.0244100939	0.0342784093	-0.0497457572	0.090510325
0.0785206355	0.06663147650000001	0.0481313641	0.024855818	-0.0008858397	-0.0265396073	-0.0495602034	0.000296106	0.152583	-0.007512699999999998	-0.0021531	-0.0	0.00029844	-0.07817084980000001	0.036779806	-0.0031981021	-0.012169393200000002	0.0814075938	0.060294086	0.122440424
0.0782405765	0.0655687121	0.0459468144	0.0214547298	-0.0053114742	-0.0315146823	-0.0543774543	0.00047848199999999996	0.103154	0.00816265	-0.00166808	-0.0	0.000476266	-0.0813486732	-0.0332452387	-0.0076297031	0.0156077995	0.0508512493	-0.0064369623	0.098429026
0.0779515227	0.0644757965	0.0437147285	0.018014183200000002	-0.0097218466	-0.0363593716	-0.0588885262	0.000301843	0.117656	-0.021234	-0.00195329	-1.3149799999999998e-22	0.000303215	-0.068238498	-0.0436533613	-0.0114045987	-0.0407673757	0.0750586437	-0.1156138387	0.06698833900000001
0.0776535072	0.0633532322	0.0414374156	0.0145405056	-0.014104284	-0.0410536312	-0.0630680188	0.000226301	0.13714500000000002	-0.000704095	-0.00152306	-4.8873199999999995e-23	0.000225388	-0.0961256026	-0.0407658101	-0.004108663	0.0580727537	0.0972241376	0.002662854	0.065497297
0.0773465645	0.0622015356	0.0391172318	0.0110400859	-0.0184461937	-0.0455780395	-0.0668923989	0.000478478	0.0906666	0.00400249	-0.00131515	-1.0327399999999999e-22	0.000476266	-0.0769210952	-0.06459837730000001	0.0314375406	-0.0071224681	0.0182654423	-0.0424245186	0.07437656200000001
0.0770307297	0.0610212361	0.0367565777	0.0075193617	-0.0227350996	-0.0499138777	-0.0703401329	0.00028425	0.160413	-0.000170967	-0.00204418	1.23171e-22	0.000284014	-0.0422023185	-0.0900724621	-0.0309891031	-0.0543123096	0.014547441	0.0522594616	0.12017818500000002
0.0767060391	0.0598128765	0.0343578954	0.0039848083	-0.0269586778	-0.0540432071	-0.073391808	0.00047848199999999996	0.07626669999999999	-0.0241801	-0.00144526	-1.0327399999999999e-22	0.000476266	0.0155695156	-0.0981617819	-0.0713670702	0.0783428173	-0.0204729576	-0.0660133599	0.14790826499999998
0.0763725302	0.0585770125	0.0319236667	0.0004429262	-0.0311047922	-0.0579489435	-0.0760302412	0.00047848	0.09582360000000001	-0.035789	-0.00122407	1.0327399999999999e-22	0.000476266	0.031736620099999995	-0.1444241399	-0.0711920266	-0.0004929947	-0.0133876284	0.0089739725	0.042225301999999985
0.0760302412	0.0573142124	0.0294564099	-0.0030997705	-0.0351615291	-0.0616149276	-0.0782405765	0.000478485	0.122794	-0.029636900000000008	-0.0017262899999999995	-0.0	0.000476266	0.0506511321	-0.1086437422	-0.0673957832	0.1079517733	-0.012134705700000002	0.0321215228	0.058233505
0.07567921150000001	0.0560250569	0.0269586778	-0.0066367663	-0.0391172318	-0.0650259921	-0.0800103684	-0.00563206	0.0970359	-0.07948729999999997	-0.00184378	-2.14364e-22	0.000476266	0.1001722148	-0.0957336361	-0.0019993424	-0.0102238452	0.0604658805	-0.027705714500000003	0.087593545
0.0753194814	0.0547101387	0.0244330544	-0.010161556	-0.042960534	-0.06816802450000001	-0.0813296518	0.000478481	0.161825	-0.0562607	-0.00264714	-2.0654799999999998e-22	0.000476266	0.0816045572	-0.0439688426	-0.0225844312	0.0735982031	0.021791696	0.1137279596	0.134294241
0.0749510924	0.0533700625	0.0218821528	-0.013667657	-0.0466803921	-0.0710280251	-0.0821909983	0.000478471	0.10384700000000001	-0.07241129999999997	-0.00200564	2.0654799999999998e-22	0.000476266	0.058878168	0.009207499	0.023712339	0.0982256344	-0.00290892	0.0054926667	0.10620361
0.0745740866	0.0520054446	0.019308612	-0.017148621200000002	-0.0502661174	-0.0735941614	-0.0825895581	0.00047848	0.13998600000000005	-0.081501	-0.00171528	-0.0	0.000476266	0.0465848421	0.0687838573	0.026759179	-0.0134715955	-0.0292699161	0.0565998537	0.059746709000000016
0.0741885076	0.0506169125	0.0167150947	-0.0205980464	-0.0537074066	-0.0758558164	-0.0825230869	-0.007861669999999998	0.144799	-0.043308099999999995	-0.00239695	-0.0	0.000476266	0.0150241542	0.0889407916	0.0212571611	0.0935382483	-0.0272658626	0.086217954	0.08542955
0.0737943996	0.0492051046	0.014104284	-0.0240095886	-0.056994371399999987	-0.077803633	-0.081991959	0.000478477	0.122677	-0.034931199999999996	-0.00224119	-2.0654799999999998e-22	0.000476266	-0.0362110699	0.0487799595	0.0394039814	0.0160322112	-0.0121891377	0.024474529900000003	0.04662704700000001
0.073391808	0.0477706702	0.0114788812	-0.0273769736	-0.0601175669	-0.0794295525	-0.08099916509999999	-0.00459868	0.117243	-0.0273998	-0.00203402	-2.0654799999999998e-22	0.000476266	-0.0587850346	0.050597221	0.0303461155	-0.0519023837	0.0337480432	0.0439877828	0.028401057
0.0729807789	0.0463142688	0.0088416023	-0.030694008	-0.0630680188	-0.080726848	-0.0795502952	-0.00714392	0.129993	-0.025797300000000002	-0.00151706	1.0327399999999999e-22	0.00047626699999999994	-0.0741864557	0.0594233176	0.0568315932	0.0782545775	0.013034766	0.0458533304	0.042745790000000006
0.0725613598	0.0448365703	0.0061951761	-0.0339545915	-0.0658372492	-0.0816901521	-0.0776535072	0.00047848199999999996	0.09339910000000001	-0.0280241	-0.0013428200000000006	-1.0587899999999999e-22	0.00047626699999999994	-0.079934728	0.0225591786	0.0706361047	-0.0161877163	0.0123612319	0.0379522693	0.055155102000000004
0.0721335987	0.04333825400000002	0.0035423403000000007	-0.0371527273	-0.0684173009	-0.0823154793	-0.0753194814	-0.0201422	0.16739500000000002	0.010097700000000001	-0.0024136999999999995	0.00033729699999999997	0.000626871	-0.0918802428	-0.0229007835	0.0503056613	-0.0358072711	0.0180025131	0.1104015883	0.210677432
0.0716975448	0.0418200091	0.0008858397	-0.0402825336	-0.0708007604	-0.0826002426	-0.0725613598	-0.017018900000000003	0.06842260000000001	-0.00987111	-0.0011612800000000006	0.00035340800000000004	0.000664757	-0.0387456326	-0.0491130496	-0.0002155319	-0.007716904799999999	-0.0591780136	-0.0466248705	0.18738536
0.0712532484	0.0402825336	-0.0017715775	-0.04333825400000002	-0.0729807789	-0.0825432638	-0.0693946722	-0.0198199	0.139356	-0.00589279	-0.00135466	0.000445364	0.000735851	-0.036273868	-0.0799542308	-0.0119361137	-0.0641804438	-0.0103343117	0.0954085378	0.09553422
0.0708007604	0.0387265345	-0.0044271617	-0.0463142688	-0.0749510924	-0.0821447785	-0.0658372492	-0.0198696	0.118425	-0.0237389	-0.0009008810000000001	0.00041204699999999997	0.0007658989999999999	-0.006647456899999999	-0.06389797929999999	0.0142522673	0.07803297690000001	-0.0653367507	-0.017702445900000002	0.06468401
0.0703401329	0.0371527273	-0.0070781657	-0.0492051046	-0.0767060391	-0.0814064355	-0.0619091212	-0.0110374	0.101618	-0.0201707	-0.00112382	0.00025	0.000961913	0.0397895464	-0.06811659169999999	0.0032740478000000003	-0.0657567989	-0.0596217039	-0.0064023267000000005	0.058257400000000015
0.0698714189	0.035561835800000004	-0.0097218466	-0.0520054446	-0.0782405765	-0.0803312895	-0.05763240610000001	-0.0199402	0.118334	-0.0248498	-0.00103848	0.000409006	0.000711913	0.0538066792	-0.0626813557	-0.0237783615	0.0339737187	0.0043915891	0.0278839367	0.05501519999999999
0.0693946722	0.0339545915	-0.0123554694	-0.0547101387	-0.0795502952	-0.0789237887	-0.0530311845	-0.0200498	0.12116600000000001	-0.08109010000000001	-0.002133	0.000361873	0.000711913	0.1027519469	-0.0449695529	0.0164234511	-0.0077457375	0.0368367411	-0.0048409364	0.11626455
0.0689099476	0.0323317335	-0.0149763093	-0.0573142124	-0.0806314317	-0.0771897563	-0.0481313641	-0.029954700000000008	0.14821899999999996	-0.0552043	-0.00261885	0.00044667	0.000961913	0.110351874	-0.0085227049	-0.013337901200000002	0.0657471919	0.0271250738	0.0921999344	0.10387605
0.0684173009	0.030694008	-0.0175816548	-0.0598128765	-0.0814808795	-0.0751363666	-0.042960534	-0.0204149	0.115449	-0.0849172	-0.00248118	0.00018483	0.000711913	0.12833615310000002	0.0037005607	0.0083113935	0.0331892179	0.0044599675	0.0116262167	0.1044982
0.0679167887	0.0290421682	-0.0201688105	-0.0622015356	-0.0820961977	-0.07277211509999999	-0.0375478092	-0.026686200000000004	0.174776	-0.11367600000000005	-0.00149956	7.390969999999998e-05	0.000798193	0.1466381319	0.0563741443	-0.011287528	-0.0527790029	-0.0125660672	0.052496105300000005	0.15329811499999998
0.06740846860000001	0.0273769736	-0.0227350996	-0.0644757965	-0.08247561839999999	-0.0701067834	-0.0319236667	-0.020015	0.044741699999999995	-0.07619580000000001	-0.00017680900000000002	0.000262113	0.000961913	0.1104192127	0.1146418723	-0.0176286016	0.024593129100000003	-0.0599307606	-0.1536259016	0.257919415
0.0668923989	0.0256991899	-0.0252778672	-0.06663147650000001	-0.0826180512	-0.0671513987	-0.0261197739	-0.0604976	0.0788998	-0.023085599999999998	-0.0005144009999999999	0.0006335119999999999	0.0008311719999999999	0.0040016079	0.050179145	-0.0288055233	-0.0209147163	-0.1366781141	-0.0265186931	0.1697375
0.06636863900000001	0.0240095886	-0.0277944824	-0.068664611	-0.0825230869	-0.0639181885	-0.0201688105	-0.04767419999999999	0.0735933	-0.0642409	-0.000615105	0.000605567	0.000961913	0.0240184583	0.0230053262	-0.0429404946	-0.0367920745	-0.105953428	-0.0637847174	0.07225470000000002
0.0658372492	0.022308946800000003	-0.0302823417	-0.0705714608	-0.0821909983	-0.06042052940000001	-0.014104284	-0.056369	0.06368500000000002	-0.017622400000000003	-0.000332673	0.000222427	0.000961913	0.0272204592	-0.052481913600000006	-0.0193338828	0.0815434621	-0.1045598623	-0.0502287448	0.09850020000000002
0.0652982905	0.0205980464	-0.0327388711	-0.07234851889999999	-0.08162273980000001	-0.05667289230000001	-0.0079603416	-0.0487464	0.0901362	-0.049664	-0.00010946799999999999	0.000130463	0.000961913	0.0609228951	-0.0371279384	0.0921585281	-0.0011996195	-0.024234214	-0.1116362401	0.08187384999999997
0.06475182480000001	0.0188776742	-0.0351615291	-0.07399251700000001	-0.0808199441	-0.0526907823	-0.0017715775	-0.0736195	0.12528499999999998	-0.0176466	-0.000358655	0.000292473	0.000961913	0.0369089338	-0.015155948	0.1135675884	-0.0661977751	-0.0155691751	0.0351231843	0.11259915000000002
0.064197915	0.017148621200000002	-0.0375478092	-0.0755004314	-0.079784918	-0.0484906747	0.0044271617	-0.07716009999999998	0.0777105	-0.017844400000000003	-0.000219327	0.000663807	0.000663638	-0.0034121945	0.0019188596	0.1097938973	-0.0330140513	-0.0459923655	-0.0359315787	0.09175975
0.0636366248	0.0154116826	-0.0398952426	-0.076869489	-0.0785206355	-0.044089946500000005	0.0106009733	-0.08144229999999998	0.14777	-0.0174523	-0.0005755	0.0006686589999999999	0.0007266609999999998	-0.0101577689	0.014775668	0.06049842480000001	-0.1175017591	-0.0268998996	0.07770257700000001	0.0959362
0.0630680188	0.013667657	-0.0422014006	-0.0780971719	-0.0770307297	-0.039506804900000005	0.0167150947	-0.08012529999999997	0.07291029999999997	-0.017531400000000003	-0.0005047480000000001	0.000615797	0.000593516	-0.0153335258	0.00038258050000000016	0.0078863877	0.0355771449	-0.041234101	-0.1051718158	0.08909375000000001
0.0624921622	0.0119173466	-0.0444638974	-0.0791812221	-0.0753194814	-0.0347602118	0.0227350996	-0.0728545	0.121679	-0.044463800000000005	-0.00110195	0.0008001339999999997	0.0006136340000000001	-0.019056389	0.0396215863	0.0409820368	-0.0525021205	0.016169198	-0.0544684139	0.12305475
0.0619091212	0.010161556	-0.0466803921	-0.0801196458	-0.073391808	-0.0298698051	0.0286270917	-0.09847280000000004	0.10988900000000001	-0.021456	-0.0007540859999999997	0.00102739	0.00030965400000000003	-0.0812507199	0.0288697919	0.0614417471	0.0723794478	-0.0109443438	-0.0193044993	0.1043711
0.061318963	0.0084010927	-0.048848591600000005	-0.0809107173	-0.0712532484	-0.024855818	0.0343578954	-0.0807663	0.113756	-0.077471	0.000145635	0.000626316	0.000486434	-0.0502013533	0.0490350882	0.0431281968	-0.1127534195	0.0260430132	-0.06045717990000001	0.15146725
0.0607217553	0.0066367663	-0.0509662528	-0.0815529816	-0.0689099476	-0.0197389949	0.0398952426	-0.0977071	0.132757	-0.017768599999999996	-0.000328801	0.0007014160000000001	0.000152213	-0.0774759033	0.0132953179	-0.0402937294	0.006185932	0.0356411052	0.0352388114	0.13983205
0.0601175669	0.004869388	-0.0530311845	-0.0820452574	-0.06636863900000001	-0.0145405056	0.0452079546	-0.09704589999999999	0.050919599999999995	-0.029032799999999997	-0.00046155199999999995	0.0009055119999999999	0.000343814	-0.012848497	0.0180934009	-0.0350430729	0.0110464111	-0.046452737300000005	-0.1043776565	0.12018519999999999
0.0595064671	0.0030997705	-0.0550412506	-0.0823866395	-0.0636366248	-0.0092818579	0.0502661174	-0.10144	0.118326	-0.032869300000000004	-0.00096094	0.00107944	0.000560992	-0.0242463446	0.0117057968	-0.0026646394	0.0021794504	0.0228760188	0.0057138287	0.12016169999999995
0.0588885262	0.0013287276999999998	-0.056994371399999987	-0.08257649980000001	-0.0607217553	-0.0039848083	0.0550412506	-0.12302	0.11164500000000001	-0.039063	-0.000420035	0.0006808989999999999	0.000152213	-0.020298049	0.0219017034	0.0217440999	0.0762358581	-0.0169224897	-0.0731263559	0.10186595
0.0582638153	-0.0004429262	-0.0588885262	-0.0826144894	-0.05763240610000001	0.0013287276999999998	0.0595064671	-0.109984	0.101603	-0.07283610000000001	-0.000525548	0.0007289749999999997	0.000292349	-0.0210543962	0.030718444700000007	0.0424217041	-0.0643262302	0.033105237200000005	-0.0790339405	0.07153735
0.05763240610000001	-0.0022143764	-0.0607217553	-0.0825005382	-0.0543774543	0.0066367663	0.0636366248	-0.129326	0.153348	-0.046435199999999996	-0.00133392	0.00110961	0.000224999	-0.029794339500000006	0.0243986324	-0.0181577117	-0.08722562269999999	-0.028628972000000006	0.1366624246	0.16030575000000002
0.056994371399999987	-0.0039848083	-0.0624921622	-0.0822348559	-0.0509662528	0.0119173466	0.06740846860000001	-0.125346	0.07305989999999997	-0.06636339999999999	-0.0005097319999999999	0.000951505	0.00019156700000000002	0.00031625580000000004	-0.0130581884	-0.0628184643	0.0373460414	-0.0643247547	-0.0510694537	0.15498254999999994
0.05634978440000001	-0.005753407800000001	-0.064197915	-0.0818179311	-0.0474086033	0.017148621200000002	0.0708007604	-0.125085	0.116941	-0.0709707	0.00011737799999999999	0.0006625610000000001	0.000252965	0.0200184517	-0.0227069111	-0.0484793381	-0.1210736731	-0.0092592171	-0.0229965674	0.097622
0.0556987191	-0.0075193617	-0.0658372492	-0.0812505306	-0.0437147285	0.022308946800000003	0.0737943996	-0.13866400000000004	0.148931	-0.0815655	-0.00150094	0.00101863	0.000203068	0.0146672867	-0.0092568631	-0.0778723046	-0.0238884691	-0.0270445543	0.0664350653	0.157378
0.0550412506	-0.0092818579	-0.06740846860000001	-0.0805336979	-0.0398952426	0.0273769736	0.0763725302	-0.11982899999999999	0.0585131	-0.08403619999999999	-0.000814623	0.0009836810000000001	0.000237357	0.0494728816	0.0111443477	-0.134587022	-0.0275314899	-0.0504007471	-0.0555013984	0.14950135000000006
0.0543774543	-0.0110400859	-0.0689099476	-0.0796687514	-0.0359611205	0.0323317335	0.0785206355	-0.129826	0.120706	-0.12456400000000001	-6.02925e-05	0.000782052	0.000284438	0.0345476344	-0.0374445559	-0.1150593102	-0.0156936271	-0.0139302898	0.1099041245	0.16286972499999994
0.0537074066	-0.0127932372	-0.0703401329	-0.0786572819	-0.0319236667	0.0371527273	0.08022662059999999	-0.13083599999999998	0.07474999999999997	-0.08595619999999997	-0.000103777	0.000361925	0.000210274	0.0158947178	-0.0269323411	-0.06511451	0.0449319418	-0.0205398819	-0.0371532752	0.112462575
0.0530311845	-0.0145405056	-0.0716975448	-0.0775011496	-0.0277944824	0.0418200091	0.0814808795	-0.143573	0.145371	-0.0673005	-0.0011628	0.00102259	7.839050000000001e-05	-0.0101576067	-0.0086788213	-0.0420248541	-0.061648472	0.0711311198	-0.0073198633	0.194592275
0.0523488658	-0.0162810877	-0.0729807789	-0.0762024808	-0.0235854328	0.0463142688	0.08227635	-0.14798	0.09973939999999999	-0.047927	-0.0009382230000000001	0.0008997929999999998	0.000192539	-0.024064026800000003	0.001402255	-0.049652398	0.0632258457	0.0572684147	0.0099334729	0.092488225
0.0516605288	-0.018014183200000002	-0.0741885076	-0.0747636639	-0.019308612	0.0506169125	0.0826085531	-0.13086	0.10326600000000001	-0.07995969999999998	-0.000536483	0.00090814	8.43181e-06	-0.0199481424	0.0328485041	-0.0023337615	-0.0255815277	0.0551073796	-0.125253337	0.08238900949999997
0.0509662528	-0.0197389949	-0.0753194814	-0.07318734519999999	-0.0149763093	0.0547101387	0.08247561839999999	-0.14509	0.17127	-0.0568888	-0.0008289310000000001	0.0008229449999999997	9.823219999999999e-05	-0.0339189081	0.021835629900000004	-0.0192561063	-0.0407741307	0.0702294112	0.0876904017	0.1286770695
0.0502661174	-0.0214547298	-0.0763725302	-0.0714764238	-0.0106009733	0.0585770125	0.0818782943	-0.132208	0.057053099999999995	-0.053399199999999994	-0.00062339	0.00088966	9.049350000000001e-05	-0.0254731867	0.0096299025	-0.0219506267	0.0428774418	-0.045194460599999986	-0.0468822271	0.14458823500000004
0.0495602034	-0.023160599	-0.0773465645	-0.06963404620000001	-0.0061951761	0.0622015356	0.0808199441	-0.135469	0.142564	-0.104203	0.00013430500000000004	0.0008302769999999999	0.00013209299999999998	0.0159606082	0.0035149820000000003	-0.0337537856	-0.05415858690000002	0.0223989314	0.0008092735000000001	0.18250957500000006
0.048848591600000005	-0.024855818	-0.0782405765	-0.06766360099999999	-0.0017715775	0.0655687121	0.079306527	-0.148411	0.0923013	-0.0724049	-0.0009002519999999998	0.0007954719999999998	2.89283e-05	0.0050457638	0.003844284	-0.0101223701	0.0818054594	0.0187442089	0.0013365973999999998	0.153629135
0.0481313641	-0.0265396073	-0.0790536414	-0.0655687121	0.0026571115999999995	0.068664611	0.0773465645	-0.141026	0.0666748	-0.101579	-0.00040956	0.00115336	7.616339999999997e-05	0.037165454	-0.0044675738	-0.0077925361	-0.025356371800000003	-0.0190350715	-0.0626992629	0.106976355
0.0474086033	-0.0282111925	-0.079784918	-0.0633532322	0.0070781657	0.0714764238	0.0749510924	-0.153637	0.127901	-0.0770064	-0.000374475	0.00115064	0.000303227	-0.015205556	-0.0096652932	-0.0067922764	0.0076162778	0.1110375655	0.07041236570000001	0.11165322999999996
0.0466803921	-0.0298698051	-0.0804336496	-0.0610212361	0.0114788812	0.07399251700000001	0.0721335987	-0.14718900000000001	0.11712	-0.10261300000000001	0.0008612859999999997	0.00136489	-8.681309999999999e-05	-0.06332105	0.0385279813	0.014274463	0.0503487183	0.0345779288	-0.0365564984	0.134838155
0.0459468144	-0.0315146823	-0.08099916509999999	-0.0585770125	0.0158466129	0.0762024808	0.0689099476	-0.147419	0.09223990000000004	-0.119925	-0.000163504	0.00121007	3.1235e-05	-0.0717251874	0.0711231019	0.0170778417	-0.0284575211	0.0644060411	-0.0347436337	0.107305005
0.0452079546	-0.0331450678	-0.0814808795	-0.0560250569	0.0201688105	0.0780971719	0.0652982905	-0.15920299999999998	0.142479	-0.08782960000000001	-0.00040932800000000004	0.00181118	4.01858e-05	-0.112230936	0.0496341173	-0.0073512195999999985	-0.008126639599999999	0.0657120149	0.1074537994	0.13691274
0.0444638974	-0.0347602118	-0.0818782943	-0.0533700625	0.0244330544	0.0796687514	0.061318963	-0.14213800000000001	0.083202	-0.0952115	0.000226608	0.00165559	3.30298e-05	-0.0760902522	0.0477905285	-0.005598383199999999	0.011533928999999998	0.034198670800000004	-0.0356497491	0.12365800000000005
0.0437147285	-0.0363593716	-0.0821909983	-0.0506169125	0.0286270917	0.0809107173	0.056994371399999987	-0.154525	0.143485	-0.0872659	0.000327879	0.00192869	-5.76625e-05	-0.0517898184	0.0273082083	-0.0138384434	-0.0572808204	0.1057322906	0.0715680507	0.10386876500000004
0.042960534	-0.0379418119	-0.0824186682	-0.0477706702	0.0327388711	0.0818179311	0.0523488658	-0.16565	0.117807	-0.10714100000000001	0.000405195	0.00169849	-0.000107185	-0.051961807	0.0217793478	0.0072204776	0.1624330664	0.0773224363	-0.08750281550000001	0.07453002500000001
0.0422014006	-0.039506804900000005	-0.0825610682	-0.0448365703	0.0367565777	0.0823866395	0.0474086033	-0.143532	0.0904841	-0.157801	0.000230715	0.00120363	-6.788640000000001e-05	-0.0117443175	0.0399694812	0.072532402	-0.0858172725	0.0874885583	-0.0391099865	0.13553283
0.0414374156	-0.0410536312	-0.0826180512	-0.0418200091	0.0406686668	0.0826144894	0.0422014006	-0.16289	0.103741	-0.0779465	-3.3225799999999996e-05	0.00185829	-0.000128777	-0.0525682821	0.0090661703	0.0143301491	0.0377529121	0.027501416400000003	0.0544041729	0.16144397000000002
0.0406686668	-0.0425815792	-0.0825895581	-0.0387265345	0.0444638974	0.0825005382	0.0367565777	-0.150649	0.06027680000000001	-0.126737	0.000720116	0.00118899	-7.996279999999999e-07	0.0219734665	0.000850452	0.0143518942	-0.0581665157	-0.0448315128	-0.0580345125	0.1820266586
0.0398952426	-0.044089946500000005	-0.08247561839999999	-0.035561835800000004	0.0481313641	0.0820452574	0.0311047922	-0.17344	0.155164	-0.154749	0.000867817	0.0012093	-0.000356882	0.0066269627	-0.0225672946	-0.006339013100000001	0.045983937300000007	0.045280251	0.0778875687	0.17189486860000006
0.0391172318	-0.0455780395	-0.08227635	-0.0323317335	0.0516605288	0.0812505306	0.0252778672	-0.15040499999999998	0.07942880000000001	-0.136727	0.00153255	0.00124492	-0.000356882	0.0331038317	-0.0090590571	0.0454045376	-0.014866116	-0.04348856190000002	-0.0538375572	0.15180985000000002
0.0383347241	-0.0470451738	-0.081991959	-0.0290421682	0.0550412506	0.0801196458	0.019308612	-0.180276	0.17548699999999998	-0.146607	0.00018042400000000002	0.00111707	-0.000356882	0.0236893831	-0.0246940393	0.0211001285	0.0076997738	0.034643927799999995	0.07950079269999999	0.209808
0.0375478092	-0.0484906747	-0.08162273980000001	-0.0256991899	0.0582638153	0.0786572819	0.0132306372	-0.15578599999999998	0.07323930000000001	-0.21351799999999999	0.0008401129999999998	0.00114487	-0.000356882	0.097236302	0.0241742265	0.016005279	-0.0043767479	0.0284850029	-0.0748026543	0.2280231500000001
0.0367565777	-0.0499138777	-0.0811690742	-0.022308946800000003	0.061318963	0.076869489	0.0070781657	-0.168766	0.106895	-0.16781500000000002	-0.00042565	0.00166702	-0.000356882	0.064634669	-0.0124311837	-0.0309948311	0.0744887402	0.0619643545	0.1144111354	0.18173435
0.0359611205	-0.0513141282	-0.0806314317	-0.0188776742	0.064197915	0.0747636639	0.0008858397	-0.162219	0.05457719999999999	-0.224827	-1.98777e-05	0.00131064	-0.000356882	0.111779882	-0.0153825935	0.0211104634	0.0593787296	0.0352530382	-0.0685916264	0.153984415
0.0351615291	-0.0526907823	-0.0800103684	-0.0154116826	0.0668923989	0.07234851889999999	-0.0053114742	-0.18751199999999998	0.155593	-0.217543	0.0007285	0.00151961	-0.000356882	0.0934611293	-0.0150652138	-0.0106719979	0.0266914086	0.0414744682	0.1212234508	0.181460185
0.0343578954	-0.0540432071	-0.079306527	-0.0119173466	0.0693946722	0.06963404620000001	-0.0114788812	-0.16125899999999999	0.0450083	-0.177506	0.000653951	0.0010035100000000002	-0.000356882	0.1088018193	0.0134912464	0.0177157237	0.0574992442	-0.032085374300000004	-0.0887552615	0.20640715
0.0335503118	-0.0553707806	-0.0785206355	-0.0084010927	0.0716975448	0.06663147650000001	-0.0175816548	-0.189673	0.133801	-0.188467	1.14905e-05	0.00150302	-0.000393694	0.0843140936	0.0242635895	-0.0180450578	0.0046621482	-0.0096010199	0.07982513299999999	0.187106825
0.0327388711	-0.05667289230000001	-0.0776535072	-0.004869388	0.0737943996	0.0633532322	-0.0235854328	-0.163967	0.0775571	-0.227512	0.0012518	0.00173665	-0.000282311	0.0881462561	-0.0176126504	0.0054826863	0.066346589	0.0133178804	-0.0491532251	0.200261025
0.0319236667	-0.0579489435	-0.0767060391	-0.0013287276999999998	0.07567921150000001	0.0598128765	-0.0294564099	-0.186502	0.165828	-0.182582	0.000143111	0.00147289	-0.000388855	0.0573360731	-0.0547804053	-3.97399e-05	0.0117859427	-0.0391183341	0.1389243854	0.22968555
0.0311047922	-0.0591983473	-0.07567921150000001	0.0022143764	0.0773465645	0.0560250569	-0.0351615291	-0.157856	0.0647063	-0.16405999999999998	0.00127216	0.0016733	-0.000269036	0.0514132263	-0.0392115458	0.0266014482	0.1097434453	-0.0543349225	-0.0311782853	0.2207536
0.0302823417	-0.06042052940000001	-0.0745740866	0.005753407800000001	0.0787916676	0.0520054446	-0.0406686668	-0.180247	0.129893	-0.174749	0.0006243819999999999	0.00187734	-0.000150449	0.0463037399	-0.0572951072	0.0316446423	-0.0499080909	-0.0487037018	0.1148299972	0.14678694999999994
0.0294564099	-0.0616149276	-0.073391808	0.0092818579	0.0800103684	0.0477706702	-0.0459468144	-0.19811099999999998	0.142558	-0.181687	0.00172833	0.00185478	-0.000290144	-0.0320195281	-0.0416324653	0.0699794878	0.1250184412	-0.0090161252	-0.004227718	0.10077715
0.0286270917	-0.0627809927	-0.0721335987	0.0127932372	0.08099916509999999	0.04333825400000002	-0.0509662528	-0.181122	0.11581199999999996	-0.16323299999999996	0.00222159	0.00123561	-0.000317636	-0.0217003271	-0.0321362055	0.0613915317	-0.1181017807	-0.0206062912	-0.0229148673	0.11918510000000004
0.0277944824	-0.0639181885	-0.0708007604	0.0162810877	0.0817552165	0.0387265345	-0.0556987191	-0.20899099999999998	0.135311	-0.131462	0.0005981609999999999	0.00138328	-0.00017343	-0.06605518070000001	-0.0215189656	0.0156486063	0.0258772695	-0.0328902746	0.1103283183	0.17490424999999998
0.0269586778	-0.0650259921	-0.0693946722	0.0197389949	0.08227635	0.0339545915	-0.0601175669	-0.17589100000000002	0.0969711	-0.166674	0.00227493	0.00109765	-0.00012145	-0.0253693387	-0.0289587627	0.0290764374	-0.0622513346	-0.07722579389999999	-0.0436649693	0.20737085
0.0261197739	-0.0661038941	-0.0679167887	0.023160599	0.0825610682	0.0290421682	-0.064197915	-0.209015	0.148199	-0.159775	0.00089815	0.0013052	-0.0005292259999999999	-0.0310523366	-0.06117612240000001	0.0059875129	0.0207629133	-0.033722772799999995	0.1178636324	0.1908562000000001
0.0252778672	-0.0671513987	-0.06636863900000001	0.0265396073	0.0826085531	0.0240095886	-0.0679167887	-0.17995999999999998	0.0899409	-0.188243	0.00129252	0.00156536	-0.000283277	-0.0191098711	-0.0655030311	0.0481367692	0.0871721595	-0.0776531781	-0.0482814181	0.16080504999999992
0.0244330544	-0.06816802450000001	-0.06475182480000001	0.0298698051	0.0824186682	0.0188776742	-0.0712532484	-0.188159	0.13131099999999998	-0.168403	0.00206594	0.00146225	-0.0007463949999999997	-0.035443539700000005	-0.0642695366	0.06765264	-0.0408504573	-0.0089328314	0.0225257997	0.1363915
0.0235854328	-0.0691533037	-0.0630680188	0.0331450678	0.081991959	0.013667657	-0.0741885076	-0.189132	0.12076700000000005	-0.145016	0.00225294	0.00105367	-0.00044044	-0.06658148629999999	-0.0352392585	0.0677394295	-0.0288384179	-0.02955989	0.0026894496	0.07998075
0.0227350996	-0.0701067834	-0.061318963	0.0363593716	0.0813296518	0.0084010927	-0.0767060391	-0.18409	0.12168599999999999	-0.149144	0.00184157	0.0013400999999999999	-0.000537435	-0.0549510465	-0.0428747067	0.0883710932	-0.06938948889999999	-0.0652418655	-0.0019526152	0.049828749999999984
0.0218821528	-0.0710280251	-0.0595064671	0.039506804900000005	0.0804336496	0.0030997705	-0.0787916676	-0.193557	0.12272000000000001	-0.172039	0.00138606	0.00118916	-0.000597151	-0.0310716652	-0.029941074100000006	0.0461759935	-0.016375401499999998	-0.0702002735	0.10592272	0.0667043
0.0210266903	-0.0719166052	-0.05763240610000001	0.0425815792	0.079306527	-0.0022143764	-0.0804336496	-0.182017	0.108254	-0.150392	0.00201509	0.00101482	-0.000496548	-0.0353157686	-0.0627644641	0.039925493	0.0190313025	-0.1431633887	-0.014456037	0.09285165
0.0201688105	-0.07277211509999999	-0.0556987191	0.0455780395	0.0779515227	-0.0075193617	-0.08162273980000001	-0.180723	0.107509	-0.176534	0.00187148	0.0015000599999999995	-0.000405274	-0.0258867671	-0.0730790383	0.0438072228	-0.035870767000000005	-0.0613869964	0.0059734799	0.06418720000000003
0.019308612	-0.0735941614	-0.0537074066	0.0484906747	0.0763725302	-0.0127932372	-0.0823522428	-0.202431	0.12226500000000001	-0.16382	0.0015509	0.00142059	-0.0007271359999999998	-0.0433413486	-0.051041002800000006	0.0556853114	-0.0012266958	-0.047057517	0.1049055147	0.0852736
0.0184461937	-0.0743823661	-0.0516605288	0.0513141282	0.0745740866	-0.018014183200000002	-0.0826180512	-0.204305	0.11805999999999996	-0.194182	0.00239401	0.0009150580000000001	-0.000636772	-0.0386233416	-0.0343475082	0.0305862778	-0.0213973871	-0.0988899048	0.0119440079	0.1083913
0.0175816548	-0.0751363666	-0.0495602034	0.0540432071	0.0725613598	-0.023160599	-0.0824186682	-0.226796	0.184869	-0.180266	0.00279111	0.000866585	-0.0007271359999999998	-0.0074562691	0.0363158642	-0.0463083135	-0.12191666	-0.0476579517	-0.0429929656	0.13001285
0.0167150947	-0.0758558164	-0.0474086033	0.05667289230000001	0.0703401329	-0.0282111925	-0.0817552165	-0.192797	0.0314296	-0.249991	0.00171878	0.00103512	-0.000391266	-0.0115026205	0.1219283612	-0.08867515279999999	-0.0409234285	-0.0807715916	-0.0740577669	0.33600015
0.0158466129	-0.0765403846	-0.0452079546	0.0591983473	0.0679167887	-0.0331450678	-0.0806314317	-0.191575	0.0463352	-0.30495500000000003	0.00234805	0.00157	-0.000493661	-0.0418359264	0.1142793511	-0.0967028157	-0.0607687783	0.009516623	-0.0499140211	0.13441884999999998
0.0149763093	-0.0771897563	-0.042960534	0.0616149276	0.0652982905	-0.0379418119	-0.0790536414	-0.21564899999999998	0.097263	-0.29283400000000004	0.00207972	0.00144105	-0.000693615	-0.0210547011	0.1231801685	-0.0964548306	0.07636966719999999	0.0271439667	0.040790087200000005	0.1169845
0.014104284	-0.077803633	-0.0406686668	0.0639181885	0.0624921622	-0.0425815792	-0.0770307297	-0.207083	0.0240187	-0.271385	0.00323023	0.00089793	-0.000587076	-0.0242763682	0.1133771088	-0.0746003042	0.05909795690000001	0.0412197805	-0.1158151344	0.19326775
0.0132306372	-0.0783817324	-0.0383347241	0.0661038941	0.0595064671	-0.0470451738	-0.0745740866	-0.193383	0.136655	-0.20597	0.00237901	0.00114148	-0.000630136	-0.0725678152	0.0501678124	-0.0579264713	0.0211364613	-0.0464901616	0.0116057676	0.2486428
0.0123554694	-0.0789237887	-0.0359611205	0.06816802450000001	0.05634978440000001	-0.0513141282	-0.0716975448	-0.19447799999999998	0.139905	-0.252294	0.00448396	0.00118475	-0.0005000240000000001	-0.0689355007	0.0167367948	-0.0249601509	0.0007405508	0.0377505412	-0.0816841241	0.16458560000000008
0.0114788812	-0.0794295525	-0.0335503118	0.0701067834	0.0530311845	-0.0553707806	-0.0684173009	-0.21579600000000002	0.158121	-0.18190499999999998	0.00311474	0.00154792	-0.0007329210000000001	-0.074009902	-0.0500797454	-0.0171199631	0.0100604562	0.0850079627	0.0013961769	0.20818735
0.0106009733	-0.0798987914	-0.0311047922	0.0719166052	0.0495602034	-0.0591983473	-0.06475182480000001	-0.196921	0.136546	-0.197714	0.00350167	0.00131656	-0.0006274	-0.0906717641	-0.0304736862	0.0451963198	0.1065314414	-0.0025728204	-0.1061824053	0.09244955
0.0097218466	-0.0803312895	-0.0286270917	0.0735941614	0.0459468144	-0.0627809927	-0.0607217553	-0.190649	0.124921	-0.253195	0.00467759	0.00116748	-0.000635165	-0.022475214	-0.0317069343	0.0443105208	-0.1160436523	0.0034897126	-0.0534570725	0.14001624999999998
0.0088416023	-0.080726848	-0.0261197739	0.0751363666	0.0422014006	-0.0661038941	-0.05634978440000001	-0.19851300000000002	0.113249	-0.250058	0.00284264	0.0016881	-0.0008351899999999998	-0.0004322293	-0.019753934	-0.014624456299999996	-0.0055803555	0.0575160569	0.0241691946	0.15045274999999994
0.0079603416	-0.0810852849	-0.0235854328	0.0765403846	0.0383347241	-0.0691533037	-0.0516605288	-0.19209	0.058441599999999996	-0.290876	0.00348922	0.00146352	-0.00043978800000000004	0.0302171351	-0.0118526051	-0.0465104593	-0.0681087932	0.034046915	-0.0849317165	0.16537650000000004
0.0070781657	-0.0814064355	-0.0210266903	0.077803633	0.0343578954	-0.0719166052	-0.0466803921	-0.199403	0.11438400000000006	-0.300469	0.00270459	0.00126888	-0.000673236	0.0341665173	-0.0375422728	-0.056076573	-0.008902527700000001	0.0205267591	0.0440970125	0.13348429999999994
0.0061951761	-0.0816901521	-0.0184461937	0.0789237887	0.0302823417	-0.0743823661	-0.0414374156	-0.20036500000000002	0.0613226	-0.299059	0.00359302	0.000923302	-0.000802656	0.0565730458	0.0038470202	-0.0388145342	-0.023539045	0.0176652794	-0.0825373111	0.12360479999999995
0.0053114742	-0.0819363041	-0.0158466129	0.0798987914	0.0261197739	-0.0765403846	-0.0359611205	-0.200095	0.137658	-0.306527	0.00246512	0.00100429	-0.0007600939999999999	0.0504537868	-0.0202531778	-0.0483609641	-0.0240886346	0.015486324199999997	0.0443159312	0.1466459
0.0044271617	-0.0821447785	-0.0132306372	0.080726848	0.0218821528	-0.0783817324	-0.0302823417	-0.19524	0.09327410000000001	-0.299001	0.00280846	0.00133543	-0.000249296	0.05640383650000001	-0.0230091075	-0.044790385300000006	0.0416615656	0.0450163367	-0.0681121746	0.1160288
0.0035423403000000007	-0.0823154793	-0.0106009733	0.0814064355	0.0175816548	-0.0798987914	-0.0244330544	-0.200005	0.11471700000000006	-0.28247	0.00339849	0.000955492	-0.000566227	0.06898341919999999	-0.06135524150000001	-0.042642782	-0.0244362326	0.0056158804	-0.043269748	0.10708385
0.0026571115999999995	-0.0824483281	-0.0079603416	0.0819363041	0.0132306372	-0.0810852849	-0.0184461937	-0.2182	0.15224100000000002	-0.286351	0.00334819	0.0010072700000000002	-0.000790738	0.0715753351	-0.0168721414	-0.0549128913	-0.0535888212	0.0100789536	0.0217135871	0.07592945000000002
0.0017715775	-0.0825432638	-0.0053114742	0.0823154793	0.0088416023	-0.0819363041	-0.0123554694	-0.211398	0.100272	-0.279353	0.00262402	0.00134913	-0.000683827	0.0549320748	0.0227632819	-0.07671426190000001	-0.0187226113	0.0120507204	-0.1049802324	0.12441605
0.0008858397	-0.0826002426	-0.0026571115999999995	0.0825432638	0.0044271617	-0.0824483281	-0.0061951761	-0.215943	0.111544	-0.30466	0.00317875	0.0010594	-0.000790738	0.0450901833	0.007726976999999999	-0.08581626560000001	-0.07300197259999999	0.0256131008	-0.0346918986	0.08869254999999998
0.0	-0.0826192385	-0.0	0.0826192385	0.0	-0.0826192385	-0.0	-0.21493	0.149535	-0.311814	0.00294821	0.00143241	-0.000740633	0.0314689352	-0.0294944349	-0.0738786186	0.0009438569	0.0438518014	0.08787313570000001	0.07884074999999997
-0.0008858397	-0.0826002426	0.0026571115999999995	0.0825432638	-0.0044271617	-0.0824483281	0.0061951761	-0.214035	0.123101	-0.301006	0.00313256	0.0008858039999999998	-0.000764322	0.0576371669	-0.0153086469	-0.0459907598	0.08178074190000001	0.0374313678	-0.0340997168	0.07586924999999999
-0.0017715775	-0.0825432638	0.0053114742	0.0823154793	-0.0088416023	-0.0819363041	0.0123554694	-0.197716	0.11224200000000001	-0.33979000000000004	0.00333685	0.000993956	-0.000733699	0.0577506293	-0.0194126484	-0.0054779188	-0.0201270887	0.0776393552	-0.0122737736	0.08311525
-0.0026571115999999995	-0.0824483281	0.0079603416	0.0819363041	-0.0132306372	-0.0810852849	0.0184461937	-0.21361	0.129742	-0.331621	0.00271205	0.00112322	-0.0009222410000000001	0.0627459274	0.0427774725	-0.0164409165	0.0312729654	0.0973808441	0.0790860921	0.08869329999999997
-0.0035423403000000007	-0.0823154793	0.0106009733	0.0814064355	-0.0175816548	-0.0798987914	0.0244330544	-0.201165	0.106741	-0.320542	0.00359378	0.00102029	-0.0007998019999999997	0.07642572110000001	0.0333676328	-0.0088924266	0.0522683343	0.0638828953	-0.0268601633	0.10187994999999997
-0.0044271617	-0.0821447785	0.0132306372	0.080726848	-0.0218821528	-0.0783817324	0.0302823417	-0.192877	0.120441	-0.34570100000000004	0.00416115	0.0008057519999999999	-0.0007792899999999998	0.0771147169	0.0569476681	0.021233999500000003	-0.0291726775	0.07753022059999999	0.0280441152	0.08726800000000001
-0.0053114742	-0.0819363041	0.0158466129	0.0798987914	-0.0261197739	-0.0765403846	0.0359611205	-0.2028	0.128647	-0.303272	0.00294172	0.00100378	-0.0008523189999999999	0.0619417124	0.0603177604	0.0085085303	0.08538537130000001	0.0874342305	0.0429351013	0.13508235
-0.0061951761	-0.0816901521	0.0184461937	0.0789237887	-0.0302823417	-0.0743823661	0.0414374156	-0.192697	0.104399	-0.32038099999999997	0.00338425	0.0008960129999999998	-0.0008502439999999999	0.0605397386	0.0521110792	0.0349157442	-0.0216241981	0.0315411368	0.0017153953	0.07907860000000005
-0.0070781657	-0.0814064355	0.0210266903	0.077803633	-0.0343578954	-0.0719166052	0.0466803921	-0.20974299999999999	0.137051	-0.307211	0.0024927	0.0010829000000000001	-0.000861291	0.0585396262	0.0860142937	0.0224392703	-0.0401316145	-0.0277021907	0.07024801259999999	0.11734220000000002
-0.0079603416	-0.0810852849	0.0235854328	0.0765403846	-0.0383347241	-0.0691533037	0.0516605288	-0.200347	0.13294700000000004	-0.299942	0.00322555	0.0008970219999999998	-0.00102965	0.0238617092	0.0998677901	0.021985654500000004	0.0269796062	-0.0803482947	-0.0150631398	0.07512335000000002
-0.0088416023	-0.080726848	0.0261197739	0.0751363666	-0.0422014006	-0.0661038941	0.05634978440000001	-0.196579	0.11711500000000001	-0.280879	0.00299079	0.00153359	-0.00082146	-0.0359523187	0.0634415167	0.0207525987	-0.0585492159	-0.0721175505	0.0231852609	0.0926389
-0.0097218466	-0.0803312895	0.0286270917	0.0735941614	-0.0459468144	-0.0627809927	0.0607217553	-0.208965	0.111573	-0.24466	0.00277517	0.00154972	-0.00102965	-0.08606687910000001	0.0996765333	-0.011469786	0.0098059022	-0.028036334	0.06207749730000001	0.07614400000000003
-0.0106009733	-0.0798987914	0.0311047922	0.0719166052	-0.0495602034	-0.0591983473	0.06475182480000001	-0.20069700000000001	0.10245699999999999	-0.261346	0.0043305	0.00166209	-0.0008459810000000001	-0.0905688107	0.0738358732	0.0208940936	-0.0019902391	-0.0507591628	-0.0525903698	0.12663845000000007
-0.0114788812	-0.0794295525	0.0335503118	0.0701067834	-0.0530311845	-0.0553707806	0.0684173009	-0.19198099999999998	0.128697	-0.294211	0.00396784	0.0011435	-0.000867613	-0.070976165	0.0815601914	0.021668569900000004	-0.0390424116	0.0319145263	-0.0300539219	0.11296509999999993
-0.0123554694	-0.0789237887	0.0359611205	0.06816802450000001	-0.05634978440000001	-0.0513141282	0.0716975448	-0.201329	0.124949	-0.24621500000000002	0.00328038	0.00141596	-0.000863708	-0.0978555154	0.0594470699	0.0379125124	0.1112556933	0.030461059300000006	-0.0360098223	0.10928325
-0.0132306372	-0.0783817324	0.0383347241	0.0661038941	-0.0595064671	-0.0470451738	0.0745740866	-0.18193800000000002	0.0996466	-0.270376	0.00389143	0.00147426	-0.0007110739999999999	-0.0676830932	0.0197292508	0.092476555	0.0129133919	0.0133715188	-0.0565750678	0.10995360000000004
-0.014104284	-0.077803633	0.0406686668	0.0639181885	-0.0624921622	-0.0425815792	0.0770307297	-0.208919	0.169966	-0.21502800000000002	0.0038894	0.00179662	-0.0009345110000000001	-0.0931583681	-0.0529341034	0.053302975	0.0282332848	0.0592230683	0.0460549442	0.18003975
-0.0149763093	-0.0771897563	0.042960534	0.0616149276	-0.0652982905	-0.0379418119	0.0790536414	-0.197363	0.137205	-0.230408	0.00447055	0.0016528999999999995	-0.000909086	-0.07533177740000001	-0.049952833899999986	0.0637939874	0.08332262900000001	-0.0149389382	-0.0721109265	0.09721175000000004
-0.0158466129	-0.0765403846	0.0452079546	0.0591983473	-0.0679167887	-0.0331450678	0.0806314317	-0.196409	0.158574	-0.279684	0.00386873	0.00144729	-0.0009258939999999999	-0.0551234417	-0.0499456583	0.1089122857	-0.0954618175	0.064056226	-0.0297661969	0.11281089999999999
-0.0167150947	-0.0758558164	0.0474086033	0.05667289230000001	-0.0703401329	-0.0282111925	0.0817552165	-0.209184	0.137936	-0.24371900000000002	0.00357601	0.00199129	-0.00103478	-0.0498075757	-0.08663844949999999	0.03539668	0.0294602082	-0.0115437452	0.1055567798	0.11665829999999998
-0.0175816548	-0.0751363666	0.0495602034	0.0540432071	-0.0725613598	-0.023160599	0.0824186682	-0.192218	0.119163	-0.274165	0.0046847	0.0012618	-0.00092073	0.0002772235	-0.1003036776	0.0387643415	-0.0079293962	-0.062789791	-0.058418833	0.16379649999999998
-0.0184461937	-0.0743823661	0.0516605288	0.0513141282	-0.0745740866	-0.018014183200000002	0.0826180512	-0.20875300000000002	0.163234	-0.285248	0.00327645	0.0016112000000000001	-0.000982056	0.0323399745	-0.0996284547	0.0130801258	-0.0498008951	-0.0172697557	0.0616231606	0.16263779999999994
-0.019308612	-0.0735941614	0.0537074066	0.0484906747	-0.0763725302	-0.0127932372	0.0823522428	-0.20699	0.13282600000000006	-0.28688800000000003	0.00338665	0.00166202	-0.00103184	0.0536137127	-0.0576479586	-0.0233907181	0.06659145679999999	-0.0272068458	-0.03886825	0.04435119999999995
-0.0201688105	-0.07277211509999999	0.0556987191	0.0455780395	-0.0779515227	-0.0075193617	0.08162273980000001	-0.198614	0.12469000000000001	-0.34934499999999996	0.00378531	0.00109448	-0.00114849	0.1024439581	-0.0128512655	-0.0007410244	-0.0513747693	0.0231677727	-0.0369983552	0.13311150000000002
-0.0210266903	-0.0719166052	0.05763240610000001	0.0425815792	-0.079306527	-0.0022143764	0.0804336496	-0.21723699999999999	0.13433499999999998	-0.327024	0.00311534	0.00131846	-0.00105921	0.0812114513	0.0434039971	-0.015031593	-0.018412584	-0.019008262	0.084573814	0.09975050000000006
-0.0218821528	-0.0710280251	0.0595064671	0.039506804900000005	-0.0804336496	0.0030997705	0.0787916676	-0.193711	0.11670499999999999	-0.322454	0.00398684	0.00123564	-0.000741117	0.0261536089	0.0625588858	0.0090587637	0.0466694526	-0.032275927999999995	-0.0293079548	0.10934665
-0.0227350996	-0.0701067834	0.061318963	0.0363593716	-0.0813296518	0.0084010927	0.0767060391	-0.209679	0.13509100000000002	-0.320241	0.0036335	0.00122706	-0.0009424769999999999	-0.0010539323	0.0751918385	0.0238659595	-0.05328906480000002	-0.000254013	0.0153257901	0.06473100000000001
-0.0235854328	-0.0691533037	0.0630680188	0.0331450678	-0.081991959	0.013667657	0.0741885076	-0.22641799999999998	0.12772900000000004	-0.27028	0.00347637	0.00134098	-0.0009584010000000001	-0.0310646679	0.1160265915	0.0402779193	0.135428259	0.0182158532	0.0145293357	0.08841069999999995
-0.0244330544	-0.06816802450000001	0.06475182480000001	0.0298698051	-0.0824186682	0.0188776742	0.0712532484	-0.201078	0.12091800000000001	-0.29428499999999996	0.00439979	0.00110225	-0.00103924	-0.0249997213	0.0952269838	0.1148040647	-0.0154733518	-0.0165895372	-0.0474477697	0.11830545
-0.0252778672	-0.0671513987	0.06636863900000001	0.0265396073	-0.0826085531	0.0240095886	0.0679167887	-0.23576399999999997	0.1734	-0.236393	0.00388281	0.00149694	-0.00130524	-0.0681994262	0.0725510467	0.08284555269999999	0.0267980623	0.0012427249	0.1178317922	0.2039435
-0.0261197739	-0.0661038941	0.0679167887	0.023160599	-0.0825610682	0.0290421682	0.064197915	-0.21892199999999998	0.106195	-0.22649699999999998	0.00364388	0.00118238	-0.00117477	-0.09744629	-0.0349139748	0.0768427971	0.0261469813	-0.054340513	0.0230980452	0.128141
-0.0269586778	-0.0650259921	0.0693946722	0.0197389949	-0.08227635	0.0339545915	0.0601175669	-0.22198	0.154773	-0.24917399999999998	0.00356427	0.00165064	-0.00133563	-0.0611276903	-0.0859674418	0.03395855	-0.1274717426	-0.0335941202	0.0479912893	0.10974949999999999
-0.0277944824	-0.0639181885	0.0708007604	0.0162810877	-0.0817552165	0.0387265345	0.0556987191	-0.23758800000000002	0.138003	-0.24984	0.00355279	0.00153238	-0.00126361	-0.0449201466	-0.0804436722	-0.0242697769	0.0263023511	-0.0930104141	0.0171338906	0.04313199999999999
-0.0286270917	-0.0627809927	0.0721335987	0.0127932372	-0.08099916509999999	0.04333825400000002	0.0509662528	-0.196759	0.11146600000000001	-0.287085	0.0046936999999999994	0.00140734	-0.000929429	-0.0040342649	-0.1125960331	-0.0203948864	-0.0408215944	-0.07754549599999999	-0.0779474966	0.18461755
-0.0294564099	-0.0616149276	0.073391808	0.0092818579	-0.0800103684	0.0477706702	0.0459468144	-0.22730999999999998	0.152584	-0.272982	0.00361094	0.00132632	-0.0010982000000000001	0.0285517954	-0.1402364932	-0.041686864	-0.019852199	-0.0312467267	0.0911071958	0.15239955000000002
-0.0302823417	-0.06042052940000001	0.0745740866	0.005753407800000001	-0.0787916676	0.0520054446	0.0406686668	-0.22708899999999999	0.133997	-0.270965	0.00385765	0.0007178489999999999	-0.0011635	0.0453176954	-0.1071476313	-0.0077183015	0.0587176817	-0.0436724714	-0.0654905548	0.06684904999999998
-0.0311047922	-0.0591983473	0.07567921150000001	0.0022143764	-0.0773465645	0.0560250569	0.0351615291	-0.23091399999999998	0.16714	-0.3304	0.00372821	0.00110211	-0.0012389	0.0856617252	-0.0828400519	-0.016429420900000002	-0.1014476455	0.0434446023	-0.019661247	0.12585805000000005
-0.0319236667	-0.0579489435	0.0767060391	-0.0013287276999999998	-0.07567921150000001	0.0598128765	0.0294564099	-0.236819	0.16034400000000001	-0.346639	0.00391298	0.0006999110000000001	-0.00114166	0.0864041193	0.0097226854	-0.0541985579	0.0443355918	0.0194224627	0.0252688298	0.06315044999999997
-0.0327388711	-0.05667289230000001	0.0776535072	-0.004869388	-0.0737943996	0.0633532322	0.0235854328	-0.207997	0.0834797	-0.329829	0.00341365	0.0008754460000000001	-0.00111172	0.0399946682	0.0288393525	-0.0344453361	-0.0691392335	-0.06070213820000001	-0.0438424826	0.15773655
-0.0335503118	-0.0553707806	0.0785206355	-0.0084010927	-0.0716975448	0.06663147650000001	0.0175816548	-0.22741399999999998	0.153031	-0.311392	0.00338742	0.00148935	-0.0011472600000000002	-0.024245883500000003	0.0570815758	-0.0509712263	0.0345371378	-0.0248569415	0.0697157744	0.14118899999999998
-0.0343578954	-0.0540432071	0.079306527	-0.0119173466	-0.0693946722	0.06963404620000001	0.0114788812	-0.204158	0.08927949999999997	-0.29391100000000003	0.00434319	0.000853001	-0.00111647	-0.0503316835	0.056471112300000015	-0.0036233751	-0.0118806394	-0.0094513122	-0.0245918008	0.18563395
-0.0351615291	-0.0526907823	0.0800103684	-0.0154116826	-0.0668923989	0.07234851889999999	0.0053114742	-0.251064	0.18378	-0.278665	0.00385946	0.00101772	-0.00172147	-0.0635947685	0.0479598956	-0.0210988698	0.029249289100000006	0.0135552747	0.0491099452	0.21932495
-0.0359611205	-0.0513141282	0.0806314317	-0.0188776742	-0.064197915	0.0747636639	-0.0008858397	-0.20658400000000002	0.07222100000000001	-0.244973	0.00433606	0.00121189	-0.00107918	-0.1008070194	-0.0585168271	0.008961532900000001	0.0107659126	-0.0052808262	0.024377489	0.2553840000000001
-0.0367565777	-0.0499138777	0.0811690742	-0.022308946800000003	-0.061318963	0.076869489	-0.0070781657	-0.23448200000000002	0.15311	-0.250029	0.00377919	0.0013586500000000005	-0.00132743	-0.0590313784	-0.0760001255	-0.0645807632	-0.024021521	-0.03796467	0.0417895617	0.16143700000000002
-0.0375478092	-0.0484906747	0.08162273980000001	-0.0256991899	-0.0582638153	0.0786572819	-0.0132306372	-0.21226199999999998	0.11264500000000001	-0.317891	0.00424609	0.00112947	-0.00119339	0.0100900238	-0.091065942	-0.0705149092	0.0276368514	-0.020202264	-0.0755221802	0.17205299999999998
-0.0383347241	-0.0470451738	0.081991959	-0.0290421682	-0.0550412506	0.0801196458	-0.019308612	-0.234375	0.175179	-0.346188	0.00330049	0.00121906	-0.0013445200000000005	0.0314583227	-0.1193418049	-0.0830348338	-0.0434584113	0.0447842779	0.0632094799	0.17226000000000002
-0.0391172318	-0.0455780395	0.08227635	-0.0323317335	-0.0516605288	0.0812505306	-0.0252778672	-0.231738	0.12925600000000004	-0.346339	0.00315084	0.00100359	-0.0013018000000000005	0.06784563440000001	-0.021650434	-0.0611791438	0.11108844	0.0266999704	-0.0310533565	0.06910300000000001
-0.0398952426	-0.044089946500000005	0.08247561839999999	-0.035561835800000004	-0.0481313641	0.0820452574	-0.0311047922	-0.21897800000000006	0.132625	-0.362346	0.00380687	0.0008048989999999997	-0.0011322	0.08427817060000001	-0.0170268231	-0.0154761556	-0.0759152521	0.0411507418	0.0119557818	0.08335204999999997
-0.0406686668	-0.0425815792	0.0825895581	-0.0387265345	-0.0444638974	0.0825005382	-0.0367565777	-0.23199999999999998	0.166199	-0.358717	0.00352753	0.000958674	-0.00138411	0.0706589535	0.024992926	-0.0269171611	-0.0002055877	0.0576066197	0.0845853381	0.08447625
-0.0414374156	-0.0410536312	0.0826180512	-0.0418200091	-0.0406686668	0.0826144894	-0.0422014006	-0.235475	0.141069	-0.333183	0.00342952	0.000778788	-0.0012652500000000005	0.06396053389999999	0.0289922112	-0.0102846891	0.0920675775	0.073161961	0.0353344104	0.07397679999999998
-0.0422014006	-0.039506804900000005	0.0825610682	-0.0448365703	-0.0367565777	0.0823866395	-0.0474086033	-0.227156	0.112096	-0.34970500000000004	0.00412763	0.0007863839999999999	-0.0012835999999999998	0.0640136322	0.0328773723	0.0207616344	-0.046402295	0.0185055653	0.0140133767	0.09001679999999998
-0.042960534	-0.0379418119	0.0824186682	-0.0477706702	-0.0327388711	0.0818179311	-0.0523488658	-0.235328	0.141709	-0.31393499999999996	0.00314925	0.0008327159999999997	-0.00124107	0.0373139279	0.0587639878	-0.026611727	0.0227534823	-0.0081280183	0.06625986980000001	0.12691709999999998
-0.0437147285	-0.0363593716	0.0821909983	-0.0506169125	-0.0286270917	0.0809107173	-0.056994371399999987	-0.21764099999999997	0.10956700000000001	-0.338448	0.00329066	0.00108928	-0.0014185300000000005	0.06056076110000001	0.0273983378	0.007543475999999999	0.0030897885	0.0148245321	0.0175546816	0.10311369999999999
-0.0444638974	-0.0347602118	0.0818782943	-0.0533700625	-0.0244330544	0.0796687514	-0.061318963	-0.254397	0.195696	-0.26259499999999997	0.00401471	0.00119473	-0.00104768	0.054930042000000005	0.0665649914	-0.0201225915	-0.0516679582	-0.0213221625	0.06986786240000001	0.25875549999999997
-0.0452079546	-0.0331450678	0.0814808795	-0.0560250569	-0.0201688105	0.0780971719	-0.0652982905	-0.232017	0.0640202	-0.28292399999999995	0.00451178	0.0007787000000000001	-0.00108093	-0.0158710315	0.0260501507	0.005652449499999999	0.0337525009	-0.0944381703	-0.0182180673	0.2217023
-0.0459468144	-0.0315146823	0.08099916509999999	-0.0585770125	-0.0158466129	0.0762024808	-0.0689099476	-0.259268	0.151026	-0.27403299999999997	0.0037676000000000003	0.00122608	-0.00159853	-0.0461561172	0.0190620345	-0.0432735099	-0.0960621994	0.0181991244	0.0445386709	0.2086058
-0.0466803921	-0.0298698051	0.0804336496	-0.0610212361	-0.0114788812	0.07399251700000001	-0.0721335987	-0.244277	0.10871099999999999	-0.242432	0.00394476	0.00138815	-0.00133678	-0.0939682132	-0.0122093846	-0.0254039601	0.1508130161	-0.0014702601000000002	-0.094608949	0.11895600000000002
-0.0474086033	-0.0282111925	0.079784918	-0.0633532322	-0.0070781657	0.0714764238	-0.0749510924	-0.238171	0.13838600000000004	-0.308	0.00473796	0.0008040369999999999	-0.00127905	-0.04513671440000002	-0.0002630916	0.03752193	-0.06811337519999999	0.0550010753	-0.1089889445	0.17310115
-0.0481313641	-0.0265396073	0.0790536414	-0.0655687121	-0.0026571115999999995	0.068664611	-0.0773465645	-0.25911	0.17546099999999998	-0.22695500000000002	0.00390749	0.00149657	-0.00168814	-0.097975754	-0.0105281967	0.0502401811	0.1653129891	0.0501154111	-0.0209946972	0.2356636500000001
-0.048848591600000005	-0.024855818	0.0782405765	-0.06766360099999999	0.0017715775	0.0655687121	-0.079306527	-0.23262600000000005	0.127148	-0.276624	0.00537041	0.000803157	-0.00132329	-0.0545592884	-0.0326508251	0.1042458341	-0.0456108204	0.023563854900000004	-0.0991024476	0.25052515
-0.0495602034	-0.023160599	0.0773465645	-0.06963404620000001	0.0061951761	0.0622015356	-0.0808199441	-0.252566	0.175254	-0.21472199999999997	0.0044734	0.0008065289999999997	-0.001393	-0.06756339019999999	-0.0950586421	0.063757286	0.0057633619	0.0252715662	0.0735626686	0.17845259999999996
-0.0502661174	-0.0214547298	0.0763725302	-0.0714764238	0.0106009733	0.0585770125	-0.0818782943	-0.23358099999999998	0.115396	-0.263253	0.00459262	0.000760021	-0.0011872	-0.0107282198	-0.0994147224	0.0366995482	-0.022103547400000003	-0.0657100231	-0.0509220014	0.14595040000000006
-0.0509662528	-0.0197389949	0.0753194814	-0.07318734519999999	0.0149763093	0.0547101387	-0.08247561839999999	-0.242885	0.183369	-0.32414899999999996	0.00498214	0.000986395	-0.00143861	0.0168144471	-0.099852856	0.0023665199	-0.0394633544	0.037393777	0.0446804188	0.1815382
-0.0516605288	-0.018014183200000002	0.0741885076	-0.0747636639	0.019308612	0.0506169125	-0.0826085531	-0.240197	0.12853699999999998	-0.312384	0.00475791	0.0009256580000000002	-0.0013832400000000006	0.0535166685	0.0172057735	-0.0400928784	-0.0102223149	-0.0373353013	-0.1290993299	0.08630185000000003
-0.0523488658	-0.0162810877	0.0729807789	-0.0762024808	0.0235854328	0.0463142688	-0.08227635	-0.23497300000000002	0.09824939999999999	-0.328499	0.00506216	0.00121682	-0.000943834	0.0098012137	0.0416216428	-0.0438670174	-0.008659679699999999	-0.0210388744	-0.1060296359	0.1033675
-0.0530311845	-0.0145405056	0.0716975448	-0.0775011496	0.0277944824	0.0418200091	-0.0814808795	-0.223806	0.12213399999999999	-0.262801	0.00448123	0.000933448	-0.0008293839999999999	-0.06875708929999999	-0.0488051416	-0.0748479526	-0.0506525806	-0.0561813793	-0.0273027173	0.14968719999999994
-0.0537074066	-0.0127932372	0.0703401329	-0.0786572819	0.0319236667	0.0371527273	-0.08022662059999999	-0.21796	0.211054	-0.246272	0.00481624	0.00153532	-0.00118714	-0.0022383658	-0.033300299900000004	-0.1305519859	-0.033237153900000004	0.0269190115	-0.0427516224	0.1760269
-0.0543774543	-0.0110400859	0.0689099476	-0.0796687514	0.0359611205	0.0323317335	-0.0785206355	-0.182782	0.0526505	-0.31545500000000004	0.00420292	0.00153532	-0.00101227	-0.0122636023	0.040125786600000005	-0.0594936657	0.0360919894	-0.0133901411	-0.0154460747	0.302174
-0.0550412506	-0.0092818579	0.06740846860000001	-0.0805336979	0.0398952426	0.0273769736	-0.0763725302	-0.177744	0.127834	-0.266515	0.00434701	0.00151494	-0.00100916	-0.008654831	0.051124870700000005	-0.0620399094	0.0472477971	0.023631336	0.0184379056	0.1375405
-0.0556987191	-0.0075193617	0.0658372492	-0.0812505306	0.0437147285	0.022308946800000003	-0.0737943996	-0.152666	0.0909802	-0.29285700000000003	0.00542848	0.00128615	-0.000936346	0.0162530468	0.08193034519999999	0.0396896453	0.048959141100000006	0.0330570212	-0.0306326274	0.1574275
-0.05634978440000001	-0.005753407800000001	0.064197915	-0.0818179311	0.0474086033	0.017148621200000002	-0.0708007604	-0.165384	0.111695	-0.278592	0.00484219	0.00115473	-0.0007642889999999999	0.032266809300000004	0.0719492967	0.0503615222	-0.060204248	0.0171906283	0.0192883891	0.09218615
-0.056994371399999987	-0.0039848083	0.0624921622	-0.0822348559	0.0509662528	0.0119173466	-0.06740846860000001	-0.17938900000000002	0.186121	-0.262654	0.00448501	0.00120198	-0.0010389000000000002	0.038191605	0.0629308066	0.0395522514	0.0489418974	0.0332611373	0.0279839298	0.13832104999999995
-0.05763240610000001	-0.0022143764	0.0607217553	-0.0825005382	0.0543774543	0.0066367663	-0.0636366248	-0.13894700000000001	0.09843130000000004	-0.266949	0.00553116	0.00130293	-0.00121578	0.0112306282	0.0651752761	0.0588223717	-0.0241622729	-0.0617396512	-0.0349419313	0.1986257
-0.0582638153	-0.0004429262	0.0588885262	-0.0826144894	0.05763240610000001	0.0013287276999999998	-0.0595064671	-0.170847	0.17210799999999998	-0.22612800000000002	0.00529803	0.00165677	-0.00114109	-0.0195349265	0.062263633	-0.0121177775	-0.07861254849999999	-0.0276574123	0.0154520567	0.17948070000000002
-0.0588885262	0.0013287276999999998	0.056994371399999987	-0.08257649980000001	0.0607217553	-0.0039848083	-0.0550412506	-0.14213199999999998	0.0964157	-0.220919	0.00499963	0.00116603	-0.0008787819999999999	-0.1074064953	0.0056178912	-0.0446793349	-0.0003475069	-0.032550997799999995	-0.0056959212	0.16218870000000002
-0.0595064671	0.0030997705	0.0550412506	-0.0823866395	0.0636366248	-0.0092818579	-0.0502661174	-0.170647	0.16792100000000001	-0.173506	0.00385581	0.00161102	-0.00122654	-0.097146025	-0.0002910585	-0.0650740084	-0.0547929243	0.0293775748	-0.0262029445	0.24426170000000005
-0.0601175669	0.004869388	0.0530311845	-0.0820452574	0.06636863900000001	-0.0145405056	-0.0452079546	-0.16330799999999998	0.182698	-0.149764	0.00414148	0.00161102	-0.00106592	-0.0641903959	0.0073352362	0.0167385152	0.07925901219999999	-0.0007335249	-0.0486418792	0.0681725
-0.0607217553	0.0066367663	0.0509662528	-0.0815529816	0.0689099476	-0.0197389949	-0.0398952426	-0.125816	0.0487371	-0.221133	0.00493967	0.00140647	-0.000977673	-0.0264029903	-0.0651939432	-0.0334228964	-0.0304939919	-0.05681968	0.0075534891	0.29737125
-0.061318963	0.0084010927	0.048848591600000005	-0.0809107173	0.0712532484	-0.024855818	-0.0343578954	-0.121679	0.0976172	-0.20933800000000002	0.00409761	0.0012185	-0.000987135	-0.005873031	-0.1167506379	-0.0686956912	0.0461436937	-0.004467495300000001	0.0096787295	0.11678670000000002
-0.0619091212	0.010161556	0.0466803921	-0.0801196458	0.073391808	-0.0298698051	-0.0286270917	-0.131984	0.11843900000000004	-0.27076	0.00447157	0.00116178	-0.00102205	0.043757816100000006	-0.0434329187	0.0030872496	0.0349472049	0.07412061959999999	0.0265347283	0.11582855
-0.0624921622	0.0119173466	0.0444638974	-0.0791812221	0.0753194814	-0.0347602118	-0.0227350996	-0.136735	0.114977	-0.273428	0.00395957	0.00116178	-0.0011880800000000006	0.044322497300000006	0.011063085	0.0335933547	0.07557117370000001	0.0490730274	0.0099189446	0.04478250000000001
-0.0630680188	0.013667657	0.0422014006	-0.0780971719	0.0770307297	-0.039506804900000005	-0.0167150947	-0.118026	0.10367799999999999	-0.284891	0.00456198	0.00116178	-0.0013704000000000001	0.028467688	0.0348970917	0.097453919	0.0462581687	0.08399112800000001	0.0196955073	0.0807075
-0.0636366248	0.0154116826	0.0398952426	-0.076869489	0.0785206355	-0.044089946500000005	-0.0106009733	-0.141425	0.15202099999999996	-0.228669	0.00357727	0.00141209	-0.00144652	0.0332553231	0.0621812637	0.1172523614	0.062305975	0.0184044285	0.0206292751	0.193521
-0.064197915	0.017148621200000002	0.0375478092	-0.0755004314	0.079784918	-0.0484906747	-0.0044271617	-0.131237	0.164003	-0.28755	0.00498118	0.0009015910000000001	-0.00180393	0.0650396442	0.0737998691	0.1502729054	-0.0082139003	0.0400126918	0.0267078497	0.19464195
-0.06475182480000001	0.0188776742	0.0351615291	-0.07399251700000001	0.0808199441	-0.0526907823	0.0017715775	-0.140439	0.14596800000000001	-0.263583	0.00387669	0.000748318	-0.00106117	0.0801148904	0.054077635	0.14542854789999998	-0.0661428419	-0.0230586294	0.035254871800000004	0.15123015
-0.0652982905	0.0205980464	0.0327388711	-0.07234851889999999	0.08162273980000001	-0.05667289230000001	0.0079603416	-0.14883	0.15426600000000001	-0.285323	0.00323167	0.00069803	-0.00115757	0.0964953789	0.0311174104	0.0844669099	-0.0390594045	0.0259428182	0.08632883150000001	0.07801439999999996
-0.0658372492	0.022308946800000003	0.0302823417	-0.0705714608	0.0821909983	-0.06042052940000001	0.014104284	-0.14641700000000002	0.12986	-0.286105	0.00412072	0.0006348559999999999	-0.0012873	0.1079731192	0.034519189	0.055003326100000006	0.0113068596	0.0144205023	-0.0295410717	0.08169869999999994
-0.06636863900000001	0.0240095886	0.0277944824	-0.068664611	0.0825230869	-0.0639181885	0.0201688105	-0.146874	0.130842	-0.31035100000000004	0.00368894	0.000640898	-0.00139096	0.1201220307	0.0358030261	0.0310637994	-0.1112866507	0.0120190176	0.0003882355	0.0527591
-0.0668923989	0.0256991899	0.0252778672	-0.06663147650000001	0.0826180512	-0.0671513987	0.0261197739	-0.163694	0.12154100000000001	-0.253153	0.00337694	0.000741102	-0.00120672	0.0874295116	0.0819961563	-0.0101614988	-0.0431382268	-0.0466844951	-0.023895444100000003	0.11314119999999996
-0.06740846860000001	0.0273769736	0.0227350996	-0.0644757965	0.08247561839999999	-0.0701067834	0.0319236667	-0.147007	0.096567	-0.283159	0.00368894	0.000631419	-0.00116642	0.024562314	0.0601085297	-0.031460318	-0.0994253442	-0.0379070081	-6.3998e-06	0.09476614999999998
-0.0679167887	0.0290421682	0.0201688105	-0.0622015356	0.0820961977	-0.07277211509999999	0.0375478092	-0.16533599999999998	0.131889	-0.27262	0.00384319	0.0007803499999999999	-0.00132984	0.0180809801	0.076874172	-0.0697403828	-0.0206195188	-0.0120873219	0.0355693015	0.08752005000000003
-0.0684173009	0.030694008	0.0175816548	-0.0598128765	0.0814808795	-0.0751363666	0.042960534	-0.174941	0.114297	-0.257824	0.00379651	0.000995072	-0.00112642	0.019822794	0.0569479183	-0.0310963856	-0.0363538851	-0.0181366882	0.030226964	0.0652341
-0.0689099476	0.0323317335	0.0149763093	-0.0573142124	0.0806314317	-0.0771897563	0.0481313641	-0.158735	0.104104	-0.25648899999999997	0.00368894	0.000589664	-0.00114511	0.0372143984	0.06820722280000001	-0.0380959627	0.0572227506	-0.0180549948	-0.0047251271	0.054317399999999995
-0.0693946722	0.0339545915	0.0123554694	-0.0547101387	0.0795502952	-0.0789237887	0.0530311845	-0.158966	0.114471	-0.304207	0.00368894	0.00057383	-0.00136624	0.0515290192	0.0638549311	-0.0197479817	-0.0879898374	-0.0026948217	0.0122345801	0.07016419999999997
-0.0698714189	0.035561835800000004	0.0097218466	-0.0520054446	0.0782405765	-0.0803312895	0.05763240610000001	-0.150554	0.12483300000000006	-0.20397300000000002	0.00303036	0.0009323939999999999	-0.00135506	0.0027848948	0.0678946958	-0.0526847376	0.0375084977	-0.07709298440000001	0.0268880319	0.17042420000000005
-0.0703401329	0.0371527273	0.0070781657	-0.0492051046	0.0767060391	-0.0814064355	0.0619091212	-0.140604	0.113043	-0.239481	0.00427672	0.0012013900000000005	-0.00138718	-0.0572107285	0.0286194832	-0.0518665353	-0.0638732795	0.0061290587	-0.041987166500000006	0.13462179999999999
-0.0708007604	0.0387265345	0.0044271617	-0.0463142688	0.0749510924	-0.0821447785	0.0658372492	-0.160824	0.144013	-0.201485	0.0041432	0.0010728	-0.00128495	-0.0789437432	0.0951729961	-0.05691889150000001	0.0254233515	0.0204472448	-0.0026908579	0.107403
-0.0712532484	0.0402825336	0.0017715775	-0.04333825400000002	0.0729807789	-0.0825432638	0.0693946722	-0.148592	0.11559200000000001	-0.237197	0.00473002	0.0009964180000000002	-0.00142341	-0.0657293826	0.0456076518	-0.0036837953	-0.023602933	0.0497433095	-0.0323677897	0.1164481
-0.0716975448	0.0418200091	-0.0008858397	-0.0402825336	0.0708007604	-0.0826002426	0.0725613598	-0.148204	0.150333	-0.180256	0.00371301	0.00111889	-0.0013302600000000006	-0.1023465238	0.0249999102	-0.0151851706	0.0284856316	0.0222239	0.043855307	0.15370159999999994
-0.0721335987	0.04333825400000002	-0.0035423403000000007	-0.0371527273	0.0684173009	-0.0823154793	0.0753194814	-0.131001	0.110177	-0.227514	0.00431246	0.00100932	-0.00138296	-0.0588356297	-0.0289346081	0.023992397	-0.0013071305	-0.0220065672	-0.0402775474	0.14270299999999994
-0.0725613598	0.0448365703	-0.0061951761	-0.0339545915	0.0658372492	-0.0816901521	0.0776535072	-0.147703	0.115138	-0.16231600000000002	0.00371807	0.00133246	-0.00134414	-0.0600072524	-0.08489845789999999	-0.0144012531	0.0256865378	-0.01541984	0.0516270952	0.1346785
-0.0729807789	0.0463142688	-0.0088416023	-0.030694008	0.0630680188	-0.080726848	0.0795502952	-0.139786	0.11851900000000005	-0.223135	0.00511459	0.00124919	-0.00124563	-0.038887878	-0.074382408	0.008583196	0.0480144225	-0.0098706616	-0.10777558	0.15103199999999994
-0.073391808	0.0477706702	-0.0114788812	-0.0273769736	0.0601175669	-0.0794295525	0.08099916509999999	-0.15218099999999998	0.14113499999999998	-0.2053760000000001	0.00343319	0.00113934	-0.00136367	-0.0233629109	-0.0655049695	0.0450709232	-0.0343285452	0.0284566727	-0.011170948899999998	0.1482345
-0.0737943996	0.0492051046	-0.014104284	-0.0240095886	0.056994371399999987	-0.077803633	0.081991959	-0.145031	0.11362799999999999	-0.181983	0.00377617	0.000870725	-0.00126944	-0.0284281415	-0.0816929541	0.0385403609	0.0658664042	-0.0326790383	-0.0329209462	0.09334125
-0.0741885076	0.0506169125	-0.0167150947	-0.0205980464	0.0537074066	-0.0758558164	0.0825230869	-0.13169	0.125656	-0.233827	0.00472633	0.00104526	-0.00142445	0.0035457599	-0.08177661259999999	0.0565927641	-0.05864742110000001	0.0382891383	-0.0485609414	0.14119824999999994
-0.0745740866	0.0520054446	-0.019308612	-0.017148621200000002	0.0502661174	-0.0735941614	0.0825895581	-0.132054	0.145322	-0.203353	0.00404806	0.00129137	-0.0013885999999999998	-0.0193450323	-0.1012161147	0.049154273600000006	-0.0232621459	0.022724239500000003	0.0756369883	0.09851550000000002
-0.0749510924	0.0533700625	-0.0218821528	-0.013667657	0.0466803921	-0.0710280251	0.0821909983	-0.13597599999999999	0.119522	-0.211207	0.00408737	0.00129137	-0.0013222000000000002	-0.0023066782	-0.0962746921	0.0094941133	0.0221872265	-0.0917454695	-0.0398296823	0.0428615
-0.0753194814	0.0547101387	-0.0244330544	-0.010161556	0.042960534	-0.06816802450000001	0.0813296518	-0.134249	0.13808299999999998	-0.223942	0.00432577	0.00105919	-0.00156719	0.0052242156	-0.1251528781	0.0085833603	-0.0287541504	-0.0336564514	0.0073131572	0.0688015
-0.07567921150000001	0.0560250569	-0.0269586778	-0.0066367663	0.0391172318	-0.0650259921	0.0800103684	-0.136418	0.15119200000000002	-0.194462	0.00387256	0.00162969	-0.00160349	-0.030774904	-0.1026304029	-0.0070199558	0.0718692443	0.0300347983	0.0742363996	0.09775849999999996
-0.0760302412	0.0573142124	-0.0294564099	-0.0030997705	0.0351615291	-0.0616149276	0.0782405765	-0.14804900000000001	0.129762	-0.215781	0.00391803	0.0011725	-0.00157296	-0.073518394	-0.0703073149	0.0685636481	0.0481871559	-0.0017777657999999996	-0.0448792588	0.0810395
-0.0763725302	0.0585770125	-0.0319236667	0.0004429262	0.0311047922	-0.0579489435	0.0760302412	-0.13846000000000006	0.144242	-0.22223299999999999	0.00410425	0.00102953	-0.00154291	-0.0696648991	-0.07383275339999999	0.0610249515	-0.08627562039999999	0.0389302753	0.0341451149	0.04848300000000001
-0.0767060391	0.0598128765	-0.0343578954	0.0039848083	0.0269586778	-0.0540432071	0.073391808	-0.133356	0.12598	-0.188854	0.00361143	0.00150083	-0.0016702000000000002	-0.0834365	-0.0827823811	-0.0294687159	0.0388012086	0.0010032913	0.0473085498	0.1113155
-0.0770307297	0.0610212361	-0.0367565777	0.0075193617	0.0227350996	-0.0499138777	0.0703401329	-0.13122600000000004	0.13158499999999998	-0.228856	0.00427605	0.000901642	-0.0016702000000000002	-0.0637710303	-0.0709142081	-0.0068284361	-0.0225660164	-0.013913589099999998	-0.0529051835	0.1109274
-0.0773465645	0.0622015356	-0.0391172318	0.0110400859	0.0184461937	-0.0455780395	0.0668923989	-0.130597	0.146428	-0.236808	0.00399908	0.00107329	-0.00146973	-0.04437604480000002	-0.0897058417	-0.0401796054	-0.0848681988	-0.0358416098	0.0594204465	0.05587839999999999
-0.0776535072	0.0633532322	-0.0414374156	0.0145405056	0.014104284	-0.0410536312	0.0630680188	-0.129924	0.111746	-0.23601999999999998	0.00325716	0.00129621	-0.00131244	0.003563555300000001	-0.0728684476	-0.076581633	0.0524236951	-0.0477867141	-0.0461497737	0.09224949999999996
-0.0779515227	0.0644757965	-0.0437147285	0.018014183200000002	0.0097218466	-0.0363593716	0.0588885262	-0.11053900000000001	0.12389100000000006	-0.330725	0.00318778	0.0007465869999999999	-0.0016702000000000002	0.06637301400000001	-0.07076852980000001	-0.055882310199999986	-0.0007653985000000001	0.081836481	-0.0102734336	0.17507314999999998
-0.0782405765	0.0655687121	-0.0459468144	0.0214547298	0.0053114742	-0.0315146823	0.0543774543	-0.10934200000000001	0.123635	-0.30932800000000005	0.00288436	0.00106926	-0.00157534	0.0799012412	-0.0603363287	-0.0518791241	0.08902277609999999	0.06872615309999999	0.0939578615	0.05889765000000001
-0.0785206355	0.06663147650000001	-0.0481313641	0.024855818	0.0008858397	-0.0265396073	0.0495602034	-0.109422	0.133995	-0.351115	0.00450032	0.00103541	-0.00149387	0.1106773395	-0.0390973828	-0.0372834097	0.061153175	0.0759597246	-0.0289520873	0.13879100000000005
-0.0787916676	0.06766360099999999	-0.0502661174	0.0282111925	-0.0035423403000000007	-0.0214547298	0.0444638974	-0.10536500000000001	0.12110599999999999	-0.349045	0.00448013	0.000679742	-0.0012582000000000001	0.1272144867	0.0084469195	-0.0354040999	-0.0462881047	0.0404215074	0.0110878271	0.049592400000000064
-0.0790536414	0.068664611	-0.0523488658	0.0315146823	-0.0079603416	-0.0162810877	0.0391172318	-0.12338800000000001	0.16378299999999998	-0.297113	0.00356309	0.000772503	-0.0014809	0.0942062131	0.0642954227	-0.0550925309	-0.0579978393	-0.0272844457	0.0634496367	0.17425704999999994
-0.079306527	0.06963404620000001	-0.0543774543	0.0347602118	-0.0123554694	-0.0110400859	0.0335503118	-0.111946	0.119539	-0.288044	0.0036631	0.00115471	-0.00129649	-0.0005136459	0.0787530916	-0.06470777429999999	0.08748100689999999	-0.091611275	0.0055621867	0.09808635
-0.0795502952	0.0705714608	-0.05634978440000001	0.0379418119	-0.0167150947	-0.005753407800000001	0.0277944824	-0.108999	0.13136099999999998	-0.336648	0.00525991	0.00106709	-0.00126385	-0.0100474275	0.1049989773	-0.06261007730000001	-0.0180997811	-0.0090029014	0.0292065792	0.14922649999999998
-0.079784918	0.0714764238	-0.0582638153	0.0410536312	-0.0210266903	-0.0004429262	0.0218821528	-0.13155999999999998	0.157427	-0.267173	0.00416397	0.00136603	-0.00145288	-0.0369163294	0.1131215765	-0.0642509072	0.1197296634	-0.0698338551	0.047452797000000005	0.1972975
-0.0800103684	0.07234851889999999	-0.0601175669	0.044089946500000005	-0.0252778672	0.004869388	0.0158466129	-0.128022	0.09164960000000001	-0.24342399999999997	0.00416465	0.00116161	-0.00119094	-0.0669235488	0.0149319281	-0.0344190719	0.0053127848	-0.0408874367	0.0090714183	0.1164164
-0.08022662059999999	0.07318734519999999	-0.0619091212	0.0470451738	-0.0294564099	0.010161556	0.0097218466	-0.15193799999999996	0.15621300000000002	-0.178438	0.00380626	0.00153511	-0.00135154	-0.0832937451	0.0103751424	-0.0686759308	0.0394193758	-0.0089936102	0.0504615354	0.1980899
-0.0804336496	0.07399251700000001	-0.0636366248	0.0499138777	-0.0335503118	0.0154116826	0.0035423403000000007	-0.136016	0.08005189999999998	-0.21691300000000002	0.00482448	0.00109787	-0.00116512	-0.0677177962	-0.0460493989	-0.0559553661	0.0476562137	-0.0908646037	-0.0310950666	0.2126521
-0.0806314317	0.0747636639	-0.0652982905	0.0526907823	-0.0375478092	0.0205980464	-0.0026571115999999995	-0.192163	0.240621	-0.145809	0.00406065	0.00174708	-0.00116512	0.0099232923	-0.08504435699999999	-0.0932780468	0.0089255553	-0.07387143980000001	-0.0524127069	0.35847209999999996
-0.0808199441	0.0755004314	-0.0668923989	0.0553707806	-0.0414374156	0.0256991899	-0.0088416023	-0.149977	0.13299200000000005	-0.2270530000000001	0.00446198	0.00150153	-0.0008174569999999997	0.034323029	0.0204556624	-0.0423390344	-0.0074594281	-0.0044431484	-0.0698848529	0.28078615
-0.08099916509999999	0.0762024808	-0.0684173009	0.0579489435	-0.0452079546	0.030694008	-0.0149763093	-0.137856	-0.0142436	-0.24764299999999997	0.00490563	0.00179384	-0.000959876	-0.0299365241	0.0937395013	-0.1248683132	-0.0115131066	-0.0716352036	0.0057580341	0.22386555
-0.0811690742	0.076869489	-0.0698714189	0.06042052940000001	-0.048848591600000005	0.035561835800000004	-0.0210266903	-0.114773	0.109418	-0.259846	0.00460332	0.00120603	-0.00054712	0.0127160217	0.0697445909	-0.0859313592	0.0429644445	0.0250829869	0.07991224400000001	0.22409139999999997
-0.0813296518	0.0775011496	-0.0712532484	0.0627809927	-0.0523488658	0.0402825336	-0.0269586778	-0.11194100000000001	0.0818729	-0.251836	0.00425409	0.00153301	-0.00021097099999999998	0.0078347377	0.081197999	0.0022953920000000003	0.1030283174	-0.0237770507	0.0071386496999999985	0.08900505
-0.0814808795	0.0780971719	-0.0725613598	0.0650259921	-0.0556987191	0.0448365703	-0.0327388711	-0.134301	0.146061	-0.282171	0.00544961	0.0015468	-0.000368738	-0.0074690237	0.0665491057	0.0481495912	0.0660187558	0.0549509351	0.0152286092	0.18523695
-0.08162273980000001	0.0786572819	-0.0737943996	0.0671513987	-0.0588885262	0.0492051046	-0.0383347241	-0.143003	0.164339	-0.232907	0.00477103	0.00113964	-0.000458166	-0.0089287703	0.0302731808	0.1296346472	0.1476371881	0.0994678113	0.0137551042	0.1350024
-0.0817552165	0.0791812221	-0.0749510924	0.0691533037	-0.0619091212	0.0533700625	-0.0437147285	-0.143312	0.165347	-0.256858	0.00567278	0.0007921789999999997	-0.00036815800000000016	0.0426607796	-0.0055009316	0.2426029873	-0.0033724285	0.0423992437	-0.0576911889	0.09222894999999992
-0.0818782943	0.0796687514	-0.0760302412	0.0710280251	-0.06475182480000001	0.0573142124	-0.048848591600000005	-0.14998599999999998	0.173774	-0.221291	0.00477122	0.000856471	-0.000482724	0.0525029159	-0.030293467	0.21791847670000009	0.0284061904	0.0223381029	-0.0134722253	0.10468890000000004
-0.081991959	0.0801196458	-0.0770307297	0.07277211509999999	-0.06740846860000001	0.0610212361	-0.0537074066	-0.164798	0.136276	-0.274579	0.00407421	0.0009691700000000002	-0.000253282	0.0832256122	-0.0032674642	0.2133530329	-0.016640630400000002	0.0260817998	-0.0208889122	0.15755555
-0.0820961977	0.0805336979	-0.0779515227	0.0743823661	-0.0698714189	0.0644757965	-0.0582638153	-0.18164	0.144644	-0.257795	0.00491225	0.000313422	-0.000164786	0.0540663232	0.0129510763	0.1453726691	-0.0383295502	0.0394082033	-0.0285908577	0.12110820000000005
-0.0821909983	0.0809107173	-0.0787916676	0.0758558164	-0.0721335987	0.06766360099999999	-0.0624921622	-0.160629	0.100279	-0.31596199999999997	0.00379424	-0.000448854	0.00010837200000000001	0.079494967	0.0005066041	0.1166611814	-0.08453561550000001	0.0445349612	-0.109820054	0.23121520000000004
-0.08227635	0.0812505306	-0.0795502952	0.0771897563	-0.0741885076	0.0705714608	-0.06636863900000001	-0.159297	0.14524700000000001	-0.23387199999999997	0.00303616	1.11017e-05	-9.31375e-06	0.0305243183	-0.0364298243	0.0963165362	0.0191424615	-0.0491043837	0.0921131584	0.1951760725
-0.0823522428	0.0815529816	-0.08022662059999999	0.0783817324	-0.0760302412	0.07318734519999999	-0.0698714189	-0.177975	0.0525278	-0.26523800000000003	0.00284717	-0.000179397	-0.00011331399999999999	0.06586575929999999	-0.0007720174000000001	0.0536257016	-0.0173330822	-0.0929968058	0.0109298153	0.16693764749999998
-0.0824186682	0.0818179311	-0.0808199441	0.0794295525	-0.0776535072	0.0755004314	-0.0729807789	-0.19427	0.06863689999999999	-0.329732	0.00571391	-0.000405455	-0.00042488300000000003	0.0563952629	0.0651661964	0.0586088034	-0.0670688516	0.0195912828	0.0340263649	0.2671164500000001
-0.08247561839999999	0.0820452574	-0.0813296518	0.0803312895	-0.0790536414	0.0775011496	-0.07567921150000001	-0.19389800000000001	0.10864800000000001	-0.23019	0.00554554	-0.000102829	-0.00036230800000000004	-0.0610642259	0.034879204500000004	0.0378654128	0.0133009022	-0.033163168	-0.054570251900000005	0.16660365
-0.0825230869	0.0822348559	-0.0817552165	0.0810852849	-0.08022662059999999	0.0791812221	-0.0779515227	-0.175327	0.148673	-0.203099	0.00386131	-0.000264428	-0.000595439	-0.1025554174	-0.0517270445	0.0130312817	-0.04942973	-0.0591810362	0.1054908645	0.189635
-0.0825610682	0.0823866395	-0.0820961977	0.0816901521	-0.0811690742	0.0805336979	-0.079784918	-0.18615	0.15089	-0.246275	0.00589301	0.000271401	0.00012717700000000002	-0.0384562718	-0.0389163263	-0.1016640461	-0.0575212661	0.0228038992	-0.0185949796	0.22072325
-0.0825895581	0.0825005382	-0.0823522428	0.0821447785	-0.0818782943	0.0815529816	-0.0811690742	-0.163192	0.231751	-0.23996599999999998	0.00497807	0.000245872	-3.13947e-05	0.0228587354	0.0312517686	-0.1773256625	-0.1401726247	0.0538620884	-0.0361894089	0.165080035
-0.0826085531	0.08257649980000001	-0.0825230869	0.0824483281	-0.0823522428	0.0822348559	-0.0820961977	-0.141963	0.10798900000000004	-0.27111399999999997	0.0053071	0.000573231	0.00012579100000000002	-0.0449317776	0.0633708449	-0.1590379735	-0.0288150846	0.0277355286	-0.081866438	0.216817735
-0.0826180512	0.0826144894	-0.0826085531	0.0826002426	-0.0825895581	0.08257649980000001	-0.0825610682	-0.14744300000000002	0.128613	-0.224516	0.00504166	0.000768385	-5.685270000000001e-05	-0.0914922877	-0.0056416839000000005	-0.1917549814	-0.0723352947	0.0762896288	-0.0160135722	0.10486388500000003
