0.0868729224	0.08686834380000001	0.08686071320000001	0.0868500306	0.08683629650000001	0.08681951130000001	-0.0448402	0.10099999999999999	-0.06820560000000002	-0.00177782	0.000686304	0.000643337	-0.7477341819	0.0013992088	-0.2875792291	0.0726751906	0.04257017900000002	-0.0711920184	0.0
0.08686071320000001	0.08681951130000001	0.0867508561	0.0866547691	0.0865312808	0.0863804302	-0.0108414	0.189089	-0.0394671	-0.000619651	0.000261925	0.000259473	-0.3435081245	0.0340814199	0.0022207568	0.2155679897	-0.0583950857	0.0334097746	0.2491469
0.08683629650000001	0.0867218737	0.0865312808	0.0862646851	0.0859223209	0.08550448869999999	0.0	0.11888699999999999	0.0	0.0	-0.0	0.0	-0.1220160816	-0.0013214938	-0.0301077266	-0.004536146	-0.0691473846	-0.012141974	0.17756295
0.08679967570000001	0.0865754859	0.0862022651	0.0856806557	0.08501155560000001	0.0841961167	0.0	0.12971400000000002	-0.015890399999999996	-0.000862531	-0.0	0.0	-0.0717335061	-0.0029092744	0.1079005902	0.0781292038	-0.0168679445	-0.0135589453	0.06984394999999999
0.0867508561	0.0863804302	0.0857642251	0.0849039939	0.0838021842	0.0824619312	-0.0281258	0.220165	0.0	0.0	-0.0	0.00041287400000000003	0.0307855417	0.1094099661	-0.006568624	-0.0303853702	0.0331415148	0.0496630792	0.19823745
0.0866898444	0.0861368163	0.0852177147	0.0839364457	0.0822984546	0.08031070259999999	0.0	0.240688	0.0	0.0	-0.0	0.0	0.0750714899	-0.07506035700000001	0.0002187521	0.0894665741	-0.0164944751	0.0724458407	0.06929249999999999
0.08661664919999999	0.08584478109999999	0.0845634253	0.0827801866	0.08050564860000001	0.0777533106	-0.00319539	0.22524499999999997	0.00369495	-5.43741e-05	-0.0	0.0	0.0713391223	0.0469165451	0.0071677572	-0.0208232508	-0.0859434977	0.0496050476	0.025052045
0.0865312808	0.08550448869999999	0.0838021842	0.0814378161	0.0784300636	0.074802689	0.0	0.19520099999999999	0.011347	0.000219438	-0.0	0.0	0.1057705586	-0.130133994	-0.088853728	-0.0076318969	-0.0705651752	0.0633111881	0.05458204499999999
0.08643375130000001	0.08511613050000001	0.08293495440000001	0.0799123522	0.0760789902	0.07147376009999999	-0.00772612	0.279909	0.00288586	-5.39536e-05	-0.0	0.0	0.113756572	0.0754010263	0.053857938	0.0226141363	-0.026067698	-0.0394104976	0.11456484
0.0863240742	0.0846799248	0.0819628325	0.0782072245	0.0734606865	0.0677833598	-0.0349897	0.18640299999999999	0.000572179	-1.5696999999999996e-05	1.6570799999999998e-24	0.0004890830000000001	0.0621587481	-0.0260060876	-0.0410804719	-0.0442883243	-0.0607570239	-0.0440027404	0.14945024099999998
0.0862022651	0.0841961167	0.0808870481	0.0763262666	0.0705843495	0.06375015190000001	-0.026371600000000002	0.246941	0.000586877	-4.6707e-06	-0.0	0.000385023	0.07119403490000001	-0.0240194738	0.1163923796	0.0464642504	0.0154857634	-0.0235427435	0.07492511299999997
0.0860683411	0.0836649783	0.07970896179999999	0.0742737074	0.0674600824	0.0593945339	-0.0447223	0.191135	0.000586877	-4.6707e-06	-0.0	0.000628651	0.07543638009999999	0.0472236535	0.0091908376	-0.0264339498	0.0104132068	0.0111617441	0.08633809999999999
0.0859223209	0.08308680809999999	0.0784300636	0.0720541615	0.0640988592	0.054738534000000005	-0.0353712	0.23172399999999999	0.000586877	-4.6707e-06	-0.0	0.000570989	0.0387018878	-0.07689020070000001	0.0274748347	-0.0197020082	0.045937713099999986	-0.0018297271	0.05282320000000002
0.0857642251	0.0824619312	0.077051971	0.0696726192	0.0605124865	0.0498056993	-0.0509913	0.183276	0.000586877	-4.6707e-06	-0.0	0.00061235	0.0511960532	0.093515286	0.0485439621	-0.026146014300000003	-0.0226212358	0.0408208981	0.06613615000000002
0.0855940759	0.0817906987	0.07557642690000001	0.0671344347	0.0567135615	0.0446209772	-0.0294233	0.231613	0.000586877	-4.6707e-06	-0.0	0.000412017	0.050802242	-0.0034433695	-0.0122475796	-0.1604430181	0.0139736235	-0.0340557837	0.07992165000000001
0.0854118973	0.0810734882	0.0740052975	0.06444531440000001	0.052715428	0.039210589	0.0	0.264255	0.0288818	-0.0006888819999999999	-0.0	0.0	0.0300883424	-0.08523917560000001	0.0321681358	-0.0670101028	-0.0580299001	0.0139579908	0.14517163800000002
0.0852177147	0.08031070259999999	0.0723405698	0.0616113044	0.0485321297	0.0336018971	0.0	0.190869	0.00176	-4.6707e-06	-0.0	0.0	0.0510010928	0.0724626178	0.0008301464	-0.0498053208	-0.0764824189	0.0371570839	0.134718365
0.08501155560000001	0.0795027708	0.0705843495	0.058638776	0.0441783605	0.0278232669	0.0	0.287875	0.013917100000000005	3.67562e-05	-0.0	0.0	0.0544940064	-0.0504273043	0.0485737341	-0.059332724800000014	-0.1244381557	-0.0111771555	0.111234445
0.08479344890000001	0.0786501471	0.0687388576	0.0555344125	0.0396694132	0.0219039234	0.0	0.190518	0.00405566	-2.82861e-05	-0.0	0.0	0.0562817118	0.0355405668	0.0437992493	-0.0574549337	-0.1019684868	0.0093868553	0.110470555
0.0845634253	0.0777533106	0.0668064281	0.0523051931	0.0350211256	0.0158738029	0.0	0.254465	0.0129347	-0.00018795400000000002	-0.0	0.0	0.022529185	-0.06136542320000001	0.035794920099999995	-0.102360817	-0.0446385659	-0.0553987641	0.08080943500000001
0.084321517	0.0768127656	0.06478950530000001	0.0489583781	0.0302498251	0.0097634022	0.0	0.255417	0.0167024	-0.000346501	-0.0	0.0	0.0290131568	-0.0629378532	0.0369890236	-0.0030757435	-0.0260440629	0.0208480193	0.012647050000000009
0.0840677581	0.0758290407	0.0626906399	0.0455014918	0.0253722709	0.0036036241	0.0	0.22206700000000001	0.00861835	-9.05511e-05	-0.0	0.0	0.0578600927	0.0594263894	-0.0509918122	-0.0711033974	-0.0208554281	0.0107865761	0.05423154500000001
0.0838021842	0.074802689	0.0605124865	0.0419423064	0.0204055957	-0.002574379	0.0	0.241565	0.012184200000000001	-0.00018845599999999999	-0.0	0.0	0.055552848	-0.0442136037	-0.002913727	-0.0006084005	-0.0419054712	0.06850034299999999	0.02795909500000001
0.0835248327	0.0737342873	0.0582578	0.0382888237	0.0153672451	-0.0087393624	0.0	0.201173	0.00733944	-3.8323e-05	-0.0	0.0	0.0514863356	0.0919662485	-0.0462550683	-0.0731741247	-0.005703340899999999	0.008291868	0.05274341000000001
0.0832357426	0.07262443639999999	0.05592943190000002	0.0345492578	0.0102749165	-0.0148601474	0.0	0.22596999999999998	0.00110215	-6.0204399999999996e-05	-0.0	0.0	0.033818899	-0.0531167052	0.007965621400000001	0.0227768116	-0.0161673421	0.0991656456	0.032128360000000016
0.08293495440000001	0.07147376009999999	0.053530327	0.0307320162	0.0051464969	-0.0209057786	0.0	0.22240500000000002	0.019673799999999998	-0.000408251	-0.0	0.0	0.0525582796	0.1356536428	-0.0423093162	-0.0030608218	-0.0160464498	-0.0370045573	0.03953898000000002
0.0826225104	0.0702829053	0.0510635197	0.026845681	0.0	-0.026845681	0.0	0.21273899999999998	0.015792700000000003	-0.000505226	-0.0	0.0	0.0006699280000000001	-0.0752776143	0.028983387000000006	-0.1159224332	0.044011420700000005	-0.0420049015	0.018395849999999984
0.0822984546	0.06905254129999999	0.0485321297	0.0228989897	-0.0051464969	-0.0326498139	0.0	0.183956	0.00146985	-0.00012252700000000001	-0.0	0.0	-0.0085335673	0.0959983724	0.1564495009	-0.0918473286	0.0928959935	0.0070463846	0.0622408
0.0819628325	0.0677833598	0.0459393588	0.0189008155	-0.0102749165	-0.0382888237	0.00798682	0.323067	0.0153976	-0.000718038	0.000379655	0.0	0.0056096544	-0.0459256876	0.0812767418	-0.0493072652	0.0154448446	0.0785584057	0.20978387
0.0816156912	0.0664760744	0.043288486	0.0148601474	-0.0153672451	-0.0437341916	0.00148889	0.219385	0.0121051	-0.000259258	0.000566389	0.0	0.0266148393	0.0437747309	0.0102529719	0.0167568353	0.062385714	0.055790404	0.14574813
0.0812570796	0.0651314197	0.040582864100000005	0.0107860698	-0.0204055957	-0.0489583781	0.00414687	0.305313	0.025371900000000003	-0.000707517	0.000288372	0.0	0.0131060026	-0.0433497419	0.0330324153	0.0160404981	0.008447682199999999	-0.0405472106	0.13816658
0.0808870481	0.06375015190000001	0.037825915	0.0066877423	-0.0253722709	-0.0539349624	2.18538e-05	0.22915	0.010261200000000002	-0.00034471	0.000235782	0.0	0.0397405314	0.0037896421	0.0145613003	0.0911573628	0.0569334717	-0.0201702374	0.11616856619999999
0.08050564860000001	0.062333047300000013	0.0350211256	0.002574379	-0.0302498251	-0.058638776	0.00450992	0.295576	0.013834899999999999	-0.00046127900000000004	0.00032934	0.0	0.0285547303	-0.0355635437	0.0127644573	0.0405493731	0.0731988038	-0.057962488	0.08499411620000001
0.08011293480000001	0.0608809025	0.0321720432	-0.0015447720999999998	-0.0350211256	-0.06304602990000001	0.00151937	0.21146700000000002	0.0197272	-0.000661777	0.000402499	6.56007e-05	0.0350556993	0.0063078009	0.004847971	0.1000212369	0.07745578040000001	0.0078423251	0.109954735
0.07970896179999999	0.0593945339	0.0292822713	-0.0056604503000000006	-0.0396694132	-0.0671344347	0.00490775	0.28980300000000003	0.0331232	-0.000501379	0.000423563	0.0	0.0283717078	-0.0287902883	-0.0207745534	0.0511319481	0.0881050127	-0.0507817729	0.10747351499999996
0.0792937865	0.057874777	0.0263554645	-0.0097634022	-0.0441783605	-0.0708833137	0.000794529	0.238452	0.0331806	-0.000961355	0.00034227199999999996	0.0	0.0229223918	0.0075514469	-0.0124410946	0.1033580073	0.0531238109	0.0126925936	0.082584971
0.0788674671	0.0563224862	0.0233953247	-0.0138444035	-0.0485321297	-0.0742737074	0.00238358	0.254849	0.0419905	-0.0013426200000000005	0.00020542	0.0	0.0274756982	-0.0263694832	-0.0473008133	0.0093408345	0.047838832000000005	-0.0413075065	0.05270180100000001
0.0784300636	0.054738534000000005	0.0204055957	-0.017894278899999998	-0.052715428	-0.0772884692	-0.00113215	0.263854	0.0419164	-0.00121481	0.000409991	0.00016390599999999999	0.0255983712	-0.0291622917	0.006242986999999999	0.0989682179	0.08037782759999999	-0.005475954399999999	0.037409179999999986
0.0779816375	0.0531238108	0.017390058700000002	-0.0219039234	-0.0567135615	-0.0799123522	-0.00505671	0.264989	0.0575613	-0.00160657	0.000354298	0.000272602	0.037250329	0.0307901082	-0.0660988124	-0.035829954500000004	0.1196638089	-0.0980114511	0.04851191
0.0775222518	0.0514792244	0.0143525276	-0.0258643221	-0.0605124865	-0.0821320864	-0.0018948	0.321296	0.09402519999999999	-0.00248812	0.00047239900000000003	0.000278008	0.0301178963	-0.0404327747	0.0070610636	0.1277282263	0.0389494445	-0.0124104094	0.14618566000000002
0.077051971	0.0498056993	0.0112968441	-0.0297665711	-0.0640988592	-0.0839364457	-0.00284995	0.256319	0.0674006	-0.00168553	0.00033317	0.000466315	0.0562857691	0.0602436789	-0.0825534853	0.0101075836	0.094787132	-0.110553965	0.14906305
0.0765708613	0.0481041762	0.008226873	-0.0336018971	-0.0674600824	-0.0853163048	0.00283633	0.335953	0.0859482	-0.00224569	0.000480255	0.0	0.0431978934	-0.0971808499	-0.0103214907	0.0975717711	0.0772799817	-0.036021034300000004	0.16254587999999998
0.0760789902	0.0463756116	0.0051464969	-0.0373616773	-0.0705843495	-0.0862646851	-0.00533392	0.253637	0.0234262	-0.0009227860000000001	0.000297633	0.00033671300000000004	0.0490692672	0.1244278257	-0.0725721046	0.013940211200000002	0.092225061	-0.0783167429	0.2451202
0.07557642690000001	0.0446209772	0.0020596118	-0.0410374587	-0.0734606865	-0.0867767904	-0.007672639999999999	0.35295	0.0701145	-0.00195118	0.00044823300000000003	0.00048103800000000004	0.0259488786	-0.0892844937	-0.0132919453	-0.0409873214	0.0374567393	-0.0627251644	0.21450597
0.075063242	0.042841259400000005	-0.0010298783	-0.0446209772	-0.0760789902	-0.0868500306	-0.00959531	0.24551599999999998	0.039724199999999994	-0.00131898	0.000365182	0.000393826	0.0218713671	0.058330664	0.0177342709	0.035371276	0.058885223	-0.08341830230000001	0.17987011999999994
0.0745395077	0.0410374587	-0.0041180657	-0.0481041762	-0.0784300636	-0.08648403539999999	-0.00514836	0.301475	0.0562298	-0.00219084	0.000443211	0.000248731	-0.005639293399999999	-0.0401905844	0.0033547281	0.000287007	0.0201829233	-0.0710331459	0.13166074999999994
0.0740052975	0.039210589	-0.0072010449	-0.0514792244	-0.08050564860000001	-0.0856806557	-0.00585144	0.230041	0.024398	-0.00165074	0.00041081900000000004	0.00048195400000000004	0.0097597099	-0.0730961207	-0.0029946234	0.1148258432	0.1045409925	-0.0700231758	0.14425463
0.0734606865	0.0373616773	-0.0102749165	-0.054738534000000005	-0.0822984546	-0.08444395460000001	-0.000305296	0.314879	0.0535635	-0.00207981	3.40934e-05	9.87343e-05	-0.0087622328	0.0501559644	-0.0318711485	0.027726348	0.076050486	-0.0360144513	0.17900040900000005
0.0729057513	0.0354917629	-0.0133357929	-0.057874777	-0.0838021842	-0.0827801866	0.007476919999999998	0.243761	0.030828199999999997	-0.00154222	0.00038300599999999997	0.000318143	-0.0017330055	-0.0947349798	-0.0656126365	-0.0224364944	0.0495324764	0.0413658637	0.15693108100000006
0.0723405698	0.0336018971	-0.0163798029	-0.0608809025	-0.08501155560000001	-0.08069776599999999	0.00926966	0.327426	0.0434698	-0.00182881	0.000539826	0.00018744	-0.0371587678	0.0784394444	0.0294662989	-0.0286990096	0.048605101100000006	0.0304300517	0.12680498999999998
0.0717652216	0.0316931422	-0.0194030965	-0.06375015190000001	-0.0859223209	-0.0782072245	0.00529693	0.243932	0.029025099999999998	-0.00143778	0.000385135	0.000198515	-0.0338808288	0.00913048	-0.0613080596	-0.0713802704	0.0207781177	0.0025117655	0.12975123
0.0711797874	0.0297665711	-0.0224018501	-0.0664760744	-0.0865312808	-0.0753211577	0.00319382	0.301663	0.043386400000000006	-0.00169617	0.000387711	0.00030895900000000003	-0.0306154192	-0.08934234490000001	0.0198068741	-0.0074561391	0.0476257981	0.0529527276	0.09276591
0.0705843495	0.0278232669	-0.0253722709	-0.06905254129999999	-0.08683629650000001	-0.0720541615	0.00844602	0.25131	0.0386327	-0.00161491	0.000219536	6.892069999999999e-05	-0.0309495836	0.0454292045	0.0274963244	-0.0170729612	0.0016167527	0.0493731558	0.08483256500000005
0.0699789916	0.0258643221	-0.0283106021	-0.07147376009999999	-0.08683629650000001	-0.06842275860000001	0.00309565	0.29222600000000004	0.0154142	-0.0007646589999999999	6.757659999999999e-05	0.0	-0.0040557985	0.022132924	-0.0256822071	-0.0386283541	0.0379851492	0.0008949895	0.12304142500000002
0.0693637988	0.0238908378	-0.0312131275	-0.0737342873	-0.0865312808	-0.06444531440000001	0.00872765	0.264287	0.0232525	-0.00175294	0.00035361400000000003	0.000577892	-0.0298436776	-0.0636886915	-0.05645666780000001	-0.0633998434	0.0147068165	0.0140691829	0.13401981999999998
0.0687388576	0.0219039234	-0.0340761761	-0.0758290407	-0.0859223209	-0.0601419444	0.00873129	0.301147	0.00593964	-0.00166779	0.000488976	0.000150285	-0.0601447724	0.0326110393	0.0830565741	0.049624753499999986	0.0135263662	0.02345684	0.08658245
0.0681042557	0.0199046958	-0.036896126800000005	-0.0777533106	-0.08501155560000001	-0.0555344125	0.0109835	0.286258	0.013943500000000001	-0.00124697	0.00048693	0.0	-0.020435622	0.0693124105	-0.0150237214	-0.0156089021	-0.0129910918	0.0472279312	0.05380261999999999
0.0674600824	0.017894278899999998	-0.0396694132	-0.0795027708	-0.0838021842	-0.0506460208	0.00972502	0.286596	0.0269967	-0.00189344	0.000738433	0.000263847	-0.0426002668	-0.0840502135	-0.035394610699999995	-0.0613902257	-0.0427737455	0.0341850322	0.07274068
0.0668064281	0.0158738029	-0.0423925277	-0.0810734882	-0.0822984546	-0.0455014918	0.0179635	0.270175	0.0125819	-0.00184953	0.0006959469999999999	0.0	-0.042185344000000013	-0.0082323753	0.0281372686	0.0147727757	-0.0201169334	0.0512840641	0.056586430000000014
0.0661433849	0.0138444035	-0.0450620262	-0.0824619312	-0.08050564860000001	-0.0401268436	0.00949645	0.303167	0.014597899999999999	-0.00147507	0.000431411	0.0	-0.0121565378	0.1045999522	-0.0380458072	-0.0195802145	0.0084017201	-0.0183671438	0.07542485000000003
0.0654710458	0.0118072215	-0.0476745325	-0.0836649783	-0.0784300636	-0.0345492578	-0.00303721	0.260323	0.029797000000000008	-0.00131977	0.000574983	0.00045203	-0.0199599372	0.0324471	-0.0422849086	-0.0497489569	-0.0492329276	0.0009338093	0.10812186
0.06478950530000001	0.0097634022	-0.0502267424	-0.0846799248	-0.0760789902	-0.0287969426	0.00343678	0.274939	0.0119281	-0.00146432	0.000500778	0.000182466	-0.0093203363	-0.0826048716	-0.0034718197	-0.0335316323	0.0009513332	0.0288937312	0.06337483999999996
0.0640988592	0.0077140944	-0.052715428	-0.08550448869999999	-0.0734606865	-0.0228989897	0.00330983	0.292136	0.0150429	-0.00104779	0.000640183	0.00017752599999999998	-0.0122401191	0.0695695926	0.0192966879	-0.0506234884	-0.0243630303	0.0740984712	0.04848250000000001
0.0633992047	0.0056604503000000006	-0.05513744190000002	-0.0861368163	-0.0705843495	-0.0168852274	-0.00193241	0.261899	0.00767738	-0.000978887	0.000532771	0.00011045	-0.0207837898	0.0110374795	-0.0707854374	-0.056972329	-0.0103674317	0.0043281331	0.05501431000000001
0.0626906399	0.0036036241	-0.0574897206	-0.0865754859	-0.0674600824	-0.0107860698	0.007836789999999998	0.283914	0.00443852	-0.00110206	0.000483911	7.70052e-05	0.0005618382	-0.08165136490000001	-0.0296151815	0.0844226501	-0.0594348281	0.0991256783	0.04529695000000001
0.0619732646	0.0015447720999999998	-0.0597692892	-0.08681951130000001	-0.0640988592	-0.0046323627	0.00519694	0.23126599999999997	-0.00559097	-0.000434769	0.000512773	0.000215102	-0.0113507861	0.0908921321	-0.0586881383	0.0286672599	-0.0971408344	0.0496773579	0.10702983
0.0612471794	-0.0005149482	-0.0619732646	-0.08686834380000001	-0.0605124865	0.0015447720999999998	0.000316146	0.312604	0.00750751	-0.000625235	0.000477785	8.572139999999999e-05	-0.0252690409	-0.0317106479	-0.0114694828	-0.0241887621	-0.1468850781	0.0112312651	0.11705900399999998
0.0605124865	-0.002574379	-0.0640988592	-0.0867218737	-0.0567135615	0.0077140944	0.000367828	0.212734	-0.00173226	-0.000625834	0.000474009	0.000128028	-0.0350384649	0.013208036	0.0546609658	0.0420120396	-0.1128799207	0.035905688	0.111495532
0.0597692892	-0.0046323627	-0.0661433849	-0.0863804302	-0.052715428	0.0138444035	0.00176403	0.287453	-0.00157957	-0.000723723	0.000623073	0.00042457599999999997	-0.0032902096000000003	0.0411899081	-0.0229197888	0.031549067	-0.1095286806	0.008299290400000001	0.103442942
0.0590176918	-0.0066877423	-0.0681042557	-0.08584478109999999	-0.0485321297	0.0199046958	0.00633714	0.231269	-2.53401e-05	-0.000833443	0.00051905	0.00026722	-0.005295065600000001	-0.061180951	-0.0625511336	-0.0264044451	-0.118262471	-0.047130531100000005	0.08086628990000001
0.0582578	-0.0087393624	-0.0699789916	-0.08511613050000001	-0.0441783605	0.0258643221	0.00528711	0.30568	-0.004968600000000001	-0.000698748	0.0006188680000000001	8.84433e-05	-0.0283224543	-0.0341988831	0.0684508281	0.0730232201	-0.0915899898	0.0165758041	0.1010687749
0.0574897206	-0.0107860698	-0.0717652216	-0.0841961167	-0.0396694132	0.0316931422	0.013362200000000001	0.226892	-0.00541284	-0.0005117780000000001	0.000535908	0.000416445	-0.0257683005	0.0817175967	-0.0021879232	-0.0177321468	-0.0665507221	0.0233270026	0.117203915
0.0567135615	-0.0128267138	-0.0734606865	-0.08308680809999999	-0.0350211256	0.0373616773	0.00992308	0.282263	0.00384934	-0.000690246	0.000599713	0.00022827900000000001	-0.024559472	-0.0899789264	0.0496427245	-0.06105500320000001	-0.07354707049999999	0.0285133805	0.08959424999999997
0.05592943190000002	-0.0148601474	-0.075063242	-0.0817906987	-0.0302498251	0.042841259400000005	0.0116171	0.223505	-0.00657734	-0.000668802	0.0008383009999999997	0.00024598599999999996	-0.0312433002	0.0590759838	0.1127652201	-0.0153619377	-0.0397063235	-0.0133057512	0.08476564999999997
0.05513744190000002	-0.0168852274	-0.0765708613	-0.08031070259999999	-0.0253722709	0.0481041762	-0.00280966	0.260175	-0.00548767	-0.0009776960000000001	0.000431805	0.00037492900000000003	-0.048014747	-0.006598707099999999	0.0385387871	-0.082842517	0.0247302807	-0.0352235115	0.09440307999999996
0.054337702800000005	-0.0189008155	-0.0779816375	-0.0786501471	-0.0204055957	0.0531238108	0.000599212	0.24531	-0.00510584	-0.00106606	0.000525331	0.00043621599999999996	-0.011722757	-0.0422995414	0.0092137442	0.0103645189	-0.0226653794	0.0299504419	0.030814551999999995
0.053530327	-0.0209057786	-0.0792937865	-0.0768127656	-0.0153672451	0.057874777	-0.00607796	0.250253	-0.00754605	-0.0009657180000000001	0.00024778	0.00040147800000000003	-0.0201394783	0.0605246488	-0.020972057	-0.035653786800000004	0.0062300598	0.0222367253	0.034691932
0.052715428	-0.0228989897	-0.08050564860000001	-0.074802689	-0.0102749165	0.062333047300000013	-0.007913909999999998	0.222735	-0.011893299999999999	-0.0008312079999999997	0.00029271099999999997	0.00051432	-0.0166752148	-0.0494775385	-0.0116545695	0.0335220826	-0.0016499322	0.1355876993	0.04831535000000002
0.0518931204	-0.0248793282	-0.0816156912	-0.07262443639999999	-0.0051464969	0.0664760744	-0.00843718	0.282854	-0.008164819999999998	-0.0007952889999999999	0.00031447	0.000621365	0.0270218039	0.1149616672	0.0198564068	0.0019683291	-0.0174543803	0.0283192058	0.0726069
0.0510635197	-0.026845681	-0.0826225104	-0.0702829053	-0.0	0.0702829053	-0.00879133	0.26714	0.012232999999999999	-0.00113624	0.000273531	0.000655515	-0.0280610688	0.0140712127	0.0004502977	-0.0025237656	-0.1087278391	0.0046296746000000005	0.05726796999999999
0.0502267424	-0.0287969426	-0.0835248327	-0.0677833598	0.0051464969	0.0737342873	-0.0129286	0.24047	-0.0150628	-0.00161075	0.0008606329999999998	0.00124612	-0.0168293757	-0.0012773845	0.0464620857	0.0442770422	-0.0423639627	0.00921809	0.14071392
0.0493829062	-0.0307320162	-0.084321517	-0.0651314197	0.0102749165	0.0768127656	-0.012706100000000001	0.30791999999999997	0.00544132	-0.00202236	0.000813598	0.00107517	-0.0372948289	0.0394713724	0.0536283395	0.0241725215	-0.054154421	-0.0191357842	0.11965637000000005
0.0485321297	-0.0326498139	-0.08501155560000001	-0.062333047300000013	0.0153672451	0.0795027708	-0.0101874	0.219854	-0.0292777	-0.00195816	0.00075675	0.00116343	-0.0222581074	-0.1075403592	0.0040510582	0.0745420254	0.0097379388	0.0183118878	0.13576912000000002
0.0476745325	-0.0345492578	-0.0855940759	-0.0593945339	0.0204055957	0.0817906987	-0.0125353	0.292711	-0.00344493	-0.00167007	0.0008780669999999997	0.0010871600000000002	-0.0135193679	0.102020114	0.0436721595	9.75153e-05	-0.0177587652	-0.0245531903	0.12532152000000002
0.046810235	-0.03642928	-0.0860683411	-0.0563224862	0.0253722709	0.0836649783	-0.0151218	0.223154	0.00438331	-0.00115202	0.0008059039999999998	0.00113079	-0.043771137800000005	-0.0780161492	-0.032632216400000004	-0.0706373907	-0.0856621212	0.0001426457	0.11166389000000004
0.0459393588	-0.0382888237	-0.08643375130000001	-0.0531238108	0.0302498251	0.08511613050000001	-0.011254700000000001	0.32962600000000003	0.00608792	-0.0017785399999999997	0.000546909	0.00107535	-0.0298350154	0.06430386099999999	0.1247079803	0.0030570658	-0.0642679396	-0.0449597458	0.15909145999999996
0.0450620262	-0.0401268436	-0.0866898444	-0.0498056993	0.0350211256	0.0861368163	-0.0007247469999999998	0.275378	0.0240803	-0.00163381	0.00064312	0.00103792	-0.0021511888	-0.0543438228	-0.0153771514	-0.0192360221	-0.132239234	-0.0520461718	0.09668888299999998
0.0441783605	-0.0419423064	-0.08683629650000001	-0.0463756116	0.0396694132	0.0867218737	-0.000697091	0.25658400000000003	0.00801641	-0.00205058	0.0005889119999999999	0.00112929	-0.0081569802	0.0401885477	0.0875318567	0.0103227105	-0.0417339157	-0.0452634228	0.06300294600000005
0.043288486	-0.0437341916	-0.0868729224	-0.042841259400000005	0.0441783605	0.08686834380000001	-0.0028604	0.275975	0.026455799999999998	-0.00139957	0.000257611	0.000836826	0.015651568799999998	-0.0397258052	-0.0720146717	-0.0002228457	-0.055674332400000005	-0.0456263781	0.10373244900000003
0.0423925277	-0.0455014918	-0.08679967570000001	-0.039210589	0.0485321297	0.0865754859	0.000137135	0.299451	0.0267955	-0.00193889	0.000451874	0.000978161	0.0548289792	0.0102841413	0.076101149	0.0692749366	0.0403727705	-0.1009937873	0.070559135
0.0414906114	-0.0472432137	-0.08661664919999999	-0.0354917629	0.052715428	0.08584478109999999	-0.0005430330000000001	0.273483	0.044055000000000004	-0.00238715	0.00039394699999999996	0.0012245	0.0452017305	-0.0230144658	0.0081188512	0.016771884299999998	-0.0251512667	-0.0937559418	0.08153396800000005
0.040582864100000005	-0.0489583781	-0.0863240742	-0.0316931422	0.0567135615	0.0846799248	-0.00723369	0.264656	0.0285651	-0.00225937	0.000182361	0.00128124	0.0397388246	0.0008670128999999999	0.1064835256	0.0598292984	0.0302649859	-0.0871334627	0.05081285699999998
0.0396694132	-0.0506460208	-0.0859223209	-0.0278232669	0.0605124865	0.08308680809999999	-0.000202684	0.296283	0.030216200000000002	-0.00208985	0.000287025	0.000978161	0.0472904576	0.0261672128	-0.0202111513	-0.0071106723	0.0189083943	0.012021346499999998	0.06917225600000003
0.0387503871	-0.0523051931	-0.0854118973	-0.0238908378	0.0640988592	0.0810734882	-0.00309859	0.270049	0.0112238	-0.00223381	0.000295252	0.0012630999999999999	0.0624399775	-0.0595279308	0.0340892054	0.0714099849	0.0708371024	-0.0187853233	0.06997860600000005
0.037825915	-0.0539349624	-0.08479344890000001	-0.0199046958	0.0674600824	0.0786501471	-0.00356431	0.299176	0.0370782	-0.00234948	0.000174175	0.00138552	0.0352503692	0.0268710166	-0.0346355974	0.0525316046	-0.0026391226	0.0056127508	0.07340547
0.036896126800000005	-0.0555344125	-0.0840677581	-0.0158738029	0.0705843495	0.0758290407	-0.00685879	0.242492	0.00710598	-0.00236241	0.00028942400000000004	0.00146192	0.0287607777	-0.08485701640000001	0.0062639502	0.0805546839	0.0643366707	-0.0198226555	0.10017965
0.0359611532	-0.0571026442	-0.0832357426	-0.0118072215	0.0734606865	0.07262443639999999	-0.0130268	0.327223	0.0253424	-0.00255837	-5.8875799999999996e-05	0.00144719	0.0478340476	0.0996150035	-0.0479692553	0.004488685300000001	0.080103442	0.0175489383	0.13708491999999994
0.0350211256	-0.058638776	-0.0822984546	-0.0077140944	0.0760789902	0.06905254129999999	-0.011417900000000002	0.265916	0.0251397	-0.00230075	0.000310785	0.00169801	0.0441303599	-0.0794433331	-0.0910328061	-0.0642897142	0.0425593005	-0.0127765313	0.10702364
0.0340761761	-0.0601419444	-0.0812570796	-0.0036036241	0.0784300636	0.0651314197	-0.0138305	0.327006	0.0427825	-0.00282954	0.000378045	0.00143333	0.0065919319	0.0171166874	0.0114882702	-0.0419298621	0.0087458936	0.0455942788	0.12418190000000005
0.0331264375	-0.0616113044	-0.08011293480000001	0.0005149482	0.08050564860000001	0.0608809025	0.00222127	0.247652	0.0248785	-0.00228173	0.00029010900000000004	0.00143333	0.0143838226	-0.069968245	-0.0464126995	-0.053990150999999986	-0.005858656899999999	0.0199291076	0.14509707000000002
0.0321720432	-0.06304602990000001	-0.0788674671	0.0046323627	0.0822984546	0.0563224862	-0.018178200000000002	0.308344	0.0363094	-0.00262494	-5.03605e-05	0.00143333	-0.0045639902000000005	0.0415863339	-0.0012937118	-0.0703013894	0.0528897487	-0.0064275635	0.126706345
0.0312131275	-0.06444531440000001	-0.0775222518	0.0087393624	0.0838021842	0.0514792244	-0.025972900000000004	0.259646	0.00037296199999999996	-0.00205145	0.00014565299999999998	0.00198134	-0.0155708016	-0.0485954083	-0.0352022748	-0.0811465814	0.072217213	0.0698677562	0.15830481300000002
0.0302498251	-0.0658083714	-0.0760789902	0.0128267138	0.08501155560000001	0.0463756116	-0.0122858	0.306268	0.025422	-0.00249538	-2.65786e-05	0.00155822	-0.0120288461	0.0439110501	-0.0064248793	-0.0834379386	0.1024644695	0.0318459642	0.137322218
0.0292822713	-0.0671344347	-0.0745395077	0.0168852274	0.0859223209	0.0410374587	-0.00898338	0.26342899999999997	0.0169758	-0.00198931	0.000273767	0.00150497	-0.0125827374	-0.0571029858	-0.005743469100000001	-0.007300797199999999	0.04213315	0.0881990082	0.09757089999999992
0.0283106021	-0.06842275860000001	-0.0729057513	0.0209057786	0.0865312808	0.0354917629	-0.0438965	0.29020100000000004	0.017169900000000002	-0.00198271	6.3182100000000015e-06	0.00199523	0.0068715648	0.08106249360000001	-0.0382629311	-0.042665934800000006	0.06657526679999999	0.0001332244	0.10009465949999996
0.0273349542	-0.0696726192	-0.0711797874	0.0248793282	0.08683629650000001	0.0297665711	-0.032094	0.31052199999999996	0.049282599999999996	-0.00183225	0.000104723	0.00214815	0.0303014383	-0.0579904587	-0.0500261593	-0.0085828355	0.0251189437	0.07736135570000001	0.08432543950000004
0.0263554645	-0.0708833137	-0.0693637988	0.0287969426	0.08683629650000001	0.0238908378	-0.039075900000000004	0.282704	0.0411386	-0.00167338	1.0281400000000001e-05	0.00259347	0.0568325841	0.0777313013	-0.05719042570000001	-0.027534801	0.0597599608	-0.007873815	0.07787548000000001
0.0253722709	-0.0720541615	-0.0674600824	0.0326498139	0.0865312808	0.017894278899999998	-0.0465149	0.326453	0.0531803	-0.00195169	4.45268e-06	0.00258523	0.0100970341	-0.0419214443	0.0186640402	-0.0128804682	-0.0006368033	0.0255039902	0.07784863600000001
0.0243855114	-0.0731845046	-0.0654710458	0.03642928	0.0859223209	0.0118072215	-0.0572861	0.243011	0.041181300000000004	-0.0017456	0.00011154	0.00275829	0.0402421499	0.0663032314	-0.045473719	-0.0144819216	0.0383199024	-0.0348202853	0.13052406600000002
0.0233953247	-0.0742737074	-0.0633992047	0.0401268436	0.08501155560000001	0.0056604503000000006	-0.0442566	0.277466	0.015291399999999997	-0.00102148	-4.18957e-05	0.00274022	-0.039580133	-0.0595341012	0.0781938106	-0.0441490958	0.0882856684	-0.013630438799999998	0.118155685
0.0224018501	-0.0753211577	-0.0612471794	0.0437341916	0.0838021842	-0.0005149482	-0.0527047	0.236752	0.00939974	-0.000856286	-0.000277684	0.00293033	-0.0230402127	0.1113445535	0.0572993766	-0.05598865	0.0785527491	-0.0217278344	0.084608375
0.021405227	-0.0763262666	-0.0590176918	0.0472432137	0.0822984546	-0.0066877423	-0.0487847	0.35181999999999997	0.0833575	-0.00258492	-0.000274021	0.00296638	-0.002049358	-0.0720187132	0.0259703351	-0.0956018245	0.0438249843	-0.0047443369	0.28136311
0.0204055957	-0.0772884692	-0.0567135615	0.0506460208	0.08050564860000001	-0.0128267138	-0.0555837	0.304223	0.0514422	-0.00164606	-0.000287942	0.00323241	0.046612199400000005	0.08314978469999999	0.0258992781	-0.0310331127	-0.0232523096	0.0240413653	0.14725185
0.0194030965	-0.0782072245	-0.054337702800000005	0.0539349624	0.0784300636	-0.0189008155	-0.0562549	0.334545	0.0834203	-0.00271076	-0.000177944	0.00332735	0.0236108419	-0.088275201	-0.0136233133	-0.098035373	-0.017180671	-0.0515017086	0.1264532
0.0183978704	-0.0790820161	-0.0518931204	0.0571026442	0.0760789902	-0.0248793282	-0.06462949999999999	0.311452	0.08341660000000001	-0.00279222	-0.000233993	0.0036085	0.0077048992	0.0518004618	0.0632691796	0.0447665687	0.0006880183	-0.016257714	0.05240425
0.017390058700000002	-0.0799123522	-0.0493829062	0.0601419444	0.0734606865	-0.0307320162	-0.08620669999999997	0.292719	0.062062300000000015	-0.00216065	-0.00037567300000000003	0.00384857	0.0192932276	-0.0223644841	-0.0658316865	-0.0433461568	0.0674560936	-0.1238224434	0.11233049999999996
0.0163798029	-0.08069776599999999	-0.046810235	0.06304602990000001	0.0705843495	-0.03642928	-0.07777089999999999	0.332142	0.0834813	-0.00294435	-5.79729e-05	0.00382427	0.0186083779	-0.0608004868	0.0443543999	0.1607791364	0.053997928499999986	-0.0175303296	0.12556280499999994
0.0153672451	-0.0814378161	-0.0441783605	0.0658083714	0.0674600824	-0.0419423064	-0.0983832	0.27728600000000003	0.060986300000000014	-0.00262965	-0.000561836	0.00457188	0.0263375363	0.0676446413	-0.0911865859	0.0141091216	0.0729502662	-0.0534796119	0.17627195500000006
0.0143525276	-0.0821320864	-0.0414906114	0.06842275860000001	0.0640988592	-0.0472432137	-0.0685316	0.35856	0.11851900000000005	-0.00339487	-0.00049791	0.00405486	-0.0041265713	-0.0742729387	0.0559834067	0.0227743721	0.0772539438	-0.039156402	0.23596660000000005
0.0133357929	-0.0827801866	-0.0387503871	0.0708833137	0.0605124865	-0.0523051931	-0.08670939999999999	0.317314	0.100232	-0.00312676	-0.000421133	0.00444391	0.008540102800000001	0.0888923214	-0.047730332	-0.014762046	0.012043211000000002	-0.0136788826	0.11440764999999993
0.0123171841	-0.0833817525	-0.0359611532	0.0731845046	0.0567135615	-0.0571026442	-0.091268	0.336516	0.134613	-0.00395322	-0.000761562	0.00471354	-0.0145806919	-0.0795491517	-0.0167581828	-0.0526957841	-0.0150644486	0.022432425	0.12996755
0.0112968441	-0.0839364457	-0.0331264375	0.0753211577	0.052715428	-0.0616113044	-0.08776399999999998	0.350091	0.137182	-0.00391441	-0.000545545	0.00474641	0.005113077299999999	0.0559947158	-0.0080585391	0.0386918069	-0.0221252265	-0.013744733	0.03403285000000005
0.0102749165	-0.08444395460000001	-0.0302498251	0.0772884692	0.0485321297	-0.0658083714	-0.0829571	0.329851	0.126778	-0.00330439	-0.0008449410000000001	0.00479553	0.0005688201	-0.0035267527	-0.0964960372	0.0111120247	0.0209773571	-0.0695890859	0.08337769999999997
0.0092515448	-0.0849039939	-0.0273349542	0.0790820161	0.0441783605	-0.0696726192	-0.0694096	0.33523000000000003	0.13626	-0.0035606	-0.000608216	0.00482382	0.0348148527	-0.1004926844	-0.06448557419999999	0.15756176449999998	-0.0178439653	0.0277844208	0.05446974999999999
0.008226873	-0.0853163048	-0.0243855114	0.08069776599999999	0.0396694132	-0.0731845046	-0.0495598	0.341954	0.11546500000000001	-0.00360284	-0.00042354199999999995	0.00465825	0.039179618	0.1112380645	-0.05654818230000001	0.0863829894	0.0428981198	-0.0346583695	0.066993
0.0072010449	-0.0856806557	-0.021405227	0.0821320864	0.0350211256	-0.0763262666	-0.029582900000000002	0.342949	0.120433	-0.00346677	-0.000333105	0.00435243	-0.0053098334	-0.0314547465	-0.0299670462	0.0834935898	-0.0600738503	0.0439608	0.05255625000000002
0.0061742047	-0.08599684169999999	-0.0183978704	0.0833817525	0.0302498251	-0.0790820161	-0.027559300000000002	0.294034	0.0795576	-0.00281308	-0.00020328299999999998	0.00445409	-0.0023413491	-0.0367350968	-0.0066745581	0.1542814728	-0.0277756158	0.05829530700000001	0.13607260000000002
0.0051464969	-0.0862646851	-0.0153672451	0.08444395460000001	0.0253722709	-0.0814378161	-0.013663999999999999	0.39884400000000003	0.10915599999999999	-0.00342397	-0.000402593	0.0044122	-0.035330381	-0.0027431864	0.0293331896	0.0722205676	0.0251686883	-0.0181050431	0.1909082
0.0041180657	-0.08648403539999999	-0.0123171841	0.0853163048	0.0204055957	-0.0833817525	-0.00805867	0.306471	0.10824500000000001	-0.00330449	-0.000264473	0.00455285	-0.0307284704	-0.1311452976	-0.0114565672	0.0465243275	0.0575531938	0.0392297951	0.11880183
0.0030890558	-0.0866547691	-0.0092515448	0.08599684169999999	0.0153672451	-0.0849039939	-0.0231989	0.38246399999999997	0.147106	-0.00413209	-0.000728083	0.00466188	-0.043769247699999986	0.1103713722	0.019477685	-0.0009405076	0.034616768900000004	0.005341337099999999	0.20000623000000006
0.0020596118	-0.0867767904	-0.0061742047	0.08648403539999999	0.0102749165	-0.08599684169999999	-0.032457099999999996	0.341555	0.130448	-0.00367567	-0.000667565	0.00481395	-0.0367250737	-0.0699806701	-0.0347610588	-0.0717931324	-0.012367597	-0.002121972	0.10027559999999996
0.0010298783	-0.0868500306	-0.0030890558	0.0867767904	0.0051464969	-0.0866547691	-0.0335031	0.37125	0.11479400000000001	-0.00352176	-0.000735469	0.00522819	-0.0447401487	0.0627972448	0.0955468102	-0.0094733283	0.0556050772	-0.0118158743	0.0781977
0.0	-0.08687444859999999	-0.0	0.08687444859999999	0.0	-0.08687444859999999	-0.0381291	0.36785	0.126913	-0.0035139000000000004	-0.000862793	0.00485845	-0.0250844588	0.0086635697	-0.0233907662	-0.019063635	0.0283748272	0.006732223000000001	0.045391200000000013
-0.0010298783	-0.0868500306	0.0030890558	0.0867767904	-0.0051464969	-0.0866547691	-0.0234829	0.383959	0.126083	-0.00393192	-0.0008537489999999999	0.00479637	-0.0210623403	-0.011230114	0.0712309678	0.0598663741	0.0440302625	0.0142725545	0.05604239999999999
-0.0020596118	-0.0867767904	0.0061742047	0.08648403539999999	-0.0102749165	-0.08599684169999999	-0.0135922	0.377996	0.12150699999999999	-0.00391108	-0.000513274	0.00468295	-0.0055320448	0.0381188995	-0.0219876429	0.020217738	4.64288e-05	0.0829499122	0.04416645000000003
-0.0030890558	-0.0866547691	0.0092515448	0.08599684169999999	-0.0153672451	-0.0849039939	-0.0209758	0.35522800000000004	0.09321510000000001	-0.00371422	-0.000900898	0.00491206	-0.043396237699999986	-0.0537497824	-0.0009750313	0.0570610403	0.037333299900000005	0.092719032	0.09912320000000002
-0.0041180657	-0.08648403539999999	0.0123171841	0.0853163048	-0.0204055957	-0.0833817525	-0.029753199999999997	0.406883	0.160197	-0.00403889	-0.00109523	0.0052744	-0.0577343139	0.0803815017	-0.0525313263	0.0216543421	-0.0321197461	0.1049684825	0.17148140000000006
-0.0051464969	-0.0862646851	0.0153672451	0.08444395460000001	-0.0253722709	-0.0814378161	-0.0442475	0.41755699999999996	0.221396	-0.00438126	-0.0012713	0.00589901	-0.0052579325	-0.0411421649	-0.0203688772	-0.023918815	-0.0119588002	0.0624948631	0.14351979999999998
-0.0061742047	-0.08599684169999999	0.0183978704	0.0833817525	-0.0302498251	-0.0790820161	-0.0354495	0.409061	0.24659899999999998	-0.00472512	-0.00137382	0.00585707	-0.0089505587	0.0493389211	0.0058317432	0.0083215743	-0.0837723273	0.0906024538	0.06691300000000003
-0.0072010449	-0.0856806557	0.021405227	0.0821320864	-0.0350211256	-0.0763262666	-0.0308731	0.387991	0.214096	-0.004146199999999999	-0.00123521	0.00571525	0.0053264885	-0.1016307085	-0.0412236581	0.0098157158	-0.0519215399	0.0843923752	0.10111690000000004
-0.008226873	-0.0853163048	0.0243855114	0.08069776599999999	-0.0396694132	-0.0731845046	-0.022404900000000002	0.425688	0.244236	-0.0044793	-0.00160965	0.00571524	0.0047499168	0.1109151817	0.0195326366	0.0244790359	-0.0388016334	0.0208042621	0.11168270000000004
-0.0092515448	-0.0849039939	0.0273349542	0.0790820161	-0.0441783605	-0.0696726192	-0.024600900000000002	0.399663	0.255542	-0.00398349	-0.00175847	0.00571525	0.0160606605	-0.0187874533	-0.085158716	-0.103569331	-0.0082636897	-0.072079515	0.07175900000000003
-0.0102749165	-0.08444395460000001	0.0302498251	0.0772884692	-0.0485321297	-0.0658083714	-0.037014	0.416846	0.277883	-0.00467552	-0.00157482	0.00592061	0.0235452204	-0.0173938317	0.041817885	0.091542392	-0.0334356435	-0.027101108	0.1059891
-0.0112968441	-0.0839364457	0.0331264375	0.0753211577	-0.052715428	-0.0616113044	-0.03622569999999999	0.406195	0.264991	-0.00459486	-0.00180418	0.00615524	0.0348920067	0.0714928626	-0.0894557383	-0.0006090093	-0.010953604	-0.0657285341	0.05156380000000005
-0.0123171841	-0.0833817525	0.0359611532	0.0731845046	-0.0567135615	-0.0571026442	-0.040882999999999996	0.438352	0.30348	-0.00547003	-0.00181212	0.00601298	0.0177484425	-0.0499502896	-0.0142503976	0.0217888198	-0.0767818653	-0.0157388312	0.12657180000000007
-0.0133357929	-0.0827801866	0.0387503871	0.0708833137	-0.0605124865	-0.0523051931	-0.0469555	0.40054	0.251607	-0.00505133	-0.00186293	0.00642955	0.0134634553	0.0755090507	0.0093492526	-0.0060954505	-0.0471961929	-0.0358008212	0.1400615
-0.0143525276	-0.0821320864	0.0414906114	0.06842275860000001	-0.0640988592	-0.0472432137	-0.038535400000000004	0.463117	0.289838	-0.00597013	-0.00182995	0.00647813	0.0078620696	0.0041088445	-0.006266466899999999	0.024233097400000004	-0.1006054287	-0.0621332757	0.15924609999999995
-0.0153672451	-0.0814378161	0.0441783605	0.0658083714	-0.0674600824	-0.0419423064	-0.0443568	0.397563	0.241883	-0.00480221	-0.00168231	0.00627449	0.0083689544	-0.1222185335	-0.0321000032	0.0342363033	-0.0187172505	-0.0351023918	0.1952904
-0.0163798029	-0.08069776599999999	0.046810235	0.06304602990000001	-0.0705843495	-0.03642928	-0.0436609	0.465445	0.29526199999999997	-0.00588891	-0.00193262	0.00653132	-0.0001465008	0.1087067798	0.0116495234	0.0288033725	-0.0678641985	-0.0041275111	0.2016489
-0.017390058700000002	-0.0799123522	0.0493829062	0.0601419444	-0.0734606865	-0.0307320162	-0.043339300000000004	0.373135	0.23866199999999999	-0.00466254	-0.00175605	0.00642266	-0.0369531617	-0.0783060148	-0.0386686696	-0.1372487818	-0.0412382599	-0.0536253827	0.2248116
-0.0183978704	-0.0790820161	0.0518931204	0.0571026442	-0.0760789902	-0.0248793282	-0.038905800000000004	0.503965	0.287765	-0.00551308	-0.00175705	0.00692467	-0.0480212812	0.0530069012	0.1029876651	-0.0214761546	-0.0198174136	-0.0436567713	0.252044
-0.0194030965	-0.0782072245	0.054337702800000005	0.0539349624	-0.0784300636	-0.0189008155	-0.022709599999999996	0.280501	0.0469505	-0.00193785	-0.0012123	0.00677474	-0.0613952835	-0.008637807800000001	0.1374451366	-0.2158374367	0.15825321609999998	0.0261592823	0.6939702
-0.0204055957	-0.0772884692	0.0567135615	0.0506460208	-0.08050564860000001	-0.0128267138	-0.041221100000000004	0.473497	0.182167	-0.00424944	-0.00183877	0.00706018	-0.13181948	-0.0539880671	0.3736228720000001	-0.044561064	0.0740736051	-0.0665747459	0.507899
-0.021405227	-0.0763262666	0.0590176918	0.0472432137	-0.0822984546	-0.0066877423	-0.0402976	0.488929	0.291136	-0.00527987	-0.00237057	0.00750985	-0.0403610376	0.0814936193	0.0435721335	-0.038367354	-0.1123520755	-0.07438534299999999	0.22591950000000002
-0.0224018501	-0.0753211577	0.0612471794	0.0437341916	-0.0838021842	-0.0005149482	-0.017695500000000003	0.474814	0.294273	-0.00568405	-0.00214398	0.00703325	0.0243823877	-0.1044146841	0.055897605	0.0452884022	-0.0886244483	0.0158131439	0.09522260000000002
-0.0233953247	-0.0742737074	0.0633992047	0.0401268436	-0.08501155560000001	0.0056604503000000006	-0.0008800099999999998	0.512737	0.281908	-0.00498815	-0.00195514	0.00703325	0.0368662552	0.1144572068	-0.06454983480000001	0.0306831039	-0.0987516173	-0.0249901831	0.11134049
-0.0243855114	-0.0731845046	0.0654710458	0.03642928	-0.0859223209	0.0118072215	-0.023084599999999997	0.388859	0.241196	-0.00465187	-0.00230723	0.00639573	0.0433646913	-0.1073038644	-0.0285260323	-0.014924321200000003	-0.0144806491	0.021366034	0.25308909
-0.0253722709	-0.0720541615	0.0674600824	0.0326498139	-0.0865312808	0.017894278899999998	-0.0122291	0.503402	0.325793	-0.00443149	-0.00288793	0.00696602	0.0280491394	0.1297574406	-0.07816732629999999	0.0358923748	-0.0705368687	-0.0246277994	0.278564
-0.0263554645	-0.0708833137	0.0693637988	0.0287969426	-0.08683629650000001	0.0238908378	-0.012295799999999999	0.411811	0.30033200000000004	-0.00454672	-0.00284482	0.00662948	0.0405896436	-0.0746296266	-0.0818801252	-0.0422199956	-0.0810617069	-0.0413436513	0.14186270000000006
-0.0273349542	-0.0696726192	0.0711797874	0.0248793282	-0.08683629650000001	0.0297665711	-0.00750915	0.476958	0.310827	-0.00535876	-0.0027572	0.00697124	0.0243437852	0.048960703	0.0091461251	0.018418701000000003	-0.1085698759	-0.052033908	0.14249965000000006
-0.0283106021	-0.06842275860000001	0.0729057513	0.0209057786	-0.0865312808	0.0354917629	-0.0115726	0.42931099999999994	0.291033	-0.00501587	-0.00288227	0.00718156	0.0233756067	-0.0429117103	-0.0438151189	-0.026773932200000003	-0.1075185053	-0.08309897570000001	0.10541845
-0.0292822713	-0.0671344347	0.0745395077	0.0168852274	-0.0859223209	0.0410374587	-0.00379093	0.489145	0.313427	-0.00526032	-0.00246188	0.00708702	0.0432941575	0.006289927900000001	-0.0058199886	0.0901609488	-0.162319133	-0.0352050272	0.12797867
-0.0302498251	-0.0658083714	0.0760789902	0.0128267138	-0.08501155560000001	0.0463756116	-0.0276691	0.474631	0.29989	-0.00509036	-0.00317671	0.007777799999999999	0.031135251800000006	-0.0261160143	-0.0512257777	-0.0059048546	-0.12948431130000002	-0.092871117	0.13070766999999991
-0.0312131275	-0.06444531440000001	0.0775222518	0.0087393624	-0.0838021842	0.0514792244	-0.039717199999999994	0.503365	0.306023	-0.00545421	-0.00333521	0.00781426	0.0273617888	0.0402879412	-0.0126666285	0.03155122	-0.1275463735	-0.0186523365	0.07485559999999991
-0.0321720432	-0.06304602990000001	0.0788674671	0.0046323627	-0.0822984546	0.0563224862	-0.07161380000000002	0.366873	0.15322	-0.00220627	-0.00414597	0.00629726	-0.0019689795	-0.0246207439	-0.0885604697	-0.1000766139	0.0388848494	0.0090899536	0.5999765999999999
-0.0331264375	-0.0616113044	0.08011293480000001	0.0005149482	-0.08050564860000001	0.0608809025	-0.047231800000000004	0.385731	0.159685	-0.00207845	-0.00452645	0.00667024	-0.021514374500000003	-0.031221538	0.1113506003	-0.1166355877	0.0545169382	0.07443011719999999	0.093769
-0.0340761761	-0.0601419444	0.0812570796	-0.0036036241	-0.0784300636	0.0651314197	-0.030047900000000006	0.522197	0.291198	-0.00327589	-0.00513891	0.00700773	-0.0719058204	0.0036008755	0.1288018133	-0.0884607952	-0.0488322927	-0.0050644867	0.3925324000000001
-0.0350211256	-0.058638776	0.0822984546	-0.0077140944	-0.0760789902	0.06905254129999999	-0.0485168	0.36722	0.180201	-0.00253367	-0.00417222	0.00700721	0.0012439723	-0.0083723229	-0.0156287779	-0.0681910759	-0.0311849206	0.0665539632	0.3699144
-0.0359611532	-0.0571026442	0.0832357426	-0.0118072215	-0.0734606865	0.07262443639999999	-0.0640571	0.377023	0.14933	-0.00272458	-0.00426511	0.00719785	0.0011849942	0.0010468942	-0.0095515397	-0.063970258	-0.0002883243	0.0874315037	0.07993630000000003
-0.036896126800000005	-0.0555344125	0.0840677581	-0.0158738029	-0.0705843495	0.0758290407	-0.0625123	0.386506	0.16964100000000001	-0.00274935	-0.00463254	0.007247619999999998	-0.0358662855	-0.0031366365	0.0423159195	0.013564604	-0.0096732428	0.0965803994	0.05343729999999998
-0.037825915	-0.0539349624	0.08479344890000001	-0.0199046958	-0.0674600824	0.0786501471	-0.0512499	0.40705	0.225435	-0.00284491	-0.00486171	0.00739154	-0.0551793292	-0.026683656	0.053117383600000005	-0.1614807714	0.0214572871	-0.1362042649	0.11103290000000003
-0.0387503871	-0.0523051931	0.0854118973	-0.0238908378	-0.0640988592	0.0810734882	-0.037748800000000006	0.42520399999999997	0.269821	-0.00353214	-0.00523385	0.00744533	-0.051439421500000006	0.0282246132	0.0508156871	0.0047474272	-0.0553738456	0.07334966	0.1316991
-0.0396694132	-0.0506460208	0.0859223209	-0.0278232669	-0.0605124865	0.08308680809999999	-0.023261	0.262899	0.07157150000000001	-0.0007240439999999998	-0.00442569	0.00600779	0.0153895772	-0.023381031200000003	0.0258281658	0.0044495298	0.0110607833	0.2393775809	0.6277321
-0.040582864100000005	-0.0489583781	0.0863240742	-0.0316931422	-0.0567135615	0.0846799248	-0.027723900000000003	0.421958	0.149678	-0.00219938	-0.00506384	0.00699266	0.023159273	-0.014624467	0.0212013309	0.001809259	-0.0077859181000000015	0.2087968971	0.3965462
-0.0414906114	-0.0472432137	0.08661664919999999	-0.0354917629	-0.052715428	0.08584478109999999	-0.028733799999999997	0.375409	0.15826800000000002	-0.0017728799999999997	-0.00521901	0.007269089999999998	-0.0123002757	-0.0135200882	0.0003535981	-0.0466451716	0.06860947349999999	0.1054105634	0.09905389999999996
-0.0423925277	-0.0455014918	0.08679967570000001	-0.039210589	-0.0485321297	0.0865754859	-0.0154245	0.42518999999999996	0.231618	-0.00286062	-0.00509938	0.00702588	-0.0197916891	0.0441263745	0.0909330827	-0.0454510264	0.0337102383	-0.0355980892	0.20896929999999997
-0.043288486	-0.0437341916	0.0868729224	-0.042841259400000005	-0.0441783605	0.08686834380000001	-0.0130252	0.37696999999999997	0.200553	-0.00214732	-0.00531795	0.00665151	0.0275839086	-0.0075434347	-0.0199306936	-0.0652047065	0.104229735	0.0413606201	0.14699629999999994
-0.0441783605	-0.0419423064	0.08683629650000001	-0.0463756116	-0.0396694132	0.0867218737	0.00187528	0.463917	0.205729	-0.00274845	-0.00454352	0.00676466	0.0244669872	0.0188644416	0.0596210541	0.0250324001	0.1108038505	0.0146348893	0.18145898
-0.0450620262	-0.0401268436	0.0866898444	-0.0498056993	-0.0350211256	0.0861368163	-0.0403972	0.338378	0.17283900000000002	-0.00193953	-0.0044632	0.00615622	0.0216574151	0.0263495223	-0.0806224294	-0.0052309875	0.1229488715	0.050495672000000005	0.27558548
-0.0459393588	-0.0382888237	0.08643375130000001	-0.0531238108	-0.0302498251	0.08511613050000001	-0.0222446	0.413471	0.196145	-0.00272408	-0.004479	0.00672146	0.0066716305	-0.0021001236	0.0457367185	0.0607294201	0.1346216866	-0.0056430388	0.18483110000000005
-0.046810235	-0.03642928	0.0860683411	-0.0563224862	-0.0253722709	0.0836649783	-0.017332	0.407589	0.20683200000000002	-0.00250386	-0.00454352	0.006626600000000001	0.0124984938	0.0417970214	-0.1106424381	0.01954897	0.1036893945	0.0413103784	0.04046159999999994
-0.0476745325	-0.0345492578	0.0855940759	-0.0593945339	-0.0204055957	0.0817906987	-0.022677700000000002	0.41347700000000004	0.200874	-0.00278357	-0.00452445	0.00667935	0.0397530504	-0.0183040341	0.0003773366	0.0733677803	0.15507125230000002	-0.0130354341	0.034768199999999964
-0.0485321297	-0.0326498139	0.08501155560000001	-0.062333047300000013	-0.0153672451	0.0795027708	-0.0300029	0.404059	0.22313200000000002	-0.00333433	-0.00485336	0.00678509	0.0353020992	0.0449784636	-0.0581925788	0.0736778288	0.0842504646	0.0503160412	0.08827169999999998
-0.0493829062	-0.0307320162	0.084321517	-0.0651314197	-0.0102749165	0.0768127656	-0.0360007	0.392081	0.190804	-0.00324509	-0.00442877	0.00681978	0.056779245599999986	-0.0476321329	-0.0738418438	0.0603532372	0.1633185894	-0.0285052673	0.07772979999999999
-0.0502267424	-0.0287969426	0.0835248327	-0.0677833598	-0.0051464969	0.0737342873	-0.0244391	0.45183199999999996	0.250575	-0.00415323	-0.00471777	0.00717289	0.0304499291	0.0382864278	-0.0273316099	0.0758575184	0.096097713	0.016274807	0.20859610000000006
-0.0510635197	-0.026845681	0.0826225104	-0.0702829053	-0.0	0.0702829053	-0.0518717	0.389651	0.220302	-0.00419546	-0.00454352	0.00724375	0.0461869182	-0.0130675723	-0.1059019639	0.0584086178	0.1083892457	-0.0366524726	0.13425359999999995
-0.0518931204	-0.0248793282	0.0816156912	-0.07262443639999999	0.0051464969	0.0664760744	-0.0395734	0.462158	0.24441500000000002	-0.00442057	-0.0047414	0.00771268	-0.0172460814	-0.0125195845	-0.023559448	0.0151792874	0.1171042834	-0.0091542615	0.15351430000000002
-0.052715428	-0.0228989897	0.08050564860000001	-0.074802689	0.0102749165	0.062333047300000013	-0.0363713	0.43531099999999995	0.244398	-0.00443662	-0.00454352	0.00796131	0.0340762566	0.0098234672	-0.0470789757	0.0417117498	0.045533084	-0.0063332901	0.053194099999999904
-0.053530327	-0.0209057786	0.0792937865	-0.0768127656	0.0153672451	0.057874777	-0.0533564	0.4577729999999999	0.238121	-0.00473621	-0.00500139	0.0082492	-0.0130082616	-0.0098164218	-0.008422199200000001	-0.0024190491	0.0445599091	-0.0932034601	0.09799160000000004
-0.054337702800000005	-0.0189008155	0.0779816375	-0.0786501471	0.0204055957	0.0531238108	-0.045490300000000004	0.45851800000000004	0.26566300000000004	-0.00549355	-0.00490768	0.008371039999999998	-0.0096248258	0.0191460637	0.0178281174	0.041839784	0.0129469556	-0.0211475451	0.0847975999999999
-0.05513744190000002	-0.0168852274	0.0765708613	-0.08031070259999999	0.0253722709	0.0481041762	-0.0465616	0.431216	0.24988600000000002	-0.00491822	-0.00495784	0.00855727	-0.0201992875	-0.0585944125	-0.1001302439	-0.038676507	0.0317612875	-0.1383291289	0.0847363
-0.05592943190000002	-0.0148601474	0.075063242	-0.0817906987	0.0302498251	0.042841259400000005	-0.0347989	0.45756899999999995	0.23168200000000005	-0.0045267	-0.00478176	0.007618319999999999	-0.0409069014	-0.0079130543	0.156430077	0.006627904499999999	0.0550772759	-0.0881578731	0.13164720000000002
-0.0567135615	-0.0128267138	0.0734606865	-0.08308680809999999	0.0350211256	0.0373616773	-0.0414703	0.400089	0.22672899999999999	-0.00457185	-0.00458956	0.00721058	-0.0653177687	0.049972639000000006	0.0354786954	-0.0018810466	0.0266253772	-0.1434166507	0.10135889999999996
-0.0574897206	-0.0107860698	0.0717652216	-0.0841961167	0.0396694132	0.0316931422	-0.023976499999999998	0.429209	0.21068800000000001	-0.00412357	-0.00461589	0.00678201	-0.0035512171	-0.060090915	0.08537214679999999	0.0813207426	0.0476280759	-0.0076682237	0.10781380000000007
-0.0582578	-0.0087393624	0.0699789916	-0.08511613050000001	0.0441783605	0.0258643221	-0.019608700000000003	0.4596	0.277807	-0.00553976	-0.00498668	0.0070673	-0.0378791167	0.0666889836	-0.0264678121	0.0483702512	-0.0508061616	0.0323153359	0.20549130000000007
-0.0590176918	-0.0066877423	0.0681042557	-0.08584478109999999	0.0485321297	0.0199046958	-0.0165797	0.438291	0.23331300000000002	-0.004933600000000001	-0.00478448	0.00714019	0.0116156188	-0.1165912407	-0.033217884700000005	0.06763913469999999	0.0297658901	0.026056284	0.1128945000000001
-0.0597692892	-0.0046323627	0.0661433849	-0.0863804302	0.052715428	0.0138444035	-0.00738847	0.498041	0.30533499999999997	-0.00566276	-0.00497666	0.00765991	0.0009617325	0.1124470927	-0.0277884933	0.050350091900000005	-0.0141778344	-0.0022264176000000003	0.21301623000000008
-0.0605124865	-0.002574379	0.0640988592	-0.0867218737	0.0567135615	0.0077140944	-0.0170961	0.441633	0.28133800000000003	-0.00528408	-0.00516524	0.00734407	0.0361505635	-0.08582671230000001	-0.11490933	-0.0500522569	-0.0324962681	-0.0772829542	0.13426763000000005
-0.0612471794	-0.0005149482	0.0619732646	-0.08686834380000001	0.0605124865	0.0015447720999999998	-0.008139139999999998	0.48956700000000003	0.298598	-0.00619952	-0.0050685	0.00734407	-0.0181741647	0.0611136035	0.0245091371	0.0571353541	-0.053069035999999986	-0.016050648600000002	0.12475995999999995
-0.0619732646	0.0015447720999999998	0.0597692892	-0.08681951130000001	0.0640988592	-0.0046323627	-0.0182462	0.33824499999999996	0.127957	-0.0032747	-0.00412525	0.00734407	-0.0232383877	-0.0347951177	-0.0832628133	-0.0252082287	0.0659169806	-0.0446663035	0.5254735599999999
-0.0626906399	0.0036036241	0.0574897206	-0.0865754859	0.0674600824	-0.0107860698	0.00319778	0.530616	0.27270300000000003	-0.00607319	-0.00536895	0.007967399999999998	0.012000984	-0.0748500489	0.0422711895	0.165855257	0.0114525307	-0.0160220545	0.59183698
-0.0633992047	0.0056604503000000006	0.05513744190000002	-0.0861368163	0.0705843495	-0.0168852274	-0.0207635	0.480421	0.34513499999999997	-0.0062513	-0.00590658	0.00851766	0.0601967486	0.034522447799999995	-0.1335209994	0.0734944387	-0.0735252659	-0.016564945600000002	0.20988828000000007
-0.0640988592	0.0077140944	0.052715428	-0.08550448869999999	0.0734606865	-0.0228989897	0.012727500000000001	0.554662	0.383789	-0.00760075	-0.00569171	0.00870338	0.0599014546	-0.08278344530000001	-0.0022501373	0.1193867535	-0.150012809	-0.011761086100000002	0.233888
-0.06478950530000001	0.0097634022	0.0502267424	-0.0846799248	0.0760789902	-0.0287969426	-0.023685400000000002	0.510173	0.39460700000000004	-0.0074506	-0.00622874	0.00929909	0.0530756195	0.0985208772	-0.0305231629	0.044781233600000005	-0.0743461089	-0.0999408819	0.15586440000000001
-0.0654710458	0.0118072215	0.0476745325	-0.0836649783	0.0784300636	-0.0345492578	0.0017393	0.543561	0.434795	-0.00833945	-0.00609391	0.00917229	-0.0088722655	-0.0547567605	0.05765340450000001	-0.012736548500000002	-0.0691385534	-0.12652843130000002	0.15652469999999993
-0.0661433849	0.0138444035	0.0450620262	-0.0824619312	0.08050564860000001	-0.0401268436	-0.0278007	0.489937	0.39404	-0.00738632	-0.00617406	0.00968612	0.0104382674	0.0452614768	0.035877630099999995	0.0078323334	-0.0484019572	-0.1120946846	0.2012744999999999
-0.0668064281	0.0158738029	0.0423925277	-0.0810734882	0.0822984546	-0.0455014918	-0.00432296	0.550906	0.438949	-0.0084586	-0.00630096	0.00960501	-0.0196399626	-0.0052861527	0.0414510597	-0.0329113721	-0.0209878206	-0.1547269638	0.19337024
-0.0674600824	0.017894278899999998	0.0396694132	-0.0795027708	0.0838021842	-0.0506460208	-0.017184099999999997	0.50425	0.386833	-0.007682439999999999	-0.00559586	0.00942313	0.0179024296	-0.0694530662	-0.0111641178	0.035445760699999995	0.0026649199	-0.0828271196	0.19479014000000008
-0.0681042557	0.0199046958	0.036896126800000005	-0.0777533106	0.08501155560000001	-0.0555344125	-0.0102081	0.5517380000000001	0.41611000000000004	-0.00812726	-0.00614303	0.00950273	-0.0060216022	0.0589048754	0.0424410077	-0.0643541257	-0.003917736	-0.07315696	0.13732049999999998
-0.0687388576	0.0219039234	0.0340761761	-0.0758290407	0.0859223209	-0.0601419444	-0.00883543	0.542357	0.40013899999999997	-0.0074614999999999985	-0.00618039	0.00942312	-0.0085350664	-0.004048119	-0.08144743559999999	-0.06273503700000001	-0.0842258895	0.0248222206	0.06586116999999991
-0.0693637988	0.0238908378	0.0312131275	-0.0737342873	0.0865312808	-0.06444531440000001	0.00929182	0.39059	0.11832000000000001	-0.0034123000000000005	-0.00605252	0.007856689999999998	0.0129212954	0.0304526327	-0.0763919929	-0.0490320627	0.0800529566	0.3082980836	0.7388882500000001
-0.0699789916	0.0258643221	0.0283106021	-0.07147376009999999	0.08683629650000001	-0.06842275860000001	0.00574872	0.611945	0.287434	-0.00669286	-0.00509074	0.00948196	0.0474091871	0.0453739875	-0.1012686695	0.0001227742	-0.0648968157	0.2197273287	0.6873925999999999
-0.0705843495	0.0278232669	0.0253722709	-0.06905254129999999	0.08683629650000001	-0.0720541615	0.0025269000000000003	0.626438	0.348062	-0.00648487	-0.0071747	0.00852276	-0.0170216731	-0.0430509992	-0.05731091570000001	-0.0937055454	-0.0817714058	0.0410861177	0.24090032
-0.0711797874	0.0297665711	0.0224018501	-0.0664760744	0.0865312808	-0.0753211577	0.017158699999999995	0.5165529999999999	0.355585	-0.00544973	-0.00669854	0.007748299999999999	-0.020931647	0.0078873474	0.0823333007	-0.0467316562	-0.0458680502	0.1136329639	0.24632780000000004
-0.0717652216	0.0316931422	0.0194030965	-0.06375015190000001	0.0859223209	-0.0782072245	0.0171977	0.569958	0.295294	-0.00551548	-0.00538728	0.00926269	0.0004887057	-0.0168504216	-0.0587979219	-0.1132804875	-0.0684311289	0.0193967263	0.25830499999999995
-0.0723405698	0.0336018971	0.0163798029	-0.0608809025	0.08501155560000001	-0.08069776599999999	0.030947500000000006	0.490296	0.329268	-0.00524347	-0.00681064	0.00731476	-0.0077989246999999986	-0.046434193	0.0611699792	0.0477501603	0.0197339225	0.081707637	0.3095508
-0.0729057513	0.0354917629	0.0133357929	-0.057874777	0.0838021842	-0.0827801866	0.01793	0.40976999999999997	0.32676900000000003	-0.00462639	-0.00691335	0.00669758	0.0038825718	0.0999566696	-0.0346848065	-0.0244782625	0.0166254852	0.0327243635	0.16289100000000006
-0.0734606865	0.0373616773	0.0102749165	-0.054738534000000005	0.0822984546	-0.08444395460000001	0.030769499999999998	0.49981099999999995	0.383019	-0.00564081	-0.00710546	0.00700388	-0.0135061193	-0.08515426460000003	0.0015130076999999998	-0.0223480679	0.002361319	0.06530225320000001	0.23477199999999995
-0.0740052975	0.039210589	0.0072010449	-0.0514792244	0.08050564860000001	-0.0856806557	0.0206959	0.4507060000000001	0.37097800000000003	-0.00544945	-0.00757564	0.007281239999999999	0.0164045092	0.1089412806	0.0114941985	0.006428743000000001	-0.00853158	0.0240546952	0.1181646
-0.0745395077	0.0410374587	0.0041180657	-0.0481041762	0.0784300636	-0.08648403539999999	0.033616900000000005	0.5219659999999999	0.388718	-0.00620053	-0.008203699999999998	0.0075917	0.012718393400000002	-0.0564842489	-0.0214783392	-0.0357827347	-0.0742721648	-0.0050519038	0.18640100000000007
-0.075063242	0.042841259400000005	0.0010298783	-0.0446209772	0.0760789902	-0.0868500306	0.0296811	0.5454479999999999	0.42419799999999996	-0.00697162	-0.00777177	0.008339399999999999	-0.0163202668	0.027690191	0.0758333267	0.0344703085	-0.0662688786	-0.023429339700000003	0.16043380000000002
-0.07557642690000001	0.0446209772	-0.0020596118	-0.0410374587	0.0734606865	-0.0867767904	0.0132995	0.560557	0.428518	-0.00769194	-0.00781702	0.008491139999999998	-0.0200156382	-0.0263327065	0.0055617725	-0.0726345414	-0.050368871	-0.046986559	0.08167609999999981
-0.0760789902	0.0463756116	-0.0051464969	-0.0373616773	0.0705843495	-0.0862646851	0.012671300000000005	0.555467	0.441697	-0.00808878	-0.00761618	0.00893225	-0.0156164855	-0.014976996299999996	0.0797509538	0.0667879783	-0.0151109684	0.0013726566	0.07083669999999986
-0.0765708613	0.0481041762	-0.008226873	-0.0336018971	0.0674600824	-0.0853163048	0.00972881	0.565384	0.45377399999999996	-0.00799504	-0.00836792	0.00925559	0.0039929663	0.0488079179	-0.0607077544	-0.002510266	0.011063527	-0.0802506692	0.0833774899999999
-0.077051971	0.0498056993	-0.0112968441	-0.0297665711	0.0640988592	-0.0839364457	0.018915	0.587501	0.458895	-0.00829558	-0.007490789999999998	0.00919286	0.0124271315	-0.0716813026	0.0220735356	0.0579634329	0.010685741499999998	0.044527583200000005	0.09844418999999996
-0.0775222518	0.0514792244	-0.0143525276	-0.0258643221	0.0605124865	-0.0821320864	0.0202011	0.559342	0.454679	-0.00858296	-0.00813399	0.009022399999999998	0.024370199999999998	0.0877951032	-0.0285982427	-0.0390911036	-0.0121041638	-0.0219905094	0.08871310000000013
-0.0779816375	0.0531238108	-0.017390058700000002	-0.0219039234	0.0567135615	-0.0799123522	0.027403399999999998	0.524199	0.397986	-0.00860951	-0.0071244	0.009022399999999998	-0.0927177355	-0.0477793322	0.0766151249	-0.0868358776	-0.0260931046	0.0369649445	0.15084530000000002
-0.0784300636	0.054738534000000005	-0.0204055957	-0.017894278899999998	0.052715428	-0.0772884692	-0.00712505	0.432284	0.19025599999999998	-0.00592213	-0.006317100000000001	0.009022399999999998	-0.0956346339	0.0838159366	0.0530955496	-0.0791503152	0.1009142171	0.1200048272	0.50890745
-0.0788674671	0.0563224862	-0.0233953247	-0.0138444035	0.0485321297	-0.0742737074	0.011015299999999999	0.52295	0.241475	-0.00631181	-0.00658325	0.009022399999999998	-0.009793851	-0.0309111172	0.0937812593	-0.0288687616	-0.0053991835	0.0889691785	0.19281685
-0.0792937865	0.057874777	-0.0263554645	-0.0097634022	0.0441783605	-0.0708833137	0.00698284	0.578271	0.417495	-0.008130109999999998	-0.00755555	0.00868877	-0.06515269480000001	0.0075400786	0.0379568602	0.032681703199999995	-0.0634000701	-0.0142340752	0.3915849599999999
-0.07970896179999999	0.0593945339	-0.0292822713	-0.0056604503000000006	0.0396694132	-0.0671344347	0.031797700000000005	0.620587	0.522099	-0.009453399999999999	-0.008448189999999998	0.0090708	-0.019887528600000003	-0.0304232357	0.0839409626	0.0037738802	-0.0910368614	-0.1006373628	0.30163286
-0.08011293480000001	0.0608809025	-0.0321720432	-0.0015447720999999998	0.0350211256	-0.06304602990000001	0.024791499999999998	0.542118	0.48354600000000003	-0.00911705	-0.00784245	0.00917142	0.0123547026	0.0167149168	0.0875877748	-0.0299047013	-0.0306033959	-0.049030660700000006	0.17616369999999992
-0.08050564860000001	0.062333047300000013	-0.0350211256	0.002574379	0.0302498251	-0.058638776	0.0484449	0.574044	0.435612	-0.00876389	-0.00788829	0.0092509	-0.0041450315	-0.0202041416	0.0537826909	-0.0435201469	-0.01877734	-0.0809191632	0.12743739999999984
-0.0808870481	0.06375015190000001	-0.037825915	0.0066877423	0.0253722709	-0.0539349624	0.044872699999999995	0.560296	0.423001	-0.00977125	-0.007466599999999999	0.00912526	-0.0044527067	0.0132739574	0.0340344223	-0.0228035364	-0.0143422073	0.0289663821	0.10766569999999992
-0.0812570796	0.0651314197	-0.040582864100000005	0.0107860698	0.0204055957	-0.0489583781	0.036364099999999996	0.5770489999999999	0.416412	-0.00932981	-0.00794134	0.00941367	-0.0008868769000000002	-0.027370887000000003	0.030538554300000006	-0.046567605	-0.0107063414	-0.0285372053	0.09208010000000012
-0.0816156912	0.0664760744	-0.043288486	0.0148601474	0.0153672451	-0.0437341916	0.02777	0.540798	0.41679399999999994	-0.00911908	-0.00815273	0.00970749	-0.0046505326	0.0408420123	-0.0147719361	-0.0260216306	0.0137770207	0.0755181332	0.08102409999999992
-0.0819628325	0.0677833598	-0.0459393588	0.0189008155	0.0102749165	-0.0382888237	0.0438715	0.5782970000000001	0.435007	-0.00952078	-0.007752969999999999	0.00915856	0.0068230685	-0.06114218940000001	0.0004085122	-0.0150114024	0.0464957384	0.0281853433	0.13933299999999996
-0.0822984546	0.06905254129999999	-0.0485321297	0.0228989897	0.0051464969	-0.0326498139	0.052618399999999996	0.559718	0.411337	-0.0091609	-0.00755426	0.00904566	0.0228301661	0.07082201469999999	0.006573024300000001	-0.0183187296	0.0057993839	0.0295217321	0.0845703999999998
-0.0826225104	0.0702829053	-0.0510635197	0.026845681	0.0	-0.026845681	0.062449800000000014	0.586873	0.417976	-0.00949356	-0.00788337	0.00904566	-0.009891814	-0.0129587518	0.028788988	-0.0565768858	-0.0251884341	-0.0447561071	0.07671389999999997
-0.08293495440000001	0.07147376009999999	-0.053530327	0.0307320162	-0.0051464969	-0.0209057786	0.053164499999999996	0.562059	0.394411	-0.008833209999999998	-0.00773024	0.00921409	-0.0218810163	-0.0066322111	0.0358114847	-0.0255055285	-0.0293534966	0.105749745	0.1067598
-0.0832357426	0.07262443639999999	-0.05592943190000002	0.0345492578	-0.0102749165	-0.0148601474	0.0530683	0.5906060000000001	0.393527	-0.00915387	-0.00822425	0.00967689	-0.0258340925	-0.0289210409	0.0195875209	-0.0915467902	-0.014885893	0.0025532466	0.09340070000000007
-0.0835248327	0.0737342873	-0.0582578	0.0382888237	-0.0153672451	-0.0087393624	0.0649562	0.600055	0.44418	-0.00974909	-0.008197569999999998	0.009475720000000005	-0.0315797555	0.0299485063	0.0196273053	-0.0185924098	0.0026922186	0.1103720235	0.11314340000000014
-0.0838021842	0.074802689	-0.0605124865	0.0419423064	-0.0204055957	-0.002574379	0.053235000000000005	0.558705	0.403873	-0.00947119	-0.00818079	0.00947571	0.0014461970000000002	-0.0344291176	-0.035837277	-0.0281342836	0.040959364	0.0247309594	0.10811269999999996
-0.0840677581	0.0758290407	-0.0626906399	0.0455014918	-0.0253722709	0.0036036241	0.047517699999999996	0.6079140000000001	0.430125	-0.010044299999999999	-0.00759253	0.00972983	0.0005166819	0.0586980059	0.0189841433	0.023363687200000004	0.0323170223	0.0434857515	0.15195279999999992
-0.084321517	0.0768127656	-0.06478950530000001	0.0489583781	-0.0302498251	0.0097634022	0.0252896	0.557014	0.40574499999999997	-0.00963379	-0.00806827	0.0105491	0.0338425412	-0.0404493943	-0.0904294732	-0.025211973	0.0499300768	-0.0448499579	0.1827841
-0.0845634253	0.0777533106	-0.0668064281	0.0523051931	-0.0350211256	0.0158738029	0.050099199999999997	0.609877	0.45438	-0.01027	-0.008459839999999998	0.0106959	-0.010973059	0.0269487513	0.0084544437	0.0511194609	0.0021802718	0.0130868286	0.18503659999999986
-0.08479344890000001	0.0786501471	-0.0687388576	0.0555344125	-0.0396694132	0.0219039234	0.0389783	0.557887	0.435303	-0.00930563	-0.00819676	0.0106959	0.0205899691	-0.0430615363	-0.1040613461	-0.015837216100000003	-0.0283467338	-0.0529387683	0.14356039999999987
-0.08501155560000001	0.0795027708	-0.0705843495	0.058638776	-0.0441783605	0.0278232669	0.0541862	0.6274270000000001	0.466587	-0.0101417	-0.00848829	0.0106959	-0.0099010149	0.0049163013	0.0874644594	0.0632857027	-0.0130764353	-0.0397320819	0.17241189999999987
-0.0852177147	0.08031070259999999	-0.0723405698	0.0616113044	-0.0485321297	0.0336018971	0.0395103	0.551521	0.432383	-0.00950767	-0.008332700000000002	0.010445900000000001	-0.0056388036	0.0387556032	-0.0299470996	-0.0282684304	0.0269324203	-0.07826724339999999	0.17676689999999992
-0.0854118973	0.0810734882	-0.0740052975	0.06444531440000001	-0.052715428	0.039210589	0.05789490000000001	0.5939770000000001	0.438195	-0.00986232	-0.008580499999999998	0.010445900000000001	-0.0047483425	-0.1015172489	0.0783109649	0.0803522552	0.06484780309999999	-0.0324824077	0.09677509999999998
-0.0855940759	0.0817906987	-0.07557642690000001	0.0671344347	-0.0567135615	0.0446209772	0.051674199999999997	0.577041	0.44809399999999994	-0.010079500000000002	-0.00833734	0.0103885	0.0135461075	0.1453717285	0.0017993127	0.0331273576	0.0658561517	-0.0252091996	0.0589426999999998
-0.0857642251	0.0824619312	-0.077051971	0.0696726192	-0.0605124865	0.0498056993	0.050486199999999995	0.576387	0.43398000000000003	-0.00935899	-0.008584329999999998	0.0106959	0.0131624245	-0.0570311968	-0.057829478	-0.0418220139	0.0568395346	-0.051685852699999986	0.079701
-0.0859223209	0.08308680809999999	-0.0784300636	0.0720541615	-0.0640988592	0.054738534000000005	0.0604999	0.6170399999999999	0.4684640000000001	-0.010101700000000002	-0.008339489999999998	0.010445900000000001	0.0156580994	0.0070742701	0.031907893300000004	0.0950079729	-0.0156866587	-0.0020121272	0.14702820000000008
-0.0860683411	0.0836649783	-0.07970896179999999	0.0742737074	-0.0674600824	0.0593945339	0.049284800000000004	0.576535	0.43591499999999994	-0.009547100000000001	-0.00850033	0.0106959	0.0222446137	-0.0348207707	-0.059923773	0.0067926446	-0.028224637	-0.0772474982	0.1325411000000001
-0.0862022651	0.0841961167	-0.0808870481	0.0763262666	-0.0705843495	0.06375015190000001	0.05876430000000001	0.606449	0.459405	-0.00999293	-0.00857741	0.010445900000000001	0.0061346378	-0.0106775544	0.051950828	0.1399173036	-0.0545712417	0.0014291073	0.10152900000000008
-0.0863240742	0.0846799248	-0.0819628325	0.0782072245	-0.0734606865	0.0677833598	0.052735300000000006	0.5401630000000001	0.410783	-0.00916503	-0.00851553	0.010743899999999999	0.0183939012	0.0301142097	-0.0749619777	0.0933985739	-0.0352195627	-0.0266742694	0.18032600000000026
-0.08643375130000001	0.08511613050000001	-0.08293495440000001	0.0799123522	-0.0760789902	0.07147376009999999	0.0707016	0.626784	0.4455810000000001	-0.010014200000000001	-0.00822216	0.0104927	0.0081410178	-0.0651244259	0.042418377400000006	0.08816446	0.0385848514	-0.0111772352	0.20907230000000007
-0.0865312808	0.08550448869999999	-0.0838021842	0.0814378161	-0.0784300636	0.074802689	0.0624409	0.571278	0.44543699999999997	-0.00943654	-0.00845701	0.010645300000000002	0.011631774199999998	0.07551812690000001	-0.0302494383	0.0308242918	0.0415256306	0.0144712093	0.11216619999999997
-0.08661664919999999	0.08584478109999999	-0.0845634253	0.0827801866	-0.08050564860000001	0.0777533106	0.06569080000000001	0.602124	0.44326499999999996	-0.00979375	-0.008641549999999998	0.0109565	0.0162671237	-0.0592866453	-0.0022286944	0.0159323125	0.0643968342	0.0244777413	0.07891540000000001
-0.0866898444	0.0861368163	-0.0852177147	0.0839364457	-0.0822984546	0.08031070259999999	0.0531369	0.571398	0.44054499999999996	-0.0095598	-0.00841421	0.0105875	0.0235204461	0.1068387118	-0.045953387000000005	0.019000191	0.0409230848	0.0402213601	0.08751439999999998
-0.0867508561	0.0863804302	-0.0857642251	0.0849039939	-0.0838021842	0.0824619312	0.052129199999999994	0.594853	0.442371	-0.00943029	-0.00841002	0.0111714	0.0220076664	-0.0713608525	-0.06639080230000001	-0.0422170484	0.0143461574	-0.0082113218	0.062168700000000014
-0.08679967570000001	0.0865754859	-0.0862022651	0.0856806557	-0.08501155560000001	0.0841961167	0.0508164	0.598468	0.461793	-0.009750590000000005	-0.00866155	0.0110435	0.0046568905	0.0447985489	-0.0089918226	0.0362945015	-0.0390606901	0.0460583305	0.059336300000000085
-0.08683629650000001	0.0867218737	-0.0865312808	0.0862646851	-0.0859223209	0.08550448869999999	0.031194799999999998	0.579074	0.435271	-0.00916203	-0.00904685	0.011606300000000005	0.0141427397	-0.0551559719	-0.0806778174	-0.0362109367	-0.0305864554	-0.0399500621	0.1423706
-0.08686071320000001	0.08681951130000001	-0.0867508561	0.0866547691	-0.0865312808	0.0863804302	0.0223064	0.607025	0.45929899999999996	-0.00864687	-0.00929343	0.012171600000000001	0.0032875538	0.045108142	0.0158535267	0.0327329957	-0.0298441406	0.0365616456	0.12721940000000004
-0.0868729224	0.08686834380000001	-0.08686071320000001	0.0868500306	-0.08683629650000001	0.08681951130000001	0.035846699999999995	0.535671	0.309743	-0.00653096	-0.008302999999999998	0.0107687	-0.0232714703	-0.0427782209	-0.0287313628	-0.17181260899999998	0.0654765359	-0.0364828845	0.45991229999999994
